{
 "type": "FeatureCollection",
 "dataset": "OpenPianos",
 "license": "CC0-1.0",
 "url": "https://openpianos.net",
 "generated": "2026-08-27T15:30:33.538Z",
 "count": 757,
 "features": [
  {
   "type": "Feature",
   "geometry": {
    "type": "Point",
    "coordinates": [
     3.21453,
     36.69389
    ]
   },
   "properties": {
    "id": "q5k0jb",
    "name": "Houari Boumediene Airport",
    "city": "Algiers",
    "region": "Algiers",
    "country": "Algeria",
    "access": "public",
    "status": "active",
    "notes": "There is a piano in Terminal 1.",
    "sources": [
     {
      "source": "airportpianos",
      "ref": "ALG"
     }
    ],
    "url": "https://openpianos.net/piano/q5k0jb",
    "created_at": "2026-08-26T19:23:51.453Z",
    "updated_at": "2026-08-26T19:23:51.453Z",
    "last_verified_at": null
   }
  },
  {
   "type": "Feature",
   "geometry": {
    "type": "Point",
    "coordinates": [
     138.53339,
     -34.94751
    ]
   },
   "properties": {
    "id": "576sfe",
    "name": "Adelaide Airport",
    "city": "Adelaide",
    "region": "Adelaide",
    "country": "Australia",
    "access": "public",
    "status": "active",
    "notes": "location: Terminal 1\nAdelaide Airport has a piano in Terminal 1, after security.",
    "sources": [
     {
      "source": "airportpianos",
      "ref": "ADL"
     }
    ],
    "url": "https://openpianos.net/piano/576sfe",
    "created_at": "2026-08-26T19:23:51.453Z",
    "updated_at": "2026-08-26T19:23:51.453Z",
    "last_verified_at": null
   }
  },
  {
   "type": "Feature",
   "geometry": {
    "type": "Point",
    "coordinates": [
     138.62667,
     -34.94674
    ]
   },
   "properties": {
    "id": "859p72",
    "name": "Main Avenue",
    "city": "Adelaide",
    "region": "South Australia",
    "country": "Australia",
    "access": "public",
    "status": "active",
    "notes": "Not sure if your allowed to play, has some turner & sons piano makers cards on top.",
    "sources": [
     {
      "source": "pianos.pub",
      "ref": "r1f94w0"
     }
    ],
    "url": "https://openpianos.net/piano/859p72",
    "created_at": "2026-08-27T15:23:34.036Z",
    "updated_at": "2026-08-27T15:23:34.036Z",
    "last_verified_at": null
   }
  },
  {
   "type": "Feature",
   "geometry": {
    "type": "Point",
    "coordinates": [
     138.62854,
     -34.91122
    ]
   },
   "properties": {
    "id": "ksegrs",
    "name": "Nelson Street",
    "city": "Adelaide",
    "region": "South Australia",
    "country": "Australia",
    "access": "public",
    "status": "active",
    "sources": [
     {
      "source": "pianos.pub",
      "ref": "r1f96sd"
     }
    ],
    "url": "https://openpianos.net/piano/ksegrs",
    "created_at": "2026-08-27T15:23:34.036Z",
    "updated_at": "2026-08-27T15:23:34.036Z",
    "last_verified_at": null
   }
  },
  {
   "type": "Feature",
   "geometry": {
    "type": "Point",
    "coordinates": [
     138.60802,
     -34.95311
    ]
   },
   "properties": {
    "id": "vbedk3",
    "name": "Public Library",
    "city": "Adelaide",
    "region": "South Australia",
    "country": "Australia",
    "access": "public",
    "status": "active",
    "notes": "Indoors inside library, must be an accomplished player to be allowed to play",
    "sources": [
     {
      "source": "pianos.pub",
      "ref": "r1f94hg"
     }
    ],
    "url": "https://openpianos.net/piano/vbedk3",
    "created_at": "2026-08-27T15:23:34.036Z",
    "updated_at": "2026-08-27T15:23:34.036Z",
    "last_verified_at": null
   }
  },
  {
   "type": "Feature",
   "geometry": {
    "type": "Point",
    "coordinates": [
     138.64319,
     -34.93808
    ]
   },
   "properties": {
    "id": "2rwgyv",
    "name": "RAA Charge",
    "city": "Adelaide",
    "region": "South Australia",
    "country": "Australia",
    "access": "public",
    "status": "active",
    "notes": "Outside library were children's playground, under roof cover",
    "sources": [
     {
      "source": "pianos.pub",
      "ref": "r1f94zs"
     }
    ],
    "url": "https://openpianos.net/piano/2rwgyv",
    "created_at": "2026-08-27T15:23:34.036Z",
    "updated_at": "2026-08-27T15:23:34.036Z",
    "last_verified_at": null
   }
  },
  {
   "type": "Feature",
   "geometry": {
    "type": "Point",
    "coordinates": [
     144.8379,
     -37.67073
    ]
   },
   "properties": {
    "id": "y45fss",
    "name": "Melbourne International Airport",
    "city": "Melbourne",
    "region": "Melbourne",
    "country": "Australia",
    "access": "public",
    "status": "active",
    "notes": "There is a piano at Melbourne International Airport in Terminal 1 at Gate 15.",
    "sources": [
     {
      "source": "airportpianos",
      "ref": "MEL"
     }
    ],
    "url": "https://openpianos.net/piano/y45fss",
    "created_at": "2026-08-26T19:23:51.453Z",
    "updated_at": "2026-08-26T19:23:51.453Z",
    "last_verified_at": null
   }
  },
  {
   "type": "Feature",
   "geometry": {
    "type": "Point",
    "coordinates": [
     150.69534,
     -34.05397
    ]
   },
   "properties": {
    "id": "5fzsxm",
    "name": "John Street",
    "city": "Sydney",
    "region": "New South Wales",
    "country": "Australia",
    "access": "public",
    "status": "active",
    "notes": "Kawai upright place on the verandah of Macaria. The piano has been painted by D’Harawal artist, Michael Fardon.",
    "sources": [
     {
      "source": "pianos.pub",
      "ref": "r3gnm0t"
     }
    ],
    "url": "https://openpianos.net/piano/5fzsxm",
    "created_at": "2026-08-27T15:23:41.509Z",
    "updated_at": "2026-08-27T15:23:41.509Z",
    "last_verified_at": null
   }
  },
  {
   "type": "Feature",
   "geometry": {
    "type": "Point",
    "coordinates": [
     146.92651,
     -43.16469
    ]
   },
   "properties": {
    "id": "jk6jcm",
    "name": "Brady Street",
    "region": "Tasmania",
    "country": "Australia",
    "access": "public",
    "status": "active",
    "notes": "Free to use, public encouraged. Available during open hours only.",
    "sources": [
     {
      "source": "pianos.pub",
      "ref": "r226rqh"
     }
    ],
    "url": "https://openpianos.net/piano/jk6jcm",
    "created_at": "2026-08-27T15:23:34.036Z",
    "updated_at": "2026-08-27T15:23:34.036Z",
    "last_verified_at": null
   }
  },
  {
   "type": "Feature",
   "geometry": {
    "type": "Point",
    "coordinates": [
     149.1394,
     -35.24986
    ]
   },
   "properties": {
    "id": "pwya5g",
    "name": "Dickson Library",
    "country": "Australia",
    "access": "public",
    "status": "active",
    "sources": [
     {
      "source": "pianos.pub",
      "ref": "r3dp3yb"
     }
    ],
    "url": "https://openpianos.net/piano/pwya5g",
    "created_at": "2026-08-27T15:23:41.509Z",
    "updated_at": "2026-08-27T15:23:41.509Z",
    "last_verified_at": null
   }
  },
  {
   "type": "Feature",
   "geometry": {
    "type": "Point",
    "coordinates": [
     138.31814,
     -35.44675
    ]
   },
   "properties": {
    "id": "mgaqat",
    "name": "Foodland",
    "region": "South Australia",
    "country": "Australia",
    "access": "public",
    "status": "active",
    "sources": [
     {
      "source": "pianos.pub",
      "ref": "r1dq7e0"
     }
    ],
    "url": "https://openpianos.net/piano/mgaqat",
    "created_at": "2026-08-27T15:23:41.509Z",
    "updated_at": "2026-08-27T15:23:41.509Z",
    "last_verified_at": null
   }
  },
  {
   "type": "Feature",
   "geometry": {
    "type": "Point",
    "coordinates": [
     148.66128,
     -33.56664
    ]
   },
   "properties": {
    "id": "gewm2k",
    "name": "Gaskill Street",
    "region": "New South Wales",
    "country": "Australia",
    "access": "public",
    "status": "active",
    "notes": "The business is open Thursday to Monday 8.30 to 4.30. Closed Tuesday and Wednesday",
    "sources": [
     {
      "source": "pianos.pub",
      "ref": "r619nc7"
     }
    ],
    "url": "https://openpianos.net/piano/gewm2k",
    "created_at": "2026-08-27T15:23:41.509Z",
    "updated_at": "2026-08-27T15:23:41.509Z",
    "last_verified_at": null
   }
  },
  {
   "type": "Feature",
   "geometry": {
    "type": "Point",
    "coordinates": [
     153.0294,
     -27.47805
    ]
   },
   "properties": {
    "id": "zvc9t9",
    "name": "Lady Bowen Lane",
    "region": "Queensland",
    "country": "Australia",
    "access": "public",
    "status": "active",
    "notes": "Next to the swimming pool room",
    "sources": [
     {
      "source": "pianos.pub",
      "ref": "r7hgdmb"
     }
    ],
    "url": "https://openpianos.net/piano/zvc9t9",
    "created_at": "2026-08-27T15:23:46.777Z",
    "updated_at": "2026-08-27T15:23:46.777Z",
    "last_verified_at": null
   }
  },
  {
   "type": "Feature",
   "geometry": {
    "type": "Point",
    "coordinates": [
     146.32104,
     -41.38059
    ]
   },
   "properties": {
    "id": "4ztpmh",
    "name": "Main Street",
    "region": "Tasmania",
    "country": "Australia",
    "access": "public",
    "status": "active",
    "sources": [
     {
      "source": "pianos.pub",
      "ref": "r28h9dg"
     }
    ],
    "url": "https://openpianos.net/piano/4ztpmh",
    "created_at": "2026-08-27T15:23:46.777Z",
    "updated_at": "2026-08-27T15:23:46.777Z",
    "last_verified_at": null
   }
  },
  {
   "type": "Feature",
   "geometry": {
    "type": "Point",
    "coordinates": [
     115.83447,
     -32.06698
    ]
   },
   "properties": {
    "id": "p76jyn",
    "name": "Murdoch University",
    "region": "Western Australia",
    "country": "Australia",
    "access": "public",
    "status": "active",
    "notes": "In a covered breezeway heading south-west out of Bush Court towards building 460. Provided by The Den, Murdoch's student well-being hub.",
    "sources": [
     {
      "source": "pianos.pub",
      "ref": "qd63efk"
     }
    ],
    "url": "https://openpianos.net/piano/p76jyn",
    "created_at": "2026-08-27T15:23:41.509Z",
    "updated_at": "2026-08-27T15:23:41.509Z",
    "last_verified_at": null
   }
  },
  {
   "type": "Feature",
   "geometry": {
    "type": "Point",
    "coordinates": [
     148.91112,
     -34.84187
    ]
   },
   "properties": {
    "id": "71mcfk",
    "name": "Priceline Pharmacy",
    "region": "New South Wales",
    "country": "Australia",
    "access": "public",
    "status": "active",
    "notes": "not necessarily \"public\", but tucked away behind the stage. i've never been busted for playing it, hopefully neither will you. risk it for the biscuit.",
    "sources": [
     {
      "source": "pianos.pub",
      "ref": "r3ccu91"
     }
    ],
    "url": "https://openpianos.net/piano/71mcfk",
    "created_at": "2026-08-27T15:23:41.509Z",
    "updated_at": "2026-08-27T15:23:41.509Z",
    "last_verified_at": null
   }
  },
  {
   "type": "Feature",
   "geometry": {
    "type": "Point",
    "coordinates": [
     146.82206,
     -41.10861
    ]
   },
   "properties": {
    "id": "5g2zmx",
    "name": "Zenith Distillery",
    "region": "Tasmania",
    "country": "Australia",
    "access": "public",
    "status": "active",
    "notes": "Dining Room\r\nOpen from Midday",
    "sources": [
     {
      "source": "pianos.pub",
      "ref": "r28qjh2"
     }
    ],
    "url": "https://openpianos.net/piano/5g2zmx",
    "created_at": "2026-08-27T15:23:41.509Z",
    "updated_at": "2026-08-27T15:23:41.509Z",
    "last_verified_at": null
   }
  },
  {
   "type": "Feature",
   "geometry": {
    "type": "Point",
    "coordinates": [
     50.05093,
     40.47278
    ]
   },
   "properties": {
    "id": "dfvc73",
    "name": "Heydar Aliyev International Airport",
    "city": "Şimal",
    "region": "Şimal",
    "country": "Azerbaijan",
    "access": "public",
    "status": "active",
    "notes": "Heydar Aliyev International Airport has a piano. After passing through security, you'll find a small café — the piano is located inside it.",
    "sources": [
     {
      "source": "airportpianos",
      "ref": "GYD"
     }
    ],
    "url": "https://openpianos.net/piano/dfvc73",
    "created_at": "2026-08-26T19:23:51.453Z",
    "updated_at": "2026-08-26T19:23:51.453Z",
    "last_verified_at": null
   }
  },
  {
   "type": "Feature",
   "geometry": {
    "type": "Point",
    "coordinates": [
     4.48444,
     50.9014
    ]
   },
   "properties": {
    "id": "hsgwsp",
    "name": "Brussels Airport",
    "city": "Brussels",
    "region": "Brussels-Capital Region",
    "country": "Belgium",
    "access": "public",
    "status": "active",
    "notes": "location: Terminal B, before gate B01\nThere is a piano available before gate B01 in Terminal B and in Terminal 1 after security as of January 2026.",
    "sources": [
     {
      "source": "airportpianos",
      "ref": "BRU"
     }
    ],
    "url": "https://openpianos.net/piano/hsgwsp",
    "created_at": "2026-08-26T19:23:51.453Z",
    "updated_at": "2026-08-26T19:23:51.453Z",
    "last_verified_at": null
   }
  },
  {
   "type": "Feature",
   "geometry": {
    "type": "Point",
    "coordinates": [
     4.3369,
     50.8354
    ]
   },
   "properties": {
    "id": "brussels-midi",
    "name": "Brussels-Midi station",
    "city": "Brussels",
    "country": "Belgium",
    "access": "public",
    "status": "active",
    "notes": "Reported GONE on 1 Aug 2026 — the missing piano that started this site. Rotating NMBS/Maene piano may return.",
    "sources": [
     {
      "source": "pianos.pub",
      "ref": "93112872"
     }
    ],
    "url": "https://openpianos.net/piano/brussels-midi",
    "created_at": "2026-08-20T22:52:40.553Z",
    "updated_at": "2026-08-20T22:52:40.553Z",
    "last_verified_at": "2020-02-05T08:49:28.000Z"
   }
  },
  {
   "type": "Feature",
   "geometry": {
    "type": "Point",
    "coordinates": [
     4.45956,
     50.46196
    ]
   },
   "properties": {
    "id": "7mnpj9",
    "name": "Brussels South Charleroi Airport",
    "city": "Charleroi",
    "region": "Wallonia",
    "country": "Belgium",
    "access": "public",
    "status": "active",
    "notes": "location: Terminal 1\nA piano used to be available in Terminal 1 after security check but as of November 2025 is no longer available.",
    "sources": [
     {
      "source": "airportpianos",
      "ref": "CRL"
     }
    ],
    "url": "https://openpianos.net/piano/7mnpj9",
    "created_at": "2026-08-26T19:23:51.453Z",
    "updated_at": "2026-08-26T19:23:51.453Z",
    "last_verified_at": null
   }
  },
  {
   "type": "Feature",
   "geometry": {
    "type": "Point",
    "coordinates": [
     4.35722,
     50.84553
    ]
   },
   "properties": {
    "id": "r9jp9p",
    "name": "Carrefour de l'Europe - Europakruispunt",
    "city": "Bruxelles - Brussel",
    "country": "België / Belgique / Belgien",
    "access": "public",
    "status": "active",
    "sources": [
     {
      "source": "pianos.pub",
      "ref": "u15170h"
     }
    ],
    "url": "https://openpianos.net/piano/r9jp9p",
    "created_at": "2026-08-27T15:23:34.036Z",
    "updated_at": "2026-08-27T15:23:34.036Z",
    "last_verified_at": null
   }
  },
  {
   "type": "Feature",
   "geometry": {
    "type": "Point",
    "coordinates": [
     3.29274,
     50.80666
    ]
   },
   "properties": {
    "id": "4df99e",
    "name": "KU Leuven Kulak",
    "city": "Kortrijk",
    "region": "West-Vlaanderen",
    "country": "België / Belgique / Belgien",
    "access": "public",
    "status": "active",
    "sources": [
     {
      "source": "pianos.pub",
      "ref": "u1434cj"
     }
    ],
    "url": "https://openpianos.net/piano/4df99e",
    "created_at": "2026-08-27T15:23:43.390Z",
    "updated_at": "2026-08-27T15:23:43.390Z",
    "last_verified_at": null
   }
  },
  {
   "type": "Feature",
   "geometry": {
    "type": "Point",
    "coordinates": [
     4.43693,
     50.84584
    ]
   },
   "properties": {
    "id": "6t1zfs",
    "name": "A.S.Adventure",
    "country": "België / Belgique / Belgien",
    "access": "public",
    "status": "active",
    "sources": [
     {
      "source": "pianos.pub",
      "ref": "u151kbn"
     }
    ],
    "url": "https://openpianos.net/piano/6t1zfs",
    "created_at": "2026-08-27T15:23:34.036Z",
    "updated_at": "2026-08-27T15:23:34.036Z",
    "last_verified_at": null
   }
  },
  {
   "type": "Feature",
   "geometry": {
    "type": "Point",
    "coordinates": [
     -46.54377,
     -23.09428
    ]
   },
   "properties": {
    "id": "jvwb4e",
    "name": "FAAT",
    "city": "Atibaia",
    "region": "São Paulo",
    "country": "Brasil",
    "access": "public",
    "status": "active",
    "notes": "Piano localizado em uma faculdade privada, então não é qualquer um que pode tocar lá.",
    "sources": [
     {
      "source": "pianos.pub",
      "ref": "6gyusgg"
     }
    ],
    "url": "https://openpianos.net/piano/jvwb4e",
    "created_at": "2026-08-27T15:23:39.731Z",
    "updated_at": "2026-08-27T15:23:39.731Z",
    "last_verified_at": null
   }
  },
  {
   "type": "Feature",
   "geometry": {
    "type": "Point",
    "coordinates": [
     -54.5968,
     -20.4666
    ]
   },
   "properties": {
    "id": "30fh37",
    "name": "Comper Itanhangá",
    "city": "Campo Grande",
    "region": "Mato Grosso do Sul",
    "country": "Brasil",
    "access": "public",
    "status": "active",
    "sources": [
     {
      "source": "pianos.pub",
      "ref": "6u35td5"
     }
    ],
    "url": "https://openpianos.net/piano/30fh37",
    "created_at": "2026-08-27T15:23:39.731Z",
    "updated_at": "2026-08-27T15:23:39.731Z",
    "last_verified_at": null
   }
  },
  {
   "type": "Feature",
   "geometry": {
    "type": "Point",
    "coordinates": [
     -49.28173,
     -25.43879
    ]
   },
   "properties": {
    "id": "7wn40m",
    "name": "Crystal Plaza Shopping",
    "city": "Curitiba",
    "region": "Paraná",
    "country": "Brasil",
    "access": "public",
    "status": "active",
    "notes": "Shopping Crystal, Second floor, grand piano Essenfelder",
    "sources": [
     {
      "source": "pianos.pub",
      "ref": "6gkzq94"
     }
    ],
    "url": "https://openpianos.net/piano/7wn40m",
    "created_at": "2026-08-27T15:23:39.731Z",
    "updated_at": "2026-08-27T15:23:39.731Z",
    "last_verified_at": null
   }
  },
  {
   "type": "Feature",
   "geometry": {
    "type": "Point",
    "coordinates": [
     -48.49882,
     -27.55381
    ]
   },
   "properties": {
    "id": "rfbezv",
    "name": "Floripa Shopping",
    "city": "Florianópolis",
    "region": "Santa Catarina",
    "country": "Brasil",
    "access": "public",
    "status": "active",
    "notes": "Ask the security to open the piano",
    "sources": [
     {
      "source": "pianos.pub",
      "ref": "6gje0ru"
     }
    ],
    "url": "https://openpianos.net/piano/rfbezv",
    "created_at": "2026-08-27T15:23:39.731Z",
    "updated_at": "2026-08-27T15:23:39.731Z",
    "last_verified_at": null
   }
  },
  {
   "type": "Feature",
   "geometry": {
    "type": "Point",
    "coordinates": [
     -46.72158,
     -23.55072
    ]
   },
   "properties": {
    "id": "zh6mmp",
    "name": "Shopping Villa Lobos",
    "city": "São Paulo",
    "region": "São Paulo",
    "country": "Brasil",
    "access": "public",
    "status": "active",
    "sources": [
     {
      "source": "pianos.pub",
      "ref": "6gyf0bd"
     }
    ],
    "url": "https://openpianos.net/piano/zh6mmp",
    "created_at": "2026-08-27T15:23:39.731Z",
    "updated_at": "2026-08-27T15:23:39.731Z",
    "last_verified_at": null
   }
  },
  {
   "type": "Feature",
   "geometry": {
    "type": "Point",
    "coordinates": [
     -46.81301,
     -23.82992
    ]
   },
   "properties": {
    "id": "by48tz",
    "name": "Posto Central",
    "region": "São Paulo",
    "country": "Brasil",
    "access": "public",
    "status": "active",
    "sources": [
     {
      "source": "pianos.pub",
      "ref": "6gy8qtz"
     }
    ],
    "url": "https://openpianos.net/piano/by48tz",
    "created_at": "2026-08-27T15:23:39.731Z",
    "updated_at": "2026-08-27T15:23:39.731Z",
    "last_verified_at": null
   }
  },
  {
   "type": "Feature",
   "geometry": {
    "type": "Point",
    "coordinates": [
     -79.74275,
     43.74715
    ]
   },
   "properties": {
    "id": "rt9f8v",
    "name": "Brampton Civic Hospital",
    "city": "Brampton",
    "region": "Ontario",
    "country": "Canada",
    "access": "public",
    "status": "active",
    "sources": [
     {
      "source": "pianos.pub",
      "ref": "dpz2c7v"
     }
    ],
    "url": "https://openpianos.net/piano/rt9f8v",
    "created_at": "2026-08-27T15:23:34.036Z",
    "updated_at": "2026-08-27T15:23:34.036Z",
    "last_verified_at": null
   }
  },
  {
   "type": "Feature",
   "geometry": {
    "type": "Point",
    "coordinates": [
     -114.00993,
     51.11882
    ]
   },
   "properties": {
    "id": "khrqb2",
    "name": "Calgary International Airport",
    "city": "Calgary",
    "region": "Alberta",
    "country": "Canada",
    "access": "public",
    "status": "active",
    "notes": "location: Departures\nGate D, in the intersection between the D80-D97 hallway and the D72+ hallway.",
    "sources": [
     {
      "source": "airportpianos",
      "ref": "YYC"
     }
    ],
    "url": "https://openpianos.net/piano/khrqb2",
    "created_at": "2026-08-26T19:23:53.637Z",
    "updated_at": "2026-08-26T19:23:53.637Z",
    "last_verified_at": null
   }
  },
  {
   "type": "Feature",
   "geometry": {
    "type": "Point",
    "coordinates": [
     -114.05297,
     51.04457
    ]
   },
   "properties": {
    "id": "jxj8pm",
    "name": "National Music Centre",
    "city": "Calgary",
    "region": "Alberta",
    "country": "Canada",
    "access": "public",
    "status": "active",
    "notes": "As of this submission time, there are currently two: a red one shaped like a speedboat, and a silver Seiler in an adjacent room. Obey the signs; do not play if you find the key lid closed. Security appears to be fairly lenient, provided you ask beforehand. Available from 10 to 5 each day, excepting special hours. Unknown how long these will remain.",
    "sources": [
     {
      "source": "pianos.pub",
      "ref": "c3nfksm"
     }
    ],
    "url": "https://openpianos.net/piano/jxj8pm",
    "created_at": "2026-08-27T15:23:34.036Z",
    "updated_at": "2026-08-27T15:23:34.036Z",
    "last_verified_at": null
   }
  },
  {
   "type": "Feature",
   "geometry": {
    "type": "Point",
    "coordinates": [
     -73.74229,
     45.46784
    ]
   },
   "properties": {
    "id": "dn5m21",
    "name": "Montréal-Trudeau International Airport",
    "city": "Dorval",
    "region": "Quebec",
    "country": "Canada",
    "access": "public",
    "status": "active",
    "notes": "location: Departure gate\nYUL airport has a piano between Gate 53 and Gate 64 (international area), and a Kawai public piano adjacent to Gate 82 in the US Transborder area.",
    "sources": [
     {
      "source": "airportpianos",
      "ref": "YUL"
     }
    ],
    "url": "https://openpianos.net/piano/dn5m21",
    "created_at": "2026-08-26T19:23:53.637Z",
    "updated_at": "2026-08-26T19:23:53.637Z",
    "last_verified_at": null
   }
  },
  {
   "type": "Feature",
   "geometry": {
    "type": "Point",
    "coordinates": [
     -113.5271,
     53.52524
    ]
   },
   "properties": {
    "id": "2v0zsk",
    "name": "Submart",
    "city": "Edmonton",
    "region": "Alberta",
    "country": "Canada",
    "access": "public",
    "status": "active",
    "sources": [
     {
      "source": "pianos.pub",
      "ref": "c3x22xu"
     }
    ],
    "url": "https://openpianos.net/piano/2v0zsk",
    "created_at": "2026-08-27T15:23:39.731Z",
    "updated_at": "2026-08-27T15:23:39.731Z",
    "last_verified_at": null
   }
  },
  {
   "type": "Feature",
   "geometry": {
    "type": "Point",
    "coordinates": [
     -123.24935,
     49.26639
    ]
   },
   "properties": {
    "id": "7kmnr7",
    "name": "University of British Columbia",
    "city": "Electoral Area A",
    "region": "British Columbia",
    "country": "Canada",
    "access": "public",
    "status": "active",
    "sources": [
     {
      "source": "pianos.pub",
      "ref": "c2b272s"
     }
    ],
    "url": "https://openpianos.net/piano/7kmnr7",
    "created_at": "2026-08-27T15:23:39.731Z",
    "updated_at": "2026-08-27T15:23:39.731Z",
    "last_verified_at": null
   }
  },
  {
   "type": "Feature",
   "geometry": {
    "type": "Point",
    "coordinates": [
     -71.17054,
     46.79655
    ]
   },
   "properties": {
    "id": "3f1sw4",
    "name": "Renaud-Bray",
    "city": "Lévis",
    "region": "Québec",
    "country": "Canada",
    "access": "public",
    "status": "active",
    "sources": [
     {
      "source": "pianos.pub",
      "ref": "f2m6hrp"
     }
    ],
    "url": "https://openpianos.net/piano/3f1sw4",
    "created_at": "2026-08-27T15:23:34.036Z",
    "updated_at": "2026-08-27T15:23:34.036Z",
    "last_verified_at": null
   }
  },
  {
   "type": "Feature",
   "geometry": {
    "type": "Point",
    "coordinates": [
     -79.62032,
     43.68306
    ]
   },
   "properties": {
    "id": "k6p7wk",
    "name": "Bally",
    "city": "Mississauga",
    "region": "Ontario",
    "country": "Canada",
    "access": "public",
    "status": "active",
    "notes": "Located near the Paramount Fine Foods. Previously in Terminal 1, relocated to current spot in Terminal 3.",
    "sources": [
     {
      "source": "pianos.pub",
      "ref": "dpz2s0q"
     }
    ],
    "url": "https://openpianos.net/piano/k6p7wk",
    "created_at": "2026-08-27T15:23:34.036Z",
    "updated_at": "2026-08-27T15:23:34.036Z",
    "last_verified_at": null
   }
  },
  {
   "type": "Feature",
   "geometry": {
    "type": "Point",
    "coordinates": [
     -79.61482,
     43.68186
    ]
   },
   "properties": {
    "id": "m31y4y",
    "name": "Mill St Brewery",
    "city": "Mississauga",
    "region": "Ontario",
    "country": "Canada",
    "access": "public",
    "status": "active",
    "sources": [
     {
      "source": "pianos.pub",
      "ref": "dpz2s24"
     }
    ],
    "url": "https://openpianos.net/piano/m31y4y",
    "created_at": "2026-08-27T15:23:39.731Z",
    "updated_at": "2026-08-27T15:23:39.731Z",
    "last_verified_at": null
   }
  },
  {
   "type": "Feature",
   "geometry": {
    "type": "Point",
    "coordinates": [
     -71.3933,
     46.7911
    ]
   },
   "properties": {
    "id": "y0n6m1",
    "name": "Québec City Jean Lesage International Airport",
    "city": "Québec",
    "region": "Québec",
    "country": "Canada",
    "access": "public",
    "status": "active",
    "notes": "There is a piano in Québec City airport. The last reported location was the area around Gate 30.",
    "sources": [
     {
      "source": "airportpianos",
      "ref": "YQB"
     }
    ],
    "url": "https://openpianos.net/piano/y0n6m1",
    "created_at": "2026-08-26T19:23:53.637Z",
    "updated_at": "2026-08-26T19:23:53.637Z",
    "last_verified_at": null
   }
  },
  {
   "type": "Feature",
   "geometry": {
    "type": "Point",
    "coordinates": [
     -123.18557,
     49.12502
    ]
   },
   "properties": {
    "id": "c4qncs",
    "name": "Steveston Pizza Co.",
    "city": "Richmond",
    "region": "British Columbia",
    "country": "Canada",
    "access": "public",
    "status": "active",
    "sources": [
     {
      "source": "pianos.pub",
      "ref": "c28rkyg"
     }
    ],
    "url": "https://openpianos.net/piano/c4qncs",
    "created_at": "2026-08-27T15:23:39.731Z",
    "updated_at": "2026-08-27T15:23:39.731Z",
    "last_verified_at": null
   }
  },
  {
   "type": "Feature",
   "geometry": {
    "type": "Point",
    "coordinates": [
     -79.25001,
     43.70723
    ]
   },
   "properties": {
    "id": "mw263d",
    "name": "Banglazabar Supermarket",
    "city": "Toronto",
    "region": "Ontario",
    "country": "Canada",
    "access": "public",
    "status": "active",
    "notes": "Upright piano.  A bit out of tune but playable.",
    "sources": [
     {
      "source": "pianos.pub",
      "ref": "dpz8sse"
     }
    ],
    "url": "https://openpianos.net/piano/mw263d",
    "created_at": "2026-08-27T15:23:34.036Z",
    "updated_at": "2026-08-27T15:23:34.036Z",
    "last_verified_at": null
   }
  },
  {
   "type": "Feature",
   "geometry": {
    "type": "Point",
    "coordinates": [
     -79.42044,
     43.6637
    ]
   },
   "properties": {
    "id": "sb65bz",
    "name": "Bloor Street West",
    "city": "Toronto",
    "region": "Ontario",
    "country": "Canada",
    "access": "public",
    "status": "active",
    "notes": "Sometimes it’s taken down for repairs. Lots of destructive people in this city.",
    "sources": [
     {
      "source": "pianos.pub",
      "ref": "dpz82sx"
     }
    ],
    "url": "https://openpianos.net/piano/sb65bz",
    "created_at": "2026-08-27T15:23:39.731Z",
    "updated_at": "2026-08-27T15:23:39.731Z",
    "last_verified_at": null
   }
  },
  {
   "type": "Feature",
   "geometry": {
    "type": "Point",
    "coordinates": [
     -79.51492,
     43.70178
    ]
   },
   "properties": {
    "id": "3ek7ts",
    "name": "Canada Post",
    "city": "Toronto",
    "region": "Ontario",
    "country": "Canada",
    "access": "public",
    "status": "active",
    "notes": "Nice piano in a cute cafe!",
    "sources": [
     {
      "source": "pianos.pub",
      "ref": "dpz2wee"
     }
    ],
    "url": "https://openpianos.net/piano/3ek7ts",
    "created_at": "2026-08-27T15:23:39.731Z",
    "updated_at": "2026-08-27T15:23:39.731Z",
    "last_verified_at": null
   }
  },
  {
   "type": "Feature",
   "geometry": {
    "type": "Point",
    "coordinates": [
     -79.41558,
     43.68406
    ]
   },
   "properties": {
    "id": "kfv9w0",
    "name": "Loblaws",
    "city": "Toronto",
    "region": "Ontario",
    "country": "Canada",
    "access": "public",
    "status": "active",
    "sources": [
     {
      "source": "pianos.pub",
      "ref": "dpz88b7"
     }
    ],
    "url": "https://openpianos.net/piano/kfv9w0",
    "created_at": "2026-08-27T15:23:39.731Z",
    "updated_at": "2026-08-27T15:23:39.731Z",
    "last_verified_at": null
   }
  },
  {
   "type": "Feature",
   "geometry": {
    "type": "Point",
    "coordinates": [
     -79.3889,
     43.66936
    ]
   },
   "properties": {
    "id": "ke9gja",
    "name": "Manulife Centre",
    "city": "Toronto",
    "region": "Ontario",
    "country": "Canada",
    "access": "public",
    "status": "active",
    "notes": "Grand Kawai in tune.",
    "sources": [
     {
      "source": "pianos.pub",
      "ref": "dpz83my"
     }
    ],
    "url": "https://openpianos.net/piano/ke9gja",
    "created_at": "2026-08-27T15:23:39.731Z",
    "updated_at": "2026-08-27T15:23:39.731Z",
    "last_verified_at": null
   }
  },
  {
   "type": "Feature",
   "geometry": {
    "type": "Point",
    "coordinates": [
     -79.62942,
     43.67594
    ]
   },
   "properties": {
    "id": "5tvdcv",
    "name": "Toronto Pearson International Airport",
    "city": "Toronto",
    "region": "Ontario",
    "country": "Canada",
    "access": "public",
    "status": "active",
    "notes": "location: Terminal 3, Gate C30\nToronto Pearson International Airpot has a piano available for public use at Terminal 3, Gate C30. An upright piano was previously available for public use in Toronto Pearson Airport Terminal 1 at Gate D20, but it is longer availble as of August 2025.",
    "sources": [
     {
      "source": "airportpianos",
      "ref": "YYZ"
     }
    ],
    "url": "https://openpianos.net/piano/5tvdcv",
    "created_at": "2026-08-26T19:23:53.637Z",
    "updated_at": "2026-08-26T19:23:53.637Z",
    "last_verified_at": null
   }
  },
  {
   "type": "Feature",
   "geometry": {
    "type": "Point",
    "coordinates": [
     -123.11526,
     49.27096
    ]
   },
   "properties": {
    "id": "26b8p9",
    "name": "Husain Rahim Plaza",
    "city": "Vancouver",
    "region": "British Columbia",
    "country": "Canada",
    "access": "public",
    "status": "active",
    "notes": "No piano in Spyglass place for summer 2025",
    "sources": [
     {
      "source": "pianos.pub",
      "ref": "c2b2q3w"
     }
    ],
    "url": "https://openpianos.net/piano/26b8p9",
    "created_at": "2026-08-27T15:23:39.731Z",
    "updated_at": "2026-08-27T15:23:39.731Z",
    "last_verified_at": null
   }
  },
  {
   "type": "Feature",
   "geometry": {
    "type": "Point",
    "coordinates": [
     -80.52706,
     43.46453
    ]
   },
   "properties": {
    "id": "ce3tya",
    "name": "Visitor & Heritage Information Centre",
    "city": "Waterloo",
    "region": "Ontario",
    "country": "Canada",
    "access": "public",
    "status": "active",
    "sources": [
     {
      "source": "pianos.pub",
      "ref": "dpwxr83"
     }
    ],
    "url": "https://openpianos.net/piano/ce3tya",
    "created_at": "2026-08-27T15:23:39.731Z",
    "updated_at": "2026-08-27T15:23:39.731Z",
    "last_verified_at": null
   }
  },
  {
   "type": "Feature",
   "geometry": {
    "type": "Point",
    "coordinates": [
     -122.96229,
     50.14876
    ]
   },
   "properties": {
    "id": "41gmt9",
    "name": "Alpine Way",
    "region": "British Columbia",
    "country": "Canada",
    "access": "public",
    "status": "active",
    "notes": "A sweet old Heintzman",
    "sources": [
     {
      "source": "pianos.pub",
      "ref": "c2bt3cm"
     }
    ],
    "url": "https://openpianos.net/piano/41gmt9",
    "created_at": "2026-08-27T15:23:39.731Z",
    "updated_at": "2026-08-27T15:23:39.731Z",
    "last_verified_at": null
   }
  },
  {
   "type": "Feature",
   "geometry": {
    "type": "Point",
    "coordinates": [
     -72.1665,
     45.31132
    ]
   },
   "properties": {
    "id": "a6k87z",
    "name": "Chemin du Parc",
    "region": "Québec",
    "country": "Canada",
    "access": "public",
    "status": "active",
    "notes": "Only available in summer time",
    "sources": [
     {
      "source": "pianos.pub",
      "ref": "f2h9vb9"
     }
    ],
    "url": "https://openpianos.net/piano/a6k87z",
    "created_at": "2026-08-27T15:23:41.509Z",
    "updated_at": "2026-08-27T15:23:41.509Z",
    "last_verified_at": null
   }
  },
  {
   "type": "Feature",
   "geometry": {
    "type": "Point",
    "coordinates": [
     118.12745,
     24.54389
    ]
   },
   "properties": {
    "id": "xsg9yg",
    "name": "Xiamen Gaoqi International Airport",
    "city": "Xiamen",
    "region": "Xiamen",
    "country": "China",
    "access": "public",
    "status": "active",
    "notes": "There is a piano in terminal T3 in Xiamen Gaoqi International Airport.",
    "sources": [
     {
      "source": "airportpianos",
      "ref": "XMN"
     }
    ],
    "url": "https://openpianos.net/piano/xsg9yg",
    "created_at": "2026-08-26T19:23:53.637Z",
    "updated_at": "2026-08-26T19:23:53.637Z",
    "last_verified_at": null
   }
  },
  {
   "type": "Feature",
   "geometry": {
    "type": "Point",
    "coordinates": [
     16.298,
     43.5389
    ]
   },
   "properties": {
    "id": "be777a",
    "name": "Split Airport",
    "city": "Kaštel Štafilić",
    "region": "Croatia",
    "country": "Croatia",
    "access": "public",
    "status": "active",
    "notes": "There is a piano in or at the restaurant.",
    "sources": [
     {
      "source": "airportpianos",
      "ref": "SPU"
     }
    ],
    "url": "https://openpianos.net/piano/be777a",
    "created_at": "2026-08-26T19:23:53.637Z",
    "updated_at": "2026-08-26T19:23:53.637Z",
    "last_verified_at": null
   }
  },
  {
   "type": "Feature",
   "geometry": {
    "type": "Point",
    "coordinates": [
     33.6249,
     34.8751
    ]
   },
   "properties": {
    "id": "dt4ek4",
    "name": "Larnaca International Airport - Glafcos Clerides",
    "city": "Larnaca",
    "region": "Larnaca",
    "country": "Cyprus",
    "access": "public",
    "status": "active",
    "notes": "There is a piano in Larnaca International Airport at the entrance check-in counters.",
    "sources": [
     {
      "source": "airportpianos",
      "ref": "LCA"
     }
    ],
    "url": "https://openpianos.net/piano/dt4ek4",
    "created_at": "2026-08-26T19:23:51.453Z",
    "updated_at": "2026-08-26T19:23:51.453Z",
    "last_verified_at": null
   }
  },
  {
   "type": "Feature",
   "geometry": {
    "type": "Point",
    "coordinates": [
     14.4210471609,
     50.0865960277
    ]
   },
   "properties": {
    "id": "pp-411b1705",
    "name": "U Modré hvězdy, Prague",
    "city": "Prague",
    "country": "Czechia",
    "access": "public",
    "status": "active",
    "sources": [
     {
      "source": "pianos.pub",
      "ref": "411b1705"
     }
    ],
    "url": "https://openpianos.net/piano/pp-411b1705",
    "created_at": "2026-08-20T22:52:40.678Z",
    "updated_at": "2026-08-20T22:52:40.678Z",
    "last_verified_at": "2026-07-27T14:21:13.949Z"
   }
  },
  {
   "type": "Feature",
   "geometry": {
    "type": "Point",
    "coordinates": [
     9.48066,
     55.49163
    ]
   },
   "properties": {
    "id": "xe7zkd",
    "name": "Behrensvej",
    "city": "Kolding",
    "country": "Danmark",
    "access": "public",
    "status": "active",
    "notes": "Only accessible when library open",
    "sources": [
     {
      "source": "pianos.pub",
      "ref": "u1yextz"
     }
    ],
    "url": "https://openpianos.net/piano/xe7zkd",
    "created_at": "2026-08-27T15:23:43.390Z",
    "updated_at": "2026-08-27T15:23:43.390Z",
    "last_verified_at": null
   }
  },
  {
   "type": "Feature",
   "geometry": {
    "type": "Point",
    "coordinates": [
     12.56457,
     55.67506
    ]
   },
   "properties": {
    "id": "egek7c",
    "name": "Landbrug & Fødevarer F.m.b.A.",
    "city": "København",
    "region": "Region Hovedstaden",
    "country": "Danmark",
    "access": "public",
    "status": "active",
    "notes": "Take the perpetual elevator up the 6th floor",
    "sources": [
     {
      "source": "pianos.pub",
      "ref": "u3butzm"
     }
    ],
    "url": "https://openpianos.net/piano/egek7c",
    "created_at": "2026-08-27T15:23:43.390Z",
    "updated_at": "2026-08-27T15:23:43.390Z",
    "last_verified_at": null
   }
  },
  {
   "type": "Feature",
   "geometry": {
    "type": "Point",
    "coordinates": [
     8.6158,
     56.36038
    ]
   },
   "properties": {
    "id": "w2gwck",
    "name": "Holstebro Bibliotek",
    "region": "Region Midtjylland",
    "country": "Danmark",
    "access": "public",
    "status": "active",
    "sources": [
     {
      "source": "pianos.pub",
      "ref": "u4n0sh1"
     }
    ],
    "url": "https://openpianos.net/piano/w2gwck",
    "created_at": "2026-08-27T15:23:46.777Z",
    "updated_at": "2026-08-27T15:23:46.777Z",
    "last_verified_at": null
   }
  },
  {
   "type": "Feature",
   "geometry": {
    "type": "Point",
    "coordinates": [
     12.656,
     55.6179
    ]
   },
   "properties": {
    "id": "2c1aj7",
    "name": "Copenhagen Kastrup International Airport",
    "city": "Copenhagen",
    "region": "Copenhagen",
    "country": "Denmark",
    "access": "public",
    "status": "active",
    "notes": "location: Terminal 3\nCopenhagen Kastrup International Airport used to have a piano for public use located at Terminal 3, but it is no longer available.",
    "sources": [
     {
      "source": "airportpianos",
      "ref": "CPH"
     }
    ],
    "url": "https://openpianos.net/piano/2c1aj7",
    "created_at": "2026-08-26T19:23:51.453Z",
    "updated_at": "2026-08-26T19:23:51.453Z",
    "last_verified_at": null
   }
  },
  {
   "type": "Feature",
   "geometry": {
    "type": "Point",
    "coordinates": [
     13.36967,
     52.52504
    ]
   },
   "properties": {
    "id": "smr32x",
    "name": "Berlin Hauptbahnhof (Tief)",
    "city": "Berlin",
    "country": "Deutschland",
    "access": "public",
    "status": "active",
    "notes": "In der Nähe vom McDonald's/Near McDonald's",
    "sources": [
     {
      "source": "pianos.pub",
      "ref": "u33db1z"
     }
    ],
    "url": "https://openpianos.net/piano/smr32x",
    "created_at": "2026-08-27T15:23:43.390Z",
    "updated_at": "2026-08-27T15:23:43.390Z",
    "last_verified_at": null
   }
  },
  {
   "type": "Feature",
   "geometry": {
    "type": "Point",
    "coordinates": [
     13.38901,
     52.51763
    ]
   },
   "properties": {
    "id": "sj9p5m",
    "name": "Zara",
    "city": "Berlin",
    "country": "Deutschland",
    "access": "public",
    "status": "active",
    "notes": "E piano with earphones, casio good conditions",
    "sources": [
     {
      "source": "pianos.pub",
      "ref": "u33db8t"
     }
    ],
    "url": "https://openpianos.net/piano/sj9p5m",
    "created_at": "2026-08-27T15:23:46.777Z",
    "updated_at": "2026-08-27T15:23:46.777Z",
    "last_verified_at": null
   }
  },
  {
   "type": "Feature",
   "geometry": {
    "type": "Point",
    "coordinates": [
     9.98044,
     53.4608
    ]
   },
   "properties": {
    "id": "et0wh1",
    "name": "Harburg Rathaus",
    "city": "Hamburg",
    "country": "Deutschland",
    "access": "public",
    "status": "active",
    "notes": "https://www.instagram.com/p/DN2Wttm2I1V",
    "sources": [
     {
      "source": "pianos.pub",
      "ref": "u1x05h5"
     }
    ],
    "url": "https://openpianos.net/piano/et0wh1",
    "created_at": "2026-08-27T15:23:43.390Z",
    "updated_at": "2026-08-27T15:23:43.390Z",
    "last_verified_at": null
   }
  },
  {
   "type": "Feature",
   "geometry": {
    "type": "Point",
    "coordinates": [
     13.10365,
     54.56539
    ]
   },
   "properties": {
    "id": "gd6hmv",
    "name": "Godewind",
    "city": "Insel Hiddensee",
    "region": "Mecklenburg-Vorpommern",
    "country": "Deutschland",
    "access": "public",
    "status": "active",
    "notes": "The piano is not in the best shape but it's possible to play on it. During the opening hours of the restaurant the staff probably won't allow you to play, but you can talk to the owner or receptionist if you can play during lunch break or after the restaurant is closed. Best chances are in the summer season.",
    "sources": [
     {
      "source": "pianos.pub",
      "ref": "u39q6jm"
     }
    ],
    "url": "https://openpianos.net/piano/gd6hmv",
    "created_at": "2026-08-27T15:23:43.390Z",
    "updated_at": "2026-08-27T15:23:43.390Z",
    "last_verified_at": null
   }
  },
  {
   "type": "Feature",
   "geometry": {
    "type": "Point",
    "coordinates": [
     13.10516,
     54.58543
    ]
   },
   "properties": {
    "id": "kynjdj",
    "name": "Margarete",
    "city": "Insel Hiddensee",
    "region": "Mecklenburg-Vorpommern",
    "country": "Deutschland",
    "access": "public",
    "status": "active",
    "notes": "The Café Margarete has a tuned, well-cared-of and pretty shiny piano for the guests to play on. Opening hours differ and in the winter season the café is closed, but between May and September you have good chances to play a song or two:)",
    "sources": [
     {
      "source": "pianos.pub",
      "ref": "u39qd0y"
     }
    ],
    "url": "https://openpianos.net/piano/kynjdj",
    "created_at": "2026-08-27T15:23:43.390Z",
    "updated_at": "2026-08-27T15:23:43.390Z",
    "last_verified_at": null
   }
  },
  {
   "type": "Feature",
   "geometry": {
    "type": "Point",
    "coordinates": [
     11.32631,
     50.97776
    ]
   },
   "properties": {
    "id": "2be02k",
    "name": "CineStar",
    "region": "Thüringen",
    "country": "Deutschland",
    "access": "public",
    "status": "active",
    "notes": "Not very well tuned, some sticky keys. No seat. Very friendly and tolerant personell.",
    "sources": [
     {
      "source": "pianos.pub",
      "ref": "u30418p"
     }
    ],
    "url": "https://openpianos.net/piano/2be02k",
    "created_at": "2026-08-27T15:23:43.390Z",
    "updated_at": "2026-08-27T15:23:43.390Z",
    "last_verified_at": null
   }
  },
  {
   "type": "Feature",
   "geometry": {
    "type": "Point",
    "coordinates": [
     10.21028,
     50.04527
    ]
   },
   "properties": {
    "id": "htx9dr",
    "name": "Ignaz-Schön-Straße",
    "region": "Bayern",
    "country": "Deutschland",
    "access": "public",
    "status": "active",
    "notes": "Do not play during lecture time or the short man will yell at you in angry German. Closed on Sundays.",
    "sources": [
     {
      "source": "pianos.pub",
      "ref": "u0zk8q6"
     }
    ],
    "url": "https://openpianos.net/piano/htx9dr",
    "created_at": "2026-08-27T15:23:43.390Z",
    "updated_at": "2026-08-27T15:23:43.390Z",
    "last_verified_at": null
   }
  },
  {
   "type": "Feature",
   "geometry": {
    "type": "Point",
    "coordinates": [
     11.326,
     50.99038
    ]
   },
   "properties": {
    "id": "1zczn8",
    "name": "Kaiserin Augusta",
    "region": "Thüringen",
    "country": "Deutschland",
    "access": "public",
    "status": "active",
    "notes": "Grand piano, very well tuned, friendly and tolerant personell, expect some hotel residents.",
    "sources": [
     {
      "source": "pianos.pub",
      "ref": "u3041dx"
     }
    ],
    "url": "https://openpianos.net/piano/1zczn8",
    "created_at": "2026-08-27T15:23:43.390Z",
    "updated_at": "2026-08-27T15:23:43.390Z",
    "last_verified_at": null
   }
  },
  {
   "type": "Feature",
   "geometry": {
    "type": "Point",
    "coordinates": [
     11.79864,
     48.35561
    ]
   },
   "properties": {
    "id": "jzkjv4",
    "name": "Terminal 2 Satellit",
    "region": "Bayern",
    "country": "Deutschland",
    "access": "public",
    "status": "active",
    "sources": [
     {
      "source": "pianos.pub",
      "ref": "u287h6z"
     }
    ],
    "url": "https://openpianos.net/piano/jzkjv4",
    "created_at": "2026-08-27T15:23:34.036Z",
    "updated_at": "2026-08-27T15:23:34.036Z",
    "last_verified_at": null
   }
  },
  {
   "type": "Feature",
   "geometry": {
    "type": "Point",
    "coordinates": [
     24.79958,
     59.41688
    ]
   },
   "properties": {
    "id": "ydjah7",
    "name": "Lennart Meri Tallinna lennujaam",
    "city": "Tallinn",
    "country": "Eesti",
    "access": "public",
    "status": "active",
    "sources": [
     {
      "source": "pianos.pub",
      "ref": "ud9dh2d"
     }
    ],
    "url": "https://openpianos.net/piano/ydjah7",
    "created_at": "2026-08-27T15:23:45.173Z",
    "updated_at": "2026-08-27T15:23:45.173Z",
    "last_verified_at": null
   }
  },
  {
   "type": "Feature",
   "geometry": {
    "type": "Point",
    "coordinates": [
     26.72729,
     58.37778
    ]
   },
   "properties": {
    "id": "3b3v0t",
    "name": "Tartu Kaubamaja",
    "city": "Tartu linn",
    "country": "Eesti",
    "access": "public",
    "status": "active",
    "sources": [
     {
      "source": "pianos.pub",
      "ref": "ud7h05q"
     }
    ],
    "url": "https://openpianos.net/piano/3b3v0t",
    "created_at": "2026-08-27T15:23:45.173Z",
    "updated_at": "2026-08-27T15:23:45.173Z",
    "last_verified_at": null
   }
  },
  {
   "type": "Feature",
   "geometry": {
    "type": "Point",
    "coordinates": [
     2.175,
     41.38454
    ]
   },
   "properties": {
    "id": "tbsppr",
    "name": "Fundació puntCAT",
    "city": "Barcelona",
    "region": "Catalunya",
    "country": "España",
    "access": "public",
    "status": "active",
    "notes": "Vintage Furstein wall piano part of the \"Piano Vius\" network. Available for anyone to play every day between 8am and 8pm",
    "sources": [
     {
      "source": "pianos.pub",
      "ref": "sp3e3mz"
     }
    ],
    "url": "https://openpianos.net/piano/tbsppr",
    "created_at": "2026-08-27T15:23:41.509Z",
    "updated_at": "2026-08-27T15:23:41.509Z",
    "last_verified_at": null
   }
  },
  {
   "type": "Feature",
   "geometry": {
    "type": "Point",
    "coordinates": [
     2.17447,
     41.41532
    ]
   },
   "properties": {
    "id": "fxv1t2",
    "name": "Hospital de la Santa Creu i Sant Pau",
    "city": "Barcelona",
    "region": "Catalunya",
    "country": "España",
    "access": "public",
    "status": "active",
    "sources": [
     {
      "source": "pianos.pub",
      "ref": "sp3e97r"
     }
    ],
    "url": "https://openpianos.net/piano/fxv1t2",
    "created_at": "2026-08-27T15:23:41.509Z",
    "updated_at": "2026-08-27T15:23:41.509Z",
    "last_verified_at": null
   }
  },
  {
   "type": "Feature",
   "geometry": {
    "type": "Point",
    "coordinates": [
     2.16986,
     41.38768
    ]
   },
   "properties": {
    "id": "m4wkay",
    "name": "Plaça de Catalunya",
    "city": "Barcelona",
    "region": "Catalunya",
    "country": "España",
    "access": "public",
    "status": "active",
    "sources": [
     {
      "source": "pianos.pub",
      "ref": "sp3e3qk"
     }
    ],
    "url": "https://openpianos.net/piano/m4wkay",
    "created_at": "2026-08-27T15:23:41.509Z",
    "updated_at": "2026-08-27T15:23:41.509Z",
    "last_verified_at": null
   }
  },
  {
   "type": "Feature",
   "geometry": {
    "type": "Point",
    "coordinates": [
     -1.97578,
     43.31698
    ]
   },
   "properties": {
    "id": "cm3jh5",
    "name": "Arizmendi Pizzería",
    "city": "Donostia / San Sebastián",
    "region": "Euskadi",
    "country": "España",
    "access": "public",
    "status": "active",
    "notes": "Un piano de cola, algo desafinado, pero tocable. \r\nPara poder tocarlo hace falta llave, y es recomendable ir por la mañana a pedirles que la lleven por la tarde, ya que solo entonces puede tocarse",
    "sources": [
     {
      "source": "pianos.pub",
      "ref": "ezww7j9"
     }
    ],
    "url": "https://openpianos.net/piano/cm3jh5",
    "created_at": "2026-08-27T15:23:41.509Z",
    "updated_at": "2026-08-27T15:23:41.509Z",
    "last_verified_at": null
   }
  },
  {
   "type": "Feature",
   "geometry": {
    "type": "Point",
    "coordinates": [
     -0.55146,
     38.28711
    ]
   },
   "properties": {
    "id": "m3hjm2",
    "name": "N-338",
    "city": "Elx / Elche",
    "region": "Comunitat Valenciana",
    "country": "España",
    "access": "public",
    "status": "active",
    "sources": [
     {
      "source": "pianos.pub",
      "ref": "eyz9g3y"
     }
    ],
    "url": "https://openpianos.net/piano/m3hjm2",
    "created_at": "2026-08-27T15:23:41.509Z",
    "updated_at": "2026-08-27T15:23:41.509Z",
    "last_verified_at": null
   }
  },
  {
   "type": "Feature",
   "geometry": {
    "type": "Point",
    "coordinates": [
     -4.75007,
     41.62344
    ]
   },
   "properties": {
    "id": "2k3kb7",
    "name": "Centro Comercial Vallsur",
    "city": "Valladolid",
    "region": "Castilla y León",
    "country": "España",
    "access": "public",
    "status": "active",
    "notes": "To use it you should first register at the reception desk on the ground floor.",
    "sources": [
     {
      "source": "pianos.pub",
      "ref": "ezksgcm"
     }
    ],
    "url": "https://openpianos.net/piano/2k3kb7",
    "created_at": "2026-08-27T15:23:41.509Z",
    "updated_at": "2026-08-27T15:23:41.509Z",
    "last_verified_at": null
   }
  },
  {
   "type": "Feature",
   "geometry": {
    "type": "Point",
    "coordinates": [
     -16.53757,
     28.04445
    ]
   },
   "properties": {
    "id": "3vzh51",
    "name": "Casa grande surf hostel",
    "country": "España",
    "access": "public",
    "status": "active",
    "notes": "You can enter and ask to reseption, there is a little electric piano and nice people",
    "sources": [
     {
      "source": "pianos.pub",
      "ref": "esupx9m"
     }
    ],
    "url": "https://openpianos.net/piano/3vzh51",
    "created_at": "2026-08-27T15:23:41.509Z",
    "updated_at": "2026-08-27T15:23:41.509Z",
    "last_verified_at": null
   }
  },
  {
   "type": "Feature",
   "geometry": {
    "type": "Point",
    "coordinates": [
     -15.57615,
     27.76812
    ]
   },
   "properties": {
    "id": "j6crv8",
    "name": "Centro Comercial Bellavista",
    "country": "España",
    "access": "public",
    "status": "active",
    "notes": "An old but nice sounding grand piano",
    "sources": [
     {
      "source": "pianos.pub",
      "ref": "esuvvx1"
     }
    ],
    "url": "https://openpianos.net/piano/j6crv8",
    "created_at": "2026-08-27T15:23:41.509Z",
    "updated_at": "2026-08-27T15:23:41.509Z",
    "last_verified_at": null
   }
  },
  {
   "type": "Feature",
   "geometry": {
    "type": "Point",
    "coordinates": [
     1.06232,
     41.06797
    ]
   },
   "properties": {
    "id": "r8f2v4",
    "name": "Farmàcia Colom Feliu",
    "region": "Catalunya",
    "country": "España",
    "access": "public",
    "status": "active",
    "notes": "Esta en una peluqueria y se puede tocar siempre se respete la etica y normas del estableciometo.",
    "sources": [
     {
      "source": "pianos.pub",
      "ref": "sp2c8hj"
     }
    ],
    "url": "https://openpianos.net/piano/r8f2v4",
    "created_at": "2026-08-27T15:23:34.036Z",
    "updated_at": "2026-08-27T15:23:34.036Z",
    "last_verified_at": null
   }
  },
  {
   "type": "Feature",
   "geometry": {
    "type": "Point",
    "coordinates": [
     -3.78397,
     40.44139
    ]
   },
   "properties": {
    "id": "p8y13t",
    "name": "Zielo Centro Comercial",
    "region": "Comunidad de Madrid",
    "country": "España",
    "access": "public",
    "status": "active",
    "sources": [
     {
      "source": "pianos.pub",
      "ref": "ezjq1fh"
     }
    ],
    "url": "https://openpianos.net/piano/p8y13t",
    "created_at": "2026-08-27T15:23:34.036Z",
    "updated_at": "2026-08-27T15:23:34.036Z",
    "last_verified_at": null
   }
  },
  {
   "type": "Feature",
   "geometry": {
    "type": "Point",
    "coordinates": [
     24.83264,
     59.41325
    ]
   },
   "properties": {
    "id": "da0zrj",
    "name": "Tallinn Airport",
    "city": "Tallinn",
    "region": "Estonia",
    "country": "Estonia",
    "access": "public",
    "status": "active",
    "notes": "location: Terminal 1\nTallinn Airport has a piano in Terminal 1.",
    "sources": [
     {
      "source": "airportpianos",
      "ref": "TLL"
     }
    ],
    "url": "https://openpianos.net/piano/da0zrj",
    "created_at": "2026-08-26T19:23:53.637Z",
    "updated_at": "2026-08-26T19:23:53.637Z",
    "last_verified_at": null
   }
  },
  {
   "type": "Feature",
   "geometry": {
    "type": "Point",
    "coordinates": [
     25.3546,
     64.9301
    ]
   },
   "properties": {
    "id": "c44qry",
    "name": "Oulu Airport",
    "city": "Oulu",
    "region": "Oulu",
    "country": "Finland",
    "access": "public",
    "status": "active",
    "notes": "There is a piano at Gate D14.",
    "sources": [
     {
      "source": "airportpianos",
      "ref": "OUL"
     }
    ],
    "url": "https://openpianos.net/piano/c44qry",
    "created_at": "2026-08-26T19:23:53.637Z",
    "updated_at": "2026-08-26T19:23:53.637Z",
    "last_verified_at": null
   }
  },
  {
   "type": "Feature",
   "geometry": {
    "type": "Point",
    "coordinates": [
     4.82195,
     45.77343
    ]
   },
   "properties": {
    "id": "mfrz8z",
    "name": "Bistrot du Boulevard",
    "city": "Lyon",
    "region": "Auvergne-Rhône-Alpes",
    "country": "France",
    "access": "public",
    "status": "active",
    "notes": "Un piano droit au bar \"Le Bistrot du Boulevard\" dans le quartier de la Croix-Rousse (Lyon 4e).\r\nhttps://www.instagram.com/reel/DQ0__eGiPVB",
    "sources": [
     {
      "source": "pianos.pub",
      "ref": "u05kmsz"
     }
    ],
    "url": "https://openpianos.net/piano/mfrz8z",
    "created_at": "2026-08-27T15:23:34.036Z",
    "updated_at": "2026-08-27T15:23:34.036Z",
    "last_verified_at": null
   }
  },
  {
   "type": "Feature",
   "geometry": {
    "type": "Point",
    "coordinates": [
     4.85594,
     45.76221
    ]
   },
   "properties": {
    "id": "cega32",
    "name": "Du bruit dans la maison",
    "city": "Lyon",
    "region": "Auvergne-Rhône-Alpes",
    "country": "France",
    "access": "public",
    "status": "active",
    "notes": "Un 2ème Piano a été ajouté (en + du 1er) au centre commercial Westfield La Part-Dieu à Lyon. Contrairement au 1er piano situé au niveau 0, le nouveau se trouve au 2ème étage.\r\nTest du piano ici : https://www.instagram.com/p/DUNTSNEFsoJ\r\n( ou https://www.instagram.com/sibezik )",
    "sources": [
     {
      "source": "pianos.pub",
      "ref": "u05kq6z"
     }
    ],
    "url": "https://openpianos.net/piano/cega32",
    "created_at": "2026-08-27T15:23:34.036Z",
    "updated_at": "2026-08-27T15:23:34.036Z",
    "last_verified_at": null
   }
  },
  {
   "type": "Feature",
   "geometry": {
    "type": "Point",
    "coordinates": [
     4.88053,
     45.7416
    ]
   },
   "properties": {
    "id": "jyeygd",
    "name": "Faculté de Médecine Lyon Est - Domaine Rockefeller",
    "city": "Lyon",
    "region": "Auvergne-Rhône-Alpes",
    "country": "France",
    "access": "public",
    "status": "active",
    "notes": "Un Piano droit, de marque KAWAI, à la Fac de médecine Lyon-Est, sur le Campus Rockefeller, dans le 8e arr de Lyon (Fait parti de l'Université Lyon 1).\r\nPetite séance piano ici : https://www.instagram.com/reel/DHeIiDFqA1n",
    "sources": [
     {
      "source": "pianos.pub",
      "ref": "u05kpp1"
     }
    ],
    "url": "https://openpianos.net/piano/jyeygd",
    "created_at": "2026-08-27T15:23:43.390Z",
    "updated_at": "2026-08-27T15:23:43.390Z",
    "last_verified_at": null
   }
  },
  {
   "type": "Feature",
   "geometry": {
    "type": "Point",
    "coordinates": [
     4.81662,
     45.75869
    ]
   },
   "properties": {
    "id": "408pe9",
    "name": "Fourvière Hôtel",
    "city": "Lyon",
    "region": "Auvergne-Rhône-Alpes",
    "country": "France",
    "access": "public",
    "status": "active",
    "notes": "Un Piano au Restaurant \"Les Téléphones\" dans Fourvière Hôtel.\r\nhttps://www.instagram.com/reel/DImSVcRP-MG",
    "sources": [
     {
      "source": "pianos.pub",
      "ref": "u05kmd5"
     }
    ],
    "url": "https://openpianos.net/piano/408pe9",
    "created_at": "2026-08-27T15:23:43.390Z",
    "updated_at": "2026-08-27T15:23:43.390Z",
    "last_verified_at": null
   }
  },
  {
   "type": "Feature",
   "geometry": {
    "type": "Point",
    "coordinates": [
     4.83454,
     45.7633
    ]
   },
   "properties": {
    "id": "v6pyef",
    "name": "Grand Café des Négociants",
    "city": "Lyon",
    "region": "Auvergne-Rhône-Alpes",
    "country": "France",
    "access": "public",
    "status": "active",
    "notes": "Un piano droit neuf en parfait état dans la célèbre brasserie Lyonnaise \"Le grand café des négociants\" sur la prequile.\r\nvidéo du piano ici : https://www.instagram.com/reel/DRrKwt2CGqx",
    "sources": [
     {
      "source": "pianos.pub",
      "ref": "u05kq4b"
     }
    ],
    "url": "https://openpianos.net/piano/v6pyef",
    "created_at": "2026-08-27T15:23:34.036Z",
    "updated_at": "2026-08-27T15:23:34.036Z",
    "last_verified_at": null
   }
  },
  {
   "type": "Feature",
   "geometry": {
    "type": "Point",
    "coordinates": [
     4.82613,
     45.72623
    ]
   },
   "properties": {
    "id": "5wckem",
    "name": "Institut de Science Financière et d'Assurances",
    "city": "Lyon",
    "region": "Auvergne-Rhône-Alpes",
    "country": "France",
    "access": "public",
    "status": "active",
    "notes": "Un Piano sur le campus de Gerland de l'université lyon 1 (isfa), dans le 7e arrondissement de Lyon. (il y en a un aussi sur les campus \"rockefeller\" et \"la doua\").\r\n\r\n****\r\nhttps://www.instagram.com/reel/DKERs55xmrf",
    "sources": [
     {
      "source": "pianos.pub",
      "ref": "u05kju4"
     }
    ],
    "url": "https://openpianos.net/piano/5wckem",
    "created_at": "2026-08-27T15:23:43.390Z",
    "updated_at": "2026-08-27T15:23:43.390Z",
    "last_verified_at": null
   }
  },
  {
   "type": "Feature",
   "geometry": {
    "type": "Point",
    "coordinates": [
     4.83429,
     45.77242
    ]
   },
   "properties": {
    "id": "06j3g4",
    "name": "L'âne sans queue",
    "city": "Lyon",
    "region": "Auvergne-Rhône-Alpes",
    "country": "France",
    "access": "public",
    "status": "active",
    "notes": "Un piano droit bien accordé sur les pentes de la croix-rousse au bar \"L'âne sans queue\" (1er arr de Lyon).\r\nhttps://www.instagram.com/reel/DGoHTxfAJ2f/",
    "sources": [
     {
      "source": "pianos.pub",
      "ref": "u05kqh8"
     }
    ],
    "url": "https://openpianos.net/piano/06j3g4",
    "created_at": "2026-08-27T15:23:43.390Z",
    "updated_at": "2026-08-27T15:23:43.390Z",
    "last_verified_at": null
   }
  },
  {
   "type": "Feature",
   "geometry": {
    "type": "Point",
    "coordinates": [
     4.83623,
     45.74579
    ]
   },
   "properties": {
    "id": "pvq61t",
    "name": "Le Centsept",
    "city": "Lyon",
    "region": "Auvergne-Rhône-Alpes",
    "country": "France",
    "access": "public",
    "status": "active",
    "notes": "Un Piano droit présent à \"La Fabuleuse Cantine\" dans le 7ème arrondissement de Lyon.\r\nVidéo du Piano avec Coldplay ici : https://www.instagram.com/reel/DFx9zcmAR_U\r\n(ou sur Tiktok).",
    "sources": [
     {
      "source": "pianos.pub",
      "ref": "u05knpc"
     }
    ],
    "url": "https://openpianos.net/piano/pvq61t",
    "created_at": "2026-08-27T15:23:43.390Z",
    "updated_at": "2026-08-27T15:23:43.390Z",
    "last_verified_at": null
   }
  },
  {
   "type": "Feature",
   "geometry": {
    "type": "Point",
    "coordinates": [
     4.83396,
     45.75454
    ]
   },
   "properties": {
    "id": "93t5pn",
    "name": "Les 3 dômes",
    "city": "Lyon",
    "region": "Auvergne-Rhône-Alpes",
    "country": "France",
    "access": "public",
    "status": "active",
    "notes": "Un grand piano a queue, a l'hôtel sofitel lyon-bellecour (lyon 2e)\r\nvidéo dispo ici : https://www.instagram.com/sibezik",
    "sources": [
     {
      "source": "pianos.pub",
      "ref": "u05kmcr"
     }
    ],
    "url": "https://openpianos.net/piano/93t5pn",
    "created_at": "2026-08-27T15:23:34.036Z",
    "updated_at": "2026-08-27T15:23:34.036Z",
    "last_verified_at": null
   }
  },
  {
   "type": "Feature",
   "geometry": {
    "type": "Point",
    "coordinates": [
     4.82109,
     45.74233
    ]
   },
   "properties": {
    "id": "xak82m",
    "name": "Nutopia Lyon",
    "city": "Lyon",
    "region": "Auvergne-Rhône-Alpes",
    "country": "France",
    "access": "public",
    "status": "active",
    "notes": "Pianobar à Nutopia, piano en bon état.\r\nhttps://www.instagram.com/sibezik/reel/C5qoigJs3Ul",
    "sources": [
     {
      "source": "pianos.pub",
      "ref": "u05kjxn"
     }
    ],
    "url": "https://openpianos.net/piano/xak82m",
    "created_at": "2026-08-27T15:23:43.390Z",
    "updated_at": "2026-08-27T15:23:43.390Z",
    "last_verified_at": null
   }
  },
  {
   "type": "Feature",
   "geometry": {
    "type": "Point",
    "coordinates": [
     4.82965,
     45.7687
    ]
   },
   "properties": {
    "id": "vajcpw",
    "name": "Paradox",
    "city": "Lyon",
    "region": "Auvergne-Rhône-Alpes",
    "country": "France",
    "access": "public",
    "status": "active",
    "notes": "Un Piano dans un état correct au Bar associatif \"Le Paradox\" dans le 1er arrondissement de Lyon.\r\nhttps://www.instagram.com/reel/DEb7x8otyEu",
    "sources": [
     {
      "source": "pianos.pub",
      "ref": "u05kmgu"
     }
    ],
    "url": "https://openpianos.net/piano/vajcpw",
    "created_at": "2026-08-27T15:23:46.777Z",
    "updated_at": "2026-08-27T15:23:46.777Z",
    "last_verified_at": null
   }
  },
  {
   "type": "Feature",
   "geometry": {
    "type": "Point",
    "coordinates": [
     4.86803,
     45.73715
    ]
   },
   "properties": {
    "id": "vey619",
    "name": "Place du 11 Novembre 1918",
    "city": "Lyon",
    "region": "Auvergne-Rhône-Alpes",
    "country": "France",
    "access": "public",
    "status": "active",
    "notes": "Un piano numérique présent dans une des bibliothèques municipales de Lyon : la médiathèque du Bachut dans le 8e.\r\nvidéo ici : https://www.instagram.com/p/DUxcei0FFvK/\r\nou là : https://www.instagram.com/reel/DUxcei0FFvK/",
    "sources": [
     {
      "source": "pianos.pub",
      "ref": "u05kny0"
     }
    ],
    "url": "https://openpianos.net/piano/vey619",
    "created_at": "2026-08-27T15:23:34.036Z",
    "updated_at": "2026-08-27T15:23:34.036Z",
    "last_verified_at": null
   }
  },
  {
   "type": "Feature",
   "geometry": {
    "type": "Point",
    "coordinates": [
     4.8236,
     45.74633
    ]
   },
   "properties": {
    "id": "0p59m0",
    "name": "Platypus Café Brewpub",
    "city": "Lyon",
    "region": "Auvergne-Rhône-Alpes",
    "country": "France",
    "access": "public",
    "status": "active",
    "notes": "Piano droit dans le bar \"Platypus Brewpub\" à Lyon 2e.\r\nhttps://www.instagram.com/reel/DKoSzSFK1zp",
    "sources": [
     {
      "source": "pianos.pub",
      "ref": "u05kjzb"
     }
    ],
    "url": "https://openpianos.net/piano/0p59m0",
    "created_at": "2026-08-27T15:23:43.390Z",
    "updated_at": "2026-08-27T15:23:43.390Z",
    "last_verified_at": null
   }
  },
  {
   "type": "Feature",
   "geometry": {
    "type": "Point",
    "coordinates": [
     4.83316,
     45.76603
    ]
   },
   "properties": {
    "id": "8hctmz",
    "name": "Repit",
    "city": "Lyon",
    "region": "Auvergne-Rhône-Alpes",
    "country": "France",
    "access": "public",
    "status": "active",
    "notes": "Oui ça paraît étonnant, mais il y a un Piano à queue dans une boutique de téléphonie mobile ou les clients peuvent jouer.\r\nAperçu du piano ici : https://www.instagram.com/reel/DGWFKt5g13H",
    "sources": [
     {
      "source": "pianos.pub",
      "ref": "u05kmgr"
     }
    ],
    "url": "https://openpianos.net/piano/8hctmz",
    "created_at": "2026-08-27T15:23:43.390Z",
    "updated_at": "2026-08-27T15:23:43.390Z",
    "last_verified_at": null
   }
  },
  {
   "type": "Feature",
   "geometry": {
    "type": "Point",
    "coordinates": [
     4.84711,
     45.75085
    ]
   },
   "properties": {
    "id": "maycbb",
    "name": "Tire-toi une bûche 2",
    "city": "Lyon",
    "region": "Auvergne-Rhône-Alpes",
    "country": "France",
    "access": "public",
    "status": "active",
    "notes": "Ce nouveau bar à lyon7 remplace \"chromatique\". même piano droit.\r\nbar spécialisé jeux de société / salle de défi.\r\nhttps://www.instagram.com/reel/DSaibr9AJmS",
    "sources": [
     {
      "source": "pianos.pub",
      "ref": "u05kq29"
     }
    ],
    "url": "https://openpianos.net/piano/maycbb",
    "created_at": "2026-08-27T15:23:34.036Z",
    "updated_at": "2026-08-27T15:23:34.036Z",
    "last_verified_at": null
   }
  },
  {
   "type": "Feature",
   "geometry": {
    "type": "Point",
    "coordinates": [
     7.21587,
     43.6584
    ]
   },
   "properties": {
    "id": "7jyjrb",
    "name": "Nice Côte d'Azur Airport",
    "city": "Nice",
    "region": "Provence-Alpes-Côte d'Azur",
    "country": "France",
    "access": "public",
    "status": "active",
    "notes": "location: Terminal 1\nA piano is available for public use in Terminal 1 and Terminal 2.",
    "sources": [
     {
      "source": "airportpianos",
      "ref": "NCE"
     }
    ],
    "url": "https://openpianos.net/piano/7jyjrb",
    "created_at": "2026-08-26T19:23:53.637Z",
    "updated_at": "2026-08-26T19:23:53.637Z",
    "last_verified_at": null
   }
  },
  {
   "type": "Feature",
   "geometry": {
    "type": "Point",
    "coordinates": [
     2.55412,
     49.00896
    ]
   },
   "properties": {
    "id": "5yp7ev",
    "name": "Charles de Gaulle Airport",
    "city": "Paris",
    "region": "Île-de-France",
    "country": "France",
    "access": "public",
    "status": "active",
    "notes": "location: Terminals 1 and 3\nA piano is available for public use in Terminal 1 at the area of gates 17-38, and in Terminal 3 at gate area 2.",
    "sources": [
     {
      "source": "airportpianos",
      "ref": "CDG"
     }
    ],
    "url": "https://openpianos.net/piano/5yp7ev",
    "created_at": "2026-08-26T19:23:51.453Z",
    "updated_at": "2026-08-26T19:23:51.453Z",
    "last_verified_at": null
   }
  },
  {
   "type": "Feature",
   "geometry": {
    "type": "Point",
    "coordinates": [
     2.36467,
     48.83331
    ]
   },
   "properties": {
    "id": "qfqqse",
    "name": "Monoprix",
    "city": "Paris",
    "region": "Île-de-France",
    "country": "France",
    "access": "public",
    "status": "active",
    "notes": "Un piano droit présent dans le Monoprix \"Auriol\" dans le 13e arrondissement de Paris.\r\nAperçu du piano avec une petite sonate de Mozart ici : \r\nhttps://www.instagram.com/reel/DMQe1c6IiSA",
    "sources": [
     {
      "source": "pianos.pub",
      "ref": "u09tvcc"
     }
    ],
    "url": "https://openpianos.net/piano/qfqqse",
    "created_at": "2026-08-27T15:23:43.390Z",
    "updated_at": "2026-08-27T15:23:43.390Z",
    "last_verified_at": null
   }
  },
  {
   "type": "Feature",
   "geometry": {
    "type": "Point",
    "coordinates": [
     2.35896,
     48.7295
    ]
   },
   "properties": {
    "id": "0f279e",
    "name": "Paris Orly Airport",
    "city": "Paris",
    "region": "Paris",
    "country": "France",
    "access": "public",
    "status": "active",
    "notes": "There is a piano to play in Terminal 4 of Paris Orly Airport.",
    "sources": [
     {
      "source": "airportpianos",
      "ref": "ORY"
     }
    ],
    "url": "https://openpianos.net/piano/0f279e",
    "created_at": "2026-08-26T19:23:53.637Z",
    "updated_at": "2026-08-26T19:23:53.637Z",
    "last_verified_at": null
   }
  },
  {
   "type": "Feature",
   "geometry": {
    "type": "Point",
    "coordinates": [
     5.7087,
     46.8337
    ]
   },
   "properties": {
    "id": "nayhf7",
    "name": "La Fruitière des livres",
    "city": "Poligny",
    "region": "Bourgogne-Franche-Comté",
    "country": "France",
    "access": "public",
    "status": "active",
    "notes": "Un Piano droit dans une petite librairie (\"La Fruitière des Livres\"), dans le département du Jura (Bourgogne-Franche-Comté), dans la ville de Poligny.\r\nhttps://www.instagram.com/reel/DHwLwu_qWF7",
    "sources": [
     {
      "source": "pianos.pub",
      "ref": "u0k43vu"
     }
    ],
    "url": "https://openpianos.net/piano/nayhf7",
    "created_at": "2026-08-27T15:23:43.390Z",
    "updated_at": "2026-08-27T15:23:43.390Z",
    "last_verified_at": null
   }
  },
  {
   "type": "Feature",
   "geometry": {
    "type": "Point",
    "coordinates": [
     4.39062,
     45.4319
    ]
   },
   "properties": {
    "id": "x1g6zs",
    "name": "Le Remue-Méninges",
    "city": "Saint-Étienne",
    "region": "Auvergne-Rhône-Alpes",
    "country": "France",
    "access": "public",
    "status": "active",
    "notes": "Un piano droit au café-lecture \"Le Remue-Méninges\" à Saint-Etienne.\r\nhttps://www.instagram.com/reel/DPotYM0CGHE/",
    "sources": [
     {
      "source": "pianos.pub",
      "ref": "u0547yt"
     }
    ],
    "url": "https://openpianos.net/piano/x1g6zs",
    "created_at": "2026-08-27T15:23:34.036Z",
    "updated_at": "2026-08-27T15:23:34.036Z",
    "last_verified_at": null
   }
  },
  {
   "type": "Feature",
   "geometry": {
    "type": "Point",
    "coordinates": [
     4.38632,
     45.43836
    ]
   },
   "properties": {
    "id": "wpfzhb",
    "name": "Librairie de Paris",
    "city": "Saint-Étienne",
    "region": "Auvergne-Rhône-Alpes",
    "country": "France",
    "access": "public",
    "status": "active",
    "notes": "Un piano droit dans la librairie \"Librairie de Paris\" à Saint-Étienne.\r\nvidéo : https://www.instagram.com/reel/DPEsrYFDUjH",
    "sources": [
     {
      "source": "pianos.pub",
      "ref": "u0547zf"
     }
    ],
    "url": "https://openpianos.net/piano/wpfzhb",
    "created_at": "2026-08-27T15:23:41.509Z",
    "updated_at": "2026-08-27T15:23:41.509Z",
    "last_verified_at": null
   }
  },
  {
   "type": "Feature",
   "geometry": {
    "type": "Point",
    "coordinates": [
     4.38975,
     45.43553
    ]
   },
   "properties": {
    "id": "6x6cx3",
    "name": "Salon de thé Chez Marinette",
    "city": "Saint-Étienne",
    "region": "Auvergne-Rhône-Alpes",
    "country": "France",
    "access": "public",
    "status": "active",
    "notes": "Piano droit dans le salon de thé \"Chez Marinette\" à Saint-Étienne\r\nhttps://www.instagram.com/reel/DPWvHKjiOY6",
    "sources": [
     {
      "source": "pianos.pub",
      "ref": "u0547zk"
     }
    ],
    "url": "https://openpianos.net/piano/6x6cx3",
    "created_at": "2026-08-27T15:23:43.390Z",
    "updated_at": "2026-08-27T15:23:43.390Z",
    "last_verified_at": null
   }
  },
  {
   "type": "Feature",
   "geometry": {
    "type": "Point",
    "coordinates": [
     1.36382,
     43.6291
    ]
   },
   "properties": {
    "id": "2af31q",
    "name": "Toulouse-Blagnac Airport",
    "city": "Toulouse",
    "region": "Occitanie",
    "country": "France",
    "access": "public",
    "status": "active",
    "notes": "There is a piano after duty-free and outside in front of Starbucks.",
    "sources": [
     {
      "source": "airportpianos",
      "ref": "TLS"
     }
    ],
    "url": "https://openpianos.net/piano/2af31q",
    "created_at": "2026-08-26T19:23:53.637Z",
    "updated_at": "2026-08-26T19:23:53.637Z",
    "last_verified_at": null
   }
  },
  {
   "type": "Feature",
   "geometry": {
    "type": "Point",
    "coordinates": [
     4.87032,
     45.78364
    ]
   },
   "properties": {
    "id": "2vs1f3",
    "name": "Astrée",
    "city": "Villeurbanne",
    "region": "Auvergne-Rhône-Alpes",
    "country": "France",
    "access": "public",
    "status": "active",
    "notes": "Un piano à l'université Lyon 1 sur le campus \"La Doua\" à Villeurbanne (plus précisément dans le batiment \"Astrée\").\r\nPetit medley Piano ici : https://www.instagram.com/reel/DIVmc2mq0ZY",
    "sources": [
     {
      "source": "pianos.pub",
      "ref": "u05kqyd"
     }
    ],
    "url": "https://openpianos.net/piano/2vs1f3",
    "created_at": "2026-08-27T15:23:43.390Z",
    "updated_at": "2026-08-27T15:23:43.390Z",
    "last_verified_at": null
   }
  },
  {
   "type": "Feature",
   "geometry": {
    "type": "Point",
    "coordinates": [
     4.90773,
     45.7597
    ]
   },
   "properties": {
    "id": "8kcjc8",
    "name": "Rue Léon Blum",
    "city": "Villeurbanne",
    "region": "Auvergne-Rhône-Alpes",
    "country": "France",
    "access": "public",
    "status": "active",
    "notes": "Près de Lyon, un piano droit dans l'hôpital privé \"Médipole\" situé à Villeurbanne.\r\n(NB: c'est le plus grand hôpital privé de france).\r\nvidéo là : https://www.instagram.com/p/DT3QRT6DioP/",
    "sources": [
     {
      "source": "pianos.pub",
      "ref": "u05krdm"
     }
    ],
    "url": "https://openpianos.net/piano/8kcjc8",
    "created_at": "2026-08-27T15:23:34.036Z",
    "updated_at": "2026-08-27T15:23:34.036Z",
    "last_verified_at": null
   }
  },
  {
   "type": "Feature",
   "geometry": {
    "type": "Point",
    "coordinates": [
     4.80936,
     45.70164
    ]
   },
   "properties": {
    "id": "pcnsdw",
    "name": "Centre hospitalier Lyon-Sud",
    "region": "Auvergne-Rhône-Alpes",
    "country": "France",
    "access": "public",
    "status": "active",
    "notes": "Un piano droit à l'Hôpital HCL Lyon Sud au Pavillon Médical sur la nouvelle commune d'Oullins-Pierre-Bénite. (Une partie de cet Hôpital se trouve aussi sur la commune de \"Saint-Genis-Laval\").\r\n\r\nVidéo: https://www.instagram.com/reel/DM4i2m3PdTT/",
    "sources": [
     {
      "source": "pianos.pub",
      "ref": "u057vrw"
     }
    ],
    "url": "https://openpianos.net/piano/pcnsdw",
    "created_at": "2026-08-27T15:23:43.390Z",
    "updated_at": "2026-08-27T15:23:43.390Z",
    "last_verified_at": null
   }
  },
  {
   "type": "Feature",
   "geometry": {
    "type": "Point",
    "coordinates": [
     4.90078,
     45.74623
    ]
   },
   "properties": {
    "id": "8pc8zc",
    "name": "Hôpital Femme Mère Enfant (HFME)",
    "region": "Auvergne-Rhône-Alpes",
    "country": "France",
    "access": "public",
    "status": "active",
    "notes": "Un piano dans l'Hôpital HFME (Femme Mère Enfant) situé à Bron (Proche de Lyon).\r\nhttps://www.instagram.com/reel/DIDbbg1KyRN",
    "sources": [
     {
      "source": "pianos.pub",
      "ref": "u05kpxb"
     }
    ],
    "url": "https://openpianos.net/piano/8pc8zc",
    "created_at": "2026-08-27T15:23:43.390Z",
    "updated_at": "2026-08-27T15:23:43.390Z",
    "last_verified_at": null
   }
  },
  {
   "type": "Feature",
   "geometry": {
    "type": "Point",
    "coordinates": [
     -1.86599,
     48.68014
    ]
   },
   "properties": {
    "id": "abqgqz",
    "name": "La Maison Guella",
    "region": "Bretagne",
    "country": "France",
    "access": "public",
    "status": "active",
    "notes": "It's not exactly a piano, it's an armonium and you have to press the pedals to make it work, but it worked just fine, it's tuned and it's fascinating.",
    "sources": [
     {
      "source": "pianos.pub",
      "ref": "gbwsvtc"
     }
    ],
    "url": "https://openpianos.net/piano/abqgqz",
    "created_at": "2026-08-27T15:23:41.509Z",
    "updated_at": "2026-08-27T15:23:41.509Z",
    "last_verified_at": null
   }
  },
  {
   "type": "Feature",
   "geometry": {
    "type": "Point",
    "coordinates": [
     4.89696,
     45.66911
    ]
   },
   "properties": {
    "id": "33d6y6",
    "name": "Le Polaris",
    "region": "Auvergne-Rhône-Alpes",
    "country": "France",
    "access": "public",
    "status": "active",
    "sources": [
     {
      "source": "pianos.pub",
      "ref": "u057z3v"
     }
    ],
    "url": "https://openpianos.net/piano/33d6y6",
    "created_at": "2026-08-27T15:23:34.036Z",
    "updated_at": "2026-08-27T15:23:34.036Z",
    "last_verified_at": null
   }
  },
  {
   "type": "Feature",
   "geometry": {
    "type": "Point",
    "coordinates": [
     2.37015,
     48.72904
    ]
   },
   "properties": {
    "id": "j0jv4g",
    "name": "Orly 4 - Arrêt 1",
    "region": "Île-de-France",
    "country": "France",
    "access": "public",
    "status": "active",
    "sources": [
     {
      "source": "pianos.pub",
      "ref": "u09tjyv"
     }
    ],
    "url": "https://openpianos.net/piano/j0jv4g",
    "created_at": "2026-08-27T15:23:34.036Z",
    "updated_at": "2026-08-27T15:23:34.036Z",
    "last_verified_at": null
   }
  },
  {
   "type": "Feature",
   "geometry": {
    "type": "Point",
    "coordinates": [
     -2.02724,
     48.64941
    ]
   },
   "properties": {
    "id": "cct4we",
    "name": "Place des Frères Lamennais",
    "region": "Bretagne",
    "country": "France",
    "access": "public",
    "status": "active",
    "notes": "Un Piano en libre service pendant l'été 2025 sur la place des frères Lamennais à Saint-Malo (Bretagne). Attention : présent que l'été.\r\n(plus dispo depuis septembre probablement).\r\nvidéo : https://www.instagram.com/reel/DOQEKjXDvk5",
    "sources": [
     {
      "source": "pianos.pub",
      "ref": "gbwscb7"
     }
    ],
    "url": "https://openpianos.net/piano/cct4we",
    "created_at": "2026-08-27T15:23:41.509Z",
    "updated_at": "2026-08-27T15:23:41.509Z",
    "last_verified_at": null
   }
  },
  {
   "type": "Feature",
   "geometry": {
    "type": "Point",
    "coordinates": [
     13.50234,
     52.36174
    ]
   },
   "properties": {
    "id": "b2hanr",
    "name": "Berlin Brandenburg Airport",
    "city": "Berlin",
    "region": "Berlin",
    "country": "Germany",
    "access": "public",
    "status": "active",
    "notes": "location: Terminal 1\nBerlin Brandenberg Airport has a piano in the Terminal 1 departures area.",
    "sources": [
     {
      "source": "airportpianos",
      "ref": "BER"
     }
    ],
    "url": "https://openpianos.net/piano/b2hanr",
    "created_at": "2026-08-26T19:23:51.453Z",
    "updated_at": "2026-08-26T19:23:51.453Z",
    "last_verified_at": null
   }
  },
  {
   "type": "Feature",
   "geometry": {
    "type": "Point",
    "coordinates": [
     9.98823,
     53.6304
    ]
   },
   "properties": {
    "id": "hcdeeg",
    "name": "Hamburg Airport",
    "city": "Hamburg",
    "region": "Hamburg",
    "country": "Germany",
    "access": "public",
    "status": "active",
    "notes": "There is a piano in Terminal 2.",
    "sources": [
     {
      "source": "airportpianos",
      "ref": "HAM"
     }
    ],
    "url": "https://openpianos.net/piano/hcdeeg",
    "created_at": "2026-08-26T19:23:51.453Z",
    "updated_at": "2026-08-26T19:23:51.453Z",
    "last_verified_at": null
   }
  },
  {
   "type": "Feature",
   "geometry": {
    "type": "Point",
    "coordinates": [
     24.15067,
     35.53121
    ]
   },
   "properties": {
    "id": "v58b54",
    "name": "Chania International Airport",
    "city": "Chania",
    "region": "Chania",
    "country": "Greece",
    "access": "public",
    "status": "active",
    "notes": "There used to be a piano in the entrance hall of Chania International Airport but it is no longer present.",
    "sources": [
     {
      "source": "airportpianos",
      "ref": "CHQ"
     }
    ],
    "url": "https://openpianos.net/piano/v58b54",
    "created_at": "2026-08-26T19:23:51.453Z",
    "updated_at": "2026-08-26T19:23:51.453Z",
    "last_verified_at": null
   }
  },
  {
   "type": "Feature",
   "geometry": {
    "type": "Point",
    "coordinates": [
     19.26239,
     47.43018
    ]
   },
   "properties": {
    "id": "99jzbr",
    "name": "Budapest Ferenc Liszt International Airport",
    "city": "Budapest",
    "region": "Budapest",
    "country": "Hungary",
    "access": "public",
    "status": "active",
    "notes": "location: 2A, near A17 gate, in the new wing\nBudapest Ferenc Liszt International Airport has a piano at 2A, near A17 gate, in the new wing",
    "sources": [
     {
      "source": "airportpianos",
      "ref": "BUD"
     }
    ],
    "url": "https://openpianos.net/piano/99jzbr",
    "created_at": "2026-08-26T19:23:51.453Z",
    "updated_at": "2026-08-26T19:23:51.453Z",
    "last_verified_at": null
   }
  },
  {
   "type": "Feature",
   "geometry": {
    "type": "Point",
    "coordinates": [
     88.36233,
     26.77049
    ]
   },
   "properties": {
    "id": "8cnz11",
    "name": "Salbari",
    "region": "West Bengal",
    "country": "India",
    "access": "public",
    "status": "active",
    "sources": [
     {
      "source": "pianos.pub",
      "ref": "tuyb69r"
     }
    ],
    "url": "https://openpianos.net/piano/8cnz11",
    "created_at": "2026-08-27T15:23:41.509Z",
    "updated_at": "2026-08-27T15:23:41.509Z",
    "last_verified_at": null
   }
  },
  {
   "type": "Feature",
   "geometry": {
    "type": "Point",
    "coordinates": [
     115.25337,
     -8.50473
    ]
   },
   "properties": {
    "id": "wd0886",
    "name": "Penestanan",
    "region": "Bali",
    "country": "Indonesia",
    "access": "public",
    "status": "active",
    "sources": [
     {
      "source": "pianos.pub",
      "ref": "qw3zweu"
     }
    ],
    "url": "https://openpianos.net/piano/wd0886",
    "created_at": "2026-08-27T15:23:46.777Z",
    "updated_at": "2026-08-27T15:23:46.777Z",
    "last_verified_at": null
   }
  },
  {
   "type": "Feature",
   "geometry": {
    "type": "Point",
    "coordinates": [
     -6.26212,
     53.42871
    ]
   },
   "properties": {
    "id": "j6bw37",
    "name": "Dublin Airport",
    "city": "Dublin",
    "country": "Ireland",
    "access": "public",
    "status": "active",
    "notes": "location: Terminal 1\nA piano is available for public use outside the Terminal 1 arrivals hall.",
    "sources": [
     {
      "source": "airportpianos",
      "ref": "DUB"
     }
    ],
    "url": "https://openpianos.net/piano/j6bw37",
    "created_at": "2026-08-26T19:23:51.453Z",
    "updated_at": "2026-08-26T19:23:51.453Z",
    "last_verified_at": null
   }
  },
  {
   "type": "Feature",
   "geometry": {
    "type": "Point",
    "coordinates": [
     10.21883,
     45.53877
    ]
   },
   "properties": {
    "id": "7zhxk7",
    "name": "Caffè in Piazza",
    "city": "Brescia",
    "region": "Lombardia",
    "country": "Italia",
    "access": "public",
    "status": "active",
    "sources": [
     {
      "source": "pianos.pub",
      "ref": "u0p70d1"
     }
    ],
    "url": "https://openpianos.net/piano/7zhxk7",
    "created_at": "2026-08-27T15:23:43.390Z",
    "updated_at": "2026-08-27T15:23:43.390Z",
    "last_verified_at": null
   }
  },
  {
   "type": "Feature",
   "geometry": {
    "type": "Point",
    "coordinates": [
     10.23174,
     45.55671
    ]
   },
   "properties": {
    "id": "qs8p4c",
    "name": "Spedali Civili di Brescia",
    "city": "Brescia",
    "region": "Lombardia",
    "country": "Italia",
    "access": "public",
    "status": "active",
    "sources": [
     {
      "source": "pianos.pub",
      "ref": "u0p70v6"
     }
    ],
    "url": "https://openpianos.net/piano/qs8p4c",
    "created_at": "2026-08-27T15:23:43.390Z",
    "updated_at": "2026-08-27T15:23:43.390Z",
    "last_verified_at": null
   }
  },
  {
   "type": "Feature",
   "geometry": {
    "type": "Point",
    "coordinates": [
     14.24534,
     40.85005
    ]
   },
   "properties": {
    "id": "qbe06f",
    "name": "Hopestel Secret Garden",
    "city": "Napoli",
    "region": "Campania",
    "country": "Italia",
    "access": "public",
    "status": "active",
    "notes": "You just press 13 at ringbell and they open you. There is a nice black vertical piano, it has only 1 note that sounds not perfectly.\r\n\r\nThank you for reading. I really advise you this place, some napolitan youngs go there just to spend few hours in a beautiful place and to have a break from the busy city.\r\nNico\r\n\r\nhttps://maps.app.goo.gl/tojFYrTCb6Ezssov7?g_st=ac",
    "sources": [
     {
      "source": "pianos.pub",
      "ref": "sr60kht"
     }
    ],
    "url": "https://openpianos.net/piano/qbe06f",
    "created_at": "2026-08-27T15:23:34.036Z",
    "updated_at": "2026-08-27T15:23:34.036Z",
    "last_verified_at": null
   }
  },
  {
   "type": "Feature",
   "geometry": {
    "type": "Point",
    "coordinates": [
     10.39831,
     43.71159
    ]
   },
   "properties": {
    "id": "fjjp3b",
    "name": "Biblioteca della Domus Mazziniana",
    "city": "Pisa",
    "region": "Toscana",
    "country": "Italia",
    "access": "public",
    "status": "active",
    "notes": "You can use it only if you visit the museum",
    "sources": [
     {
      "source": "pianos.pub",
      "ref": "spz2st7"
     }
    ],
    "url": "https://openpianos.net/piano/fjjp3b",
    "created_at": "2026-08-27T15:23:41.509Z",
    "updated_at": "2026-08-27T15:23:41.509Z",
    "last_verified_at": null
   }
  },
  {
   "type": "Feature",
   "geometry": {
    "type": "Point",
    "coordinates": [
     12.58913,
     41.80187
    ]
   },
   "properties": {
    "id": "hbfgqn",
    "name": "Aeroporto di Roma-Ciampino",
    "city": "Roma",
    "region": "Lazio",
    "country": "Italia",
    "access": "public",
    "status": "active",
    "sources": [
     {
      "source": "pianos.pub",
      "ref": "sr2vy3z"
     }
    ],
    "url": "https://openpianos.net/piano/hbfgqn",
    "created_at": "2026-08-27T15:23:34.036Z",
    "updated_at": "2026-08-27T15:23:34.036Z",
    "last_verified_at": null
   }
  },
  {
   "type": "Feature",
   "geometry": {
    "type": "Point",
    "coordinates": [
     12.35534,
     45.43079
    ]
   },
   "properties": {
    "id": "ejfmn7",
    "name": "Serra dei Giardini",
    "city": "Venezia",
    "region": "Veneto",
    "country": "Italia",
    "access": "public",
    "status": "active",
    "notes": "Piano with the inscription Music is food for the soul, if you can, why not play it.",
    "sources": [
     {
      "source": "pianos.pub",
      "ref": "u20f3nk"
     }
    ],
    "url": "https://openpianos.net/piano/ejfmn7",
    "created_at": "2026-08-27T15:23:43.390Z",
    "updated_at": "2026-08-27T15:23:43.390Z",
    "last_verified_at": null
   }
  },
  {
   "type": "Feature",
   "geometry": {
    "type": "Point",
    "coordinates": [
     9.05887,
     39.25312
    ]
   },
   "properties": {
    "id": "ppzc49",
    "name": "Aeroporto di Cagliari-Elmas",
    "region": "Sardigna/Sardegna",
    "country": "Italia",
    "access": "public",
    "status": "active",
    "notes": "Yamaha vertical piano",
    "sources": [
     {
      "source": "pianos.pub",
      "ref": "snyrq1u"
     }
    ],
    "url": "https://openpianos.net/piano/ppzc49",
    "created_at": "2026-08-27T15:23:41.509Z",
    "updated_at": "2026-08-27T15:23:41.509Z",
    "last_verified_at": null
   }
  },
  {
   "type": "Feature",
   "geometry": {
    "type": "Point",
    "coordinates": [
     10.32025,
     42.80138
    ]
   },
   "properties": {
    "id": "rnpgrw",
    "name": "Airone del Parco & delle Terme",
    "region": "Toscana",
    "country": "Italia",
    "access": "public",
    "status": "active",
    "notes": "Brown Grand Piano in hotel's hall\r\n\r\nProof: https://www.tripadvisor.com/LocationPhotoDirectLink-g194861-d232087-i252976233-Hotel_Airone_Isola_d_Elba-Portoferraio_Elba_Island_Province_of_Livorno_Tu.html",
    "sources": [
     {
      "source": "pianos.pub",
      "ref": "spx76zf"
     }
    ],
    "url": "https://openpianos.net/piano/rnpgrw",
    "created_at": "2026-08-27T15:23:41.509Z",
    "updated_at": "2026-08-27T15:23:41.509Z",
    "last_verified_at": null
   }
  },
  {
   "type": "Feature",
   "geometry": {
    "type": "Point",
    "coordinates": [
     11.18443,
     42.4169
    ]
   },
   "properties": {
    "id": "6pe7sd",
    "name": "Argentario Golf & Wellness Resort",
    "region": "Toscana",
    "country": "Italia",
    "access": "public",
    "status": "active",
    "sources": [
     {
      "source": "pianos.pub",
      "ref": "spxcq9b"
     }
    ],
    "url": "https://openpianos.net/piano/6pe7sd",
    "created_at": "2026-08-27T15:23:41.509Z",
    "updated_at": "2026-08-27T15:23:41.509Z",
    "last_verified_at": null
   }
  },
  {
   "type": "Feature",
   "geometry": {
    "type": "Point",
    "coordinates": [
     13.42479,
     42.02682
    ]
   },
   "properties": {
    "id": "7mkacs",
    "name": "Casa circondariale - San Nicola",
    "country": "Italia",
    "access": "public",
    "status": "active",
    "notes": "it's a bit worn, but very very fun to play",
    "sources": [
     {
      "source": "pianos.pub",
      "ref": "sr3x16x"
     }
    ],
    "url": "https://openpianos.net/piano/7mkacs",
    "created_at": "2026-08-27T15:23:41.509Z",
    "updated_at": "2026-08-27T15:23:41.509Z",
    "last_verified_at": null
   }
  },
  {
   "type": "Feature",
   "geometry": {
    "type": "Point",
    "coordinates": [
     9.97838,
     44.81731
    ]
   },
   "properties": {
    "id": "v3myqg",
    "name": "Hotel Elite",
    "region": "Emilia-Romagna",
    "country": "Italia",
    "access": "public",
    "status": "active",
    "notes": "Pianoforte verticale nella hall dell'albergo",
    "sources": [
     {
      "source": "pianos.pub",
      "ref": "spzngnd"
     }
    ],
    "url": "https://openpianos.net/piano/v3myqg",
    "created_at": "2026-08-27T15:23:41.509Z",
    "updated_at": "2026-08-27T15:23:41.509Z",
    "last_verified_at": null
   }
  },
  {
   "type": "Feature",
   "geometry": {
    "type": "Point",
    "coordinates": [
     10.86808,
     45.8726
    ]
   },
   "properties": {
    "id": "xagy4z",
    "name": "Hotel Lido Blu",
    "region": "Trentino-Alto Adige/Südtirol",
    "country": "Italia",
    "access": "public",
    "status": "active",
    "notes": "Pianoforte perfetto, spesso nella hall non c'è nessuno, o comunque non c'è interesse nell'ascoltare un pianista",
    "sources": [
     {
      "source": "pianos.pub",
      "ref": "u0pszqc"
     }
    ],
    "url": "https://openpianos.net/piano/xagy4z",
    "created_at": "2026-08-27T15:23:43.390Z",
    "updated_at": "2026-08-27T15:23:43.390Z",
    "last_verified_at": null
   }
  },
  {
   "type": "Feature",
   "geometry": {
    "type": "Point",
    "coordinates": [
     12.36526,
     44.25017
    ]
   },
   "properties": {
    "id": "da923g",
    "name": "Hotel Universal",
    "region": "Emilia-Romagna",
    "country": "Italia",
    "access": "public",
    "status": "active",
    "notes": "Pianoforte a coda bianco perfetto bellissimo, spesso nella hall c'è qualcuno, o comunque c'è interesse nell'ascoltare un pianista :)",
    "sources": [
     {
      "source": "pianos.pub",
      "ref": "srbg9rk"
     }
    ],
    "url": "https://openpianos.net/piano/da923g",
    "created_at": "2026-08-27T15:23:41.509Z",
    "updated_at": "2026-08-27T15:23:41.509Z",
    "last_verified_at": null
   }
  },
  {
   "type": "Feature",
   "geometry": {
    "type": "Point",
    "coordinates": [
     10.53928,
     43.11039
    ]
   },
   "properties": {
    "id": "p73y65",
    "name": "Hotel Villa Tramonto",
    "region": "Toscana",
    "country": "Italia",
    "access": "public",
    "status": "active",
    "notes": "Hotel sunset, they have a Rosenbach vertical piano, in the hall, they hope for someone who play it and enjoy!!",
    "sources": [
     {
      "source": "pianos.pub",
      "ref": "spxmrb4"
     }
    ],
    "url": "https://openpianos.net/piano/p73y65",
    "created_at": "2026-08-27T15:23:41.509Z",
    "updated_at": "2026-08-27T15:23:41.509Z",
    "last_verified_at": null
   }
  },
  {
   "type": "Feature",
   "geometry": {
    "type": "Point",
    "coordinates": [
     7.62901,
     45.93731
    ]
   },
   "properties": {
    "id": "4dv3bq",
    "name": "Jumeaux",
    "region": "Valle d'Aosta / Vallée d'Aoste",
    "country": "Italia",
    "access": "public",
    "status": "active",
    "notes": "Pianoforte a coda bianco bellissimo, spesso nella hall c'è qualcuno, o comunque c'è interesse nell'ascoltare un pianista :)",
    "sources": [
     {
      "source": "pianos.pub",
      "ref": "u0jmmde"
     }
    ],
    "url": "https://openpianos.net/piano/4dv3bq",
    "created_at": "2026-08-27T15:23:43.390Z",
    "updated_at": "2026-08-27T15:23:43.390Z",
    "last_verified_at": null
   }
  },
  {
   "type": "Feature",
   "geometry": {
    "type": "Point",
    "coordinates": [
     11.14809,
     43.45062
    ]
   },
   "properties": {
    "id": "6sx47v",
    "name": "Ospedale dell'Alta Val d'Elsa",
    "region": "Toscana",
    "country": "Italia",
    "access": "public",
    "status": "active",
    "sources": [
     {
      "source": "pianos.pub",
      "ref": "spxzjtv"
     }
    ],
    "url": "https://openpianos.net/piano/6sx47v",
    "created_at": "2026-08-27T15:23:41.509Z",
    "updated_at": "2026-08-27T15:23:41.509Z",
    "last_verified_at": null
   }
  },
  {
   "type": "Feature",
   "geometry": {
    "type": "Point",
    "coordinates": [
     12.43847,
     44.00701
    ]
   },
   "properties": {
    "id": "13679d",
    "name": "Popolare Valconca",
    "region": "Emilia-Romagna",
    "country": "Italia",
    "access": "public",
    "status": "active",
    "sources": [
     {
      "source": "pianos.pub",
      "ref": "srbf751"
     }
    ],
    "url": "https://openpianos.net/piano/13679d",
    "created_at": "2026-08-27T15:23:41.509Z",
    "updated_at": "2026-08-27T15:23:41.509Z",
    "last_verified_at": null
   }
  },
  {
   "type": "Feature",
   "geometry": {
    "type": "Point",
    "coordinates": [
     13.42401,
     42.035
    ]
   },
   "properties": {
    "id": "8yyfcf",
    "name": "Via Giuseppe Mazzini",
    "country": "Italia",
    "access": "public",
    "status": "active",
    "notes": "It's very big, and you can play it",
    "sources": [
     {
      "source": "pianos.pub",
      "ref": "sr3x1kp"
     }
    ],
    "url": "https://openpianos.net/piano/8yyfcf",
    "created_at": "2026-08-27T15:23:41.509Z",
    "updated_at": "2026-08-27T15:23:41.509Z",
    "last_verified_at": null
   }
  },
  {
   "type": "Feature",
   "geometry": {
    "type": "Point",
    "coordinates": [
     10.69212,
     46.35236
    ]
   },
   "properties": {
    "id": "ckypqx",
    "name": "Via Roma",
    "region": "Trentino-Alto Adige/Südtirol",
    "country": "Italia",
    "access": "public",
    "status": "active",
    "notes": "Pianoforte a muro marrone, bello, spesso nella hall c'è qualcuno, o comunque c'è interesse nell'ascoltare un pianista :)",
    "sources": [
     {
      "source": "pianos.pub",
      "ref": "u0pxeq1"
     }
    ],
    "url": "https://openpianos.net/piano/ckypqx",
    "created_at": "2026-08-27T15:23:43.390Z",
    "updated_at": "2026-08-27T15:23:43.390Z",
    "last_verified_at": null
   }
  },
  {
   "type": "Feature",
   "geometry": {
    "type": "Point",
    "coordinates": [
     13.42708,
     42.03094
    ]
   },
   "properties": {
    "id": "qhgq9x",
    "name": "Vieniviaconme",
    "country": "Italia",
    "access": "public",
    "status": "active",
    "notes": "It's a vertical, brown and little piano.",
    "sources": [
     {
      "source": "pianos.pub",
      "ref": "sr3x1e3"
     }
    ],
    "url": "https://openpianos.net/piano/qhgq9x",
    "created_at": "2026-08-27T15:23:41.509Z",
    "updated_at": "2026-08-27T15:23:41.509Z",
    "last_verified_at": null
   }
  },
  {
   "type": "Feature",
   "geometry": {
    "type": "Point",
    "coordinates": [
     9.05428,
     39.2515
    ]
   },
   "properties": {
    "id": "xnpew8",
    "name": "Cagliari Elmas Airport",
    "city": "Cagliari",
    "region": "Sardinia",
    "country": "Italy",
    "access": "public",
    "status": "active",
    "notes": "There is a piano before security.",
    "sources": [
     {
      "source": "airportpianos",
      "ref": "CAG"
     }
    ],
    "url": "https://openpianos.net/piano/xnpew8",
    "created_at": "2026-08-26T19:23:51.453Z",
    "updated_at": "2026-08-26T19:23:51.453Z",
    "last_verified_at": null
   }
  },
  {
   "type": "Feature",
   "geometry": {
    "type": "Point",
    "coordinates": [
     15.0664,
     37.4668
    ]
   },
   "properties": {
    "id": "gn79fz",
    "name": "Catania–Fontanarossa Airport",
    "city": "Catania",
    "region": "Catania",
    "country": "Italy",
    "access": "public",
    "status": "active",
    "notes": "location: Near gate 5, after the security check\nCatania–Fontanarossa Airport has a piano near gate 5, after the security check.",
    "sources": [
     {
      "source": "airportpianos",
      "ref": "CTA"
     }
    ],
    "url": "https://openpianos.net/piano/gn79fz",
    "created_at": "2026-08-26T19:23:51.453Z",
    "updated_at": "2026-08-26T19:23:51.453Z",
    "last_verified_at": null
   }
  },
  {
   "type": "Feature",
   "geometry": {
    "type": "Point",
    "coordinates": [
     8.84073,
     44.41204
    ]
   },
   "properties": {
    "id": "scrrbs",
    "name": "Genova City Airport",
    "city": "Genova",
    "region": "Genova",
    "country": "Italy",
    "access": "public",
    "status": "active",
    "notes": "There is a piano available to play in this airport but the person who submitted the piano did not say where it is. If you see a piano, please let us know so we can update the website!",
    "sources": [
     {
      "source": "airportpianos",
      "ref": "GOA"
     }
    ],
    "url": "https://openpianos.net/piano/scrrbs",
    "created_at": "2026-08-26T19:23:51.453Z",
    "updated_at": "2026-08-26T19:23:51.453Z",
    "last_verified_at": null
   }
  },
  {
   "type": "Feature",
   "geometry": {
    "type": "Point",
    "coordinates": [
     9.70885,
     45.66936
    ]
   },
   "properties": {
    "id": "qydwbn",
    "name": "Il Caravaggio International Airport",
    "city": "Milan",
    "region": "Milan",
    "country": "Italy",
    "access": "public",
    "status": "active",
    "notes": "location: Gate A7 · ⚠ case-duplicate files disagree on description — read both in raw\nThere is a Yamaha grand piano in the A gates area.",
    "sources": [
     {
      "source": "airportpianos",
      "ref": "BGY"
     }
    ],
    "url": "https://openpianos.net/piano/qydwbn",
    "created_at": "2026-08-26T19:23:51.453Z",
    "updated_at": "2026-08-26T19:23:51.453Z",
    "last_verified_at": null
   }
  },
  {
   "type": "Feature",
   "geometry": {
    "type": "Point",
    "coordinates": [
     14.2908,
     40.886
    ]
   },
   "properties": {
    "id": "n3d8ac",
    "name": "Capodichino Airport",
    "city": "Naples",
    "region": "Naples",
    "country": "Italy",
    "access": "public",
    "status": "active",
    "notes": "location: Area C, Departures\nCapodichino Airport has an airport in Area C, Departures.",
    "sources": [
     {
      "source": "airportpianos",
      "ref": "NAP"
     }
    ],
    "url": "https://openpianos.net/piano/n3d8ac",
    "created_at": "2026-08-26T19:23:53.637Z",
    "updated_at": "2026-08-26T19:23:53.637Z",
    "last_verified_at": null
   }
  },
  {
   "type": "Feature",
   "geometry": {
    "type": "Point",
    "coordinates": [
     13.091,
     38.176
    ]
   },
   "properties": {
    "id": "4qpt57",
    "name": "Falcone-Borsellino Airport",
    "city": "Palermo",
    "region": "Sicily",
    "country": "Italy",
    "access": "public",
    "status": "active",
    "notes": "location: Departures\nA piano is available for public use in the Departures hall.",
    "sources": [
     {
      "source": "airportpianos",
      "ref": "PMO"
     }
    ],
    "url": "https://openpianos.net/piano/4qpt57",
    "created_at": "2026-08-26T19:23:53.637Z",
    "updated_at": "2026-08-26T19:23:53.637Z",
    "last_verified_at": null
   }
  },
  {
   "type": "Feature",
   "geometry": {
    "type": "Point",
    "coordinates": [
     12.59533,
     41.79877
    ]
   },
   "properties": {
    "id": "18kcv5",
    "name": "Ciampino-G. B. Pastine International Airport",
    "city": "Rome",
    "region": "Lazio",
    "country": "Italy",
    "access": "public",
    "status": "active",
    "notes": "location: Main Gates\nA piano is available for public use after security and before passport check in the main gates.",
    "sources": [
     {
      "source": "airportpianos",
      "ref": "CIA"
     }
    ],
    "url": "https://openpianos.net/piano/18kcv5",
    "created_at": "2026-08-26T19:23:51.453Z",
    "updated_at": "2026-08-26T19:23:51.453Z",
    "last_verified_at": null
   }
  },
  {
   "type": "Feature",
   "geometry": {
    "type": "Point",
    "coordinates": [
     12.252,
     41.80453
    ]
   },
   "properties": {
    "id": "qwphs7",
    "name": "Leonardo da Vinci-Fiumicino Airport",
    "city": "Rome",
    "region": "Lazio",
    "country": "Italy",
    "access": "public",
    "status": "active",
    "notes": "location: Terminal 3, near Gate E17\nTwo grand pianos are available for public use in Terminal 3 (international flights) near Gate E17, after security. There is also a piano in Terminal 1, after security.",
    "sources": [
     {
      "source": "airportpianos",
      "ref": "FCO"
     }
    ],
    "url": "https://openpianos.net/piano/qwphs7",
    "created_at": "2026-08-26T19:23:51.453Z",
    "updated_at": "2026-08-26T19:23:51.453Z",
    "last_verified_at": null
   }
  },
  {
   "type": "Feature",
   "geometry": {
    "type": "Point",
    "coordinates": [
     139.78696,
     35.54968
    ]
   },
   "properties": {
    "id": "n1nzh6",
    "name": "Haneda International Airport",
    "city": "Haneda",
    "region": "Tokyo",
    "country": "Japan",
    "access": "public",
    "status": "active",
    "notes": "location: Terminal 3 Arrivals\nHaneda International Airport has a piano in Terminal 3 Arrivals.",
    "sources": [
     {
      "source": "airportpianos",
      "ref": "HND"
     }
    ],
    "url": "https://openpianos.net/piano/n1nzh6",
    "created_at": "2026-08-26T19:23:51.453Z",
    "updated_at": "2026-08-26T19:23:51.453Z",
    "last_verified_at": null
   }
  },
  {
   "type": "Feature",
   "geometry": {
    "type": "Point",
    "coordinates": [
     24.85419,
     57.15311
    ]
   },
   "properties": {
    "id": "xr4ydb",
    "name": "Siguldas dzelzceļa stacija un autoosta",
    "country": "Latvija",
    "access": "public",
    "status": "active",
    "notes": "Klavieres iekšā Siguldas vilciena stacijā.",
    "sources": [
     {
      "source": "pianos.pub",
      "ref": "ud1tjs6"
     }
    ],
    "url": "https://openpianos.net/piano/xr4ydb",
    "created_at": "2026-08-27T15:23:45.173Z",
    "updated_at": "2026-08-27T15:23:45.173Z",
    "last_verified_at": null
   }
  },
  {
   "type": "Feature",
   "geometry": {
    "type": "Point",
    "coordinates": [
     100.28653,
     5.39809
    ]
   },
   "properties": {
    "id": "jvfyhb",
    "name": "Sunshine",
    "city": "George Town",
    "region": "Pulau Pinang",
    "country": "Malaysia",
    "access": "public",
    "status": "active",
    "sources": [
     {
      "source": "pianos.pub",
      "ref": "w0zqdnd"
     }
    ],
    "url": "https://openpianos.net/piano/jvfyhb",
    "created_at": "2026-08-27T15:23:45.173Z",
    "updated_at": "2026-08-27T15:23:45.173Z",
    "last_verified_at": null
   }
  },
  {
   "type": "Feature",
   "geometry": {
    "type": "Point",
    "coordinates": [
     101.70842,
     3.14034
    ]
   },
   "properties": {
    "id": "1h125n",
    "name": "Mitsui Shopping Park LaLaport Bukit Bintang City Centre",
    "city": "Kuala Lumpur",
    "region": "Kuala Lumpur",
    "country": "Malaysia",
    "access": "public",
    "status": "active",
    "sources": [
     {
      "source": "pianos.pub",
      "ref": "w283f7t"
     }
    ],
    "url": "https://openpianos.net/piano/1h125n",
    "created_at": "2026-08-27T15:23:45.173Z",
    "updated_at": "2026-08-27T15:23:45.173Z",
    "last_verified_at": null
   }
  },
  {
   "type": "Feature",
   "geometry": {
    "type": "Point",
    "coordinates": [
     101.71,
     2.74558
    ]
   },
   "properties": {
    "id": "4k7g48",
    "name": "Kuala Lumpur International Airport",
    "city": "Selangor",
    "region": "Selangor",
    "country": "Malaysia",
    "access": "public",
    "status": "active",
    "notes": "There is a piano in Terminal 1, opposite the aerotrain to C gates and Dimensi duty free.",
    "sources": [
     {
      "source": "airportpianos",
      "ref": "KUL"
     }
    ],
    "url": "https://openpianos.net/piano/4k7g48",
    "created_at": "2026-08-26T19:23:51.453Z",
    "updated_at": "2026-08-26T19:23:51.453Z",
    "last_verified_at": null
   }
  },
  {
   "type": "Feature",
   "geometry": {
    "type": "Point",
    "coordinates": [
     101.70979,
     2.74221
    ]
   },
   "properties": {
    "id": "psry6b",
    "name": "Lapangan Terbang Antarabangsa Kuala Lumpur",
    "city": "Sepang",
    "region": "Selangor",
    "country": "Malaysia",
    "access": "public",
    "status": "active",
    "sources": [
     {
      "source": "pianos.pub",
      "ref": "w22rd7n"
     }
    ],
    "url": "https://openpianos.net/piano/psry6b",
    "created_at": "2026-08-27T15:23:34.036Z",
    "updated_at": "2026-08-27T15:23:34.036Z",
    "last_verified_at": null
   }
  },
  {
   "type": "Feature",
   "geometry": {
    "type": "Point",
    "coordinates": [
     14.49155,
     35.84593
    ]
   },
   "properties": {
    "id": "56pz74",
    "name": "Malta International Airport",
    "city": "Luqa",
    "region": "Malta",
    "country": "Malta",
    "access": "public",
    "status": "active",
    "notes": "location: Departures\nA piano is available for public use in the Departures area, between gates 1-4 near the Airport Information desk, and/or potentially at Gate 6.",
    "sources": [
     {
      "source": "airportpianos",
      "ref": "MLA"
     }
    ],
    "url": "https://openpianos.net/piano/56pz74",
    "created_at": "2026-08-26T19:23:53.637Z",
    "updated_at": "2026-08-26T19:23:53.637Z",
    "last_verified_at": null
   }
  },
  {
   "type": "Feature",
   "geometry": {
    "type": "Point",
    "coordinates": [
     57.6836,
     -20.4302
    ]
   },
   "properties": {
    "id": "esnerd",
    "name": "Sir Seewoosagur Ramgoolam International Airport",
    "city": "Plaine Magnien",
    "country": "Mauritius",
    "access": "public",
    "status": "active",
    "notes": "location: At the terminal connecting to La Reunión.\nAt the terminal connecting to La Reunión.",
    "sources": [
     {
      "source": "airportpianos",
      "ref": "MRU"
     }
    ],
    "url": "https://openpianos.net/piano/esnerd",
    "created_at": "2026-08-26T19:23:53.637Z",
    "updated_at": "2026-08-26T19:23:53.637Z",
    "last_verified_at": null
   }
  },
  {
   "type": "Feature",
   "geometry": {
    "type": "Point",
    "coordinates": [
     -86.87347,
     21.04082
    ]
   },
   "properties": {
    "id": "fpzc60",
    "name": "Cancún International Airport",
    "city": "Cancún",
    "region": "Cancún",
    "country": "Mexico",
    "access": "public",
    "status": "active",
    "notes": "There is a piano in Terminal 2 in Cancún International Airport.",
    "sources": [
     {
      "source": "airportpianos",
      "ref": "CUN"
     }
    ],
    "url": "https://openpianos.net/piano/fpzc60",
    "created_at": "2026-08-26T19:23:51.453Z",
    "updated_at": "2026-08-26T19:23:51.453Z",
    "last_verified_at": null
   }
  },
  {
   "type": "Feature",
   "geometry": {
    "type": "Point",
    "coordinates": [
     -99.07033,
     19.43582
    ]
   },
   "properties": {
    "id": "ddqvtz",
    "name": "Mexico City International Airport",
    "city": "Mexico City",
    "region": "Mexico City",
    "country": "Mexico",
    "access": "public",
    "status": "active",
    "notes": "location: Terminals 1 and 2\nA piano is available for public use in Terminal 2 at around Gate 70 and in Terminal 1 around Gate 31.",
    "sources": [
     {
      "source": "airportpianos",
      "ref": "MEX"
     }
    ],
    "url": "https://openpianos.net/piano/ddqvtz",
    "created_at": "2026-08-26T19:23:51.453Z",
    "updated_at": "2026-08-26T19:23:51.453Z",
    "last_verified_at": null
   }
  },
  {
   "type": "Feature",
   "geometry": {
    "type": "Point",
    "coordinates": [
     28.9317,
     46.92774
    ]
   },
   "properties": {
    "id": "hh3w1j",
    "name": "Chișinău International Airport",
    "city": "Chișinău",
    "region": "Chișinău",
    "country": "Moldova",
    "access": "public",
    "status": "active",
    "notes": "Chișinău International Airport has a piano in the waiting area.",
    "sources": [
     {
      "source": "airportpianos",
      "ref": "KIV"
     }
    ],
    "url": "https://openpianos.net/piano/hh3w1j",
    "created_at": "2026-08-26T19:29:20.454Z",
    "updated_at": "2026-08-26T19:29:20.454Z",
    "last_verified_at": null
   }
  },
  {
   "type": "Feature",
   "geometry": {
    "type": "Point",
    "coordinates": [
     -86.87945,
     21.04283
    ]
   },
   "properties": {
    "id": "zjjwby",
    "name": "Aeropuerto Internacional de Cancún",
    "city": "Cancún",
    "region": "Quintana Roo",
    "country": "México",
    "access": "public",
    "status": "active",
    "sources": [
     {
      "source": "pianos.pub",
      "ref": "d5dpxn8"
     }
    ],
    "url": "https://openpianos.net/piano/zjjwby",
    "created_at": "2026-08-27T15:23:34.036Z",
    "updated_at": "2026-08-27T15:23:34.036Z",
    "last_verified_at": null
   }
  },
  {
   "type": "Feature",
   "geometry": {
    "type": "Point",
    "coordinates": [
     -117.02815,
     32.52329
    ]
   },
   "properties": {
    "id": "t7bgk3",
    "name": "La Telefonica GastroPark",
    "city": "Tijuana",
    "region": "Baja California",
    "country": "México",
    "access": "public",
    "status": "active",
    "sources": [
     {
      "source": "pianos.pub",
      "ref": "9muc0bw"
     }
    ],
    "url": "https://openpianos.net/piano/t7bgk3",
    "created_at": "2026-08-27T15:23:39.731Z",
    "updated_at": "2026-08-27T15:23:39.731Z",
    "last_verified_at": null
   }
  },
  {
   "type": "Feature",
   "geometry": {
    "type": "Point",
    "coordinates": [
     5.3074,
     51.68821
    ]
   },
   "properties": {
    "id": "8wjy3w",
    "name": "Rodeo",
    "city": "'s-Hertogenbosch",
    "region": "Noord-Brabant",
    "country": "Nederland",
    "access": "public",
    "status": "active",
    "sources": [
     {
      "source": "pianos.pub",
      "ref": "u15y0c8"
     }
    ],
    "url": "https://openpianos.net/piano/8wjy3w",
    "created_at": "2026-08-27T15:23:43.390Z",
    "updated_at": "2026-08-27T15:23:43.390Z",
    "last_verified_at": null
   }
  },
  {
   "type": "Feature",
   "geometry": {
    "type": "Point",
    "coordinates": [
     6.98695,
     52.36032
    ]
   },
   "properties": {
    "id": "j6qthj",
    "name": "Actief Twente",
    "region": "Overijssel",
    "country": "Nederland",
    "access": "public",
    "status": "active",
    "notes": "Klink goed, beetje uit de toon maar voor de rest wel prima",
    "sources": [
     {
      "source": "pianos.pub",
      "ref": "u1kcygz"
     }
    ],
    "url": "https://openpianos.net/piano/j6qthj",
    "created_at": "2026-08-27T15:23:43.390Z",
    "updated_at": "2026-08-27T15:23:43.390Z",
    "last_verified_at": null
   }
  },
  {
   "type": "Feature",
   "geometry": {
    "type": "Point",
    "coordinates": [
     6.66699,
     52.35558
    ]
   },
   "properties": {
    "id": "6m3229",
    "name": "Van der Valk Theaterhotel",
    "region": "Overijssel",
    "country": "Nederland",
    "access": "public",
    "status": "active",
    "notes": "You only have time for 15 seconds before they send you away",
    "sources": [
     {
      "source": "pianos.pub",
      "ref": "u1k9zen"
     }
    ],
    "url": "https://openpianos.net/piano/6m3229",
    "created_at": "2026-08-27T15:23:43.390Z",
    "updated_at": "2026-08-27T15:23:43.390Z",
    "last_verified_at": null
   }
  },
  {
   "type": "Feature",
   "geometry": {
    "type": "Point",
    "coordinates": [
     4.76389,
     52.3086
    ]
   },
   "properties": {
    "id": "5s8fvm",
    "name": "Amsterdam Airport Schiphol",
    "city": "Amsterdam",
    "country": "Netherlands",
    "access": "public",
    "status": "active",
    "notes": "location: Terminal E\nA piano is available for public use in the airport.",
    "sources": [
     {
      "source": "airportpianos",
      "ref": "AMS"
     }
    ],
    "url": "https://openpianos.net/piano/5s8fvm",
    "created_at": "2026-08-26T19:10:04.672Z",
    "updated_at": "2026-08-26T19:10:04.672Z",
    "last_verified_at": null
   }
  },
  {
   "type": "Feature",
   "geometry": {
    "type": "Point",
    "coordinates": [
     5.88164,
     51.73076
    ]
   },
   "properties": {
    "id": "ns-cuijk",
    "name": "Station Cuijk",
    "city": "Cuijk",
    "country": "Netherlands",
    "access": "public",
    "status": "active",
    "sources": [],
    "url": "https://openpianos.net/piano/ns-cuijk",
    "created_at": "2026-08-20T22:52:40.921Z",
    "updated_at": "2026-08-20T22:52:40.921Z",
    "last_verified_at": null
   }
  },
  {
   "type": "Feature",
   "geometry": {
    "type": "Point",
    "coordinates": [
     4.35643,
     52.00786
    ]
   },
   "properties": {
    "id": "stationspiano-delft",
    "name": "Stationspiano",
    "city": "Delft",
    "country": "Netherlands",
    "access": "public",
    "status": "active",
    "sources": [],
    "url": "https://openpianos.net/piano/stationspiano-delft",
    "created_at": "2026-08-20T22:52:40.786Z",
    "updated_at": "2026-08-20T22:52:40.786Z",
    "last_verified_at": null
   }
  },
  {
   "type": "Feature",
   "geometry": {
    "type": "Point",
    "coordinates": [
     4.70505,
     52.01756
    ]
   },
   "properties": {
    "id": "ns-gouda",
    "name": "Station Gouda",
    "city": "Gouda",
    "country": "Netherlands",
    "access": "public",
    "status": "active",
    "sources": [],
    "url": "https://openpianos.net/piano/ns-gouda",
    "created_at": "2026-08-20T22:52:40.931Z",
    "updated_at": "2026-08-20T22:52:40.931Z",
    "last_verified_at": null
   }
  },
  {
   "type": "Feature",
   "geometry": {
    "type": "Point",
    "coordinates": [
     4.3160089,
     52.0775444
    ]
   },
   "properties": {
    "id": "biblio-den-haag",
    "name": "Centrale Bibliotheek Den Haag",
    "city": "The Hague",
    "country": "Netherlands",
    "access": "bookable",
    "status": "active",
    "sources": [],
    "url": "https://openpianos.net/piano/biblio-den-haag",
    "created_at": "2026-08-20T22:52:40.958Z",
    "updated_at": "2026-08-20T22:52:40.958Z",
    "last_verified_at": null
   }
  },
  {
   "type": "Feature",
   "geometry": {
    "type": "Point",
    "coordinates": [
     4.3249,
     52.0809
    ]
   },
   "properties": {
    "id": "den-haag-centraal",
    "name": "Den Haag Centraal",
    "city": "The Hague",
    "country": "Netherlands",
    "access": "public",
    "status": "active",
    "notes": "NS station piano.",
    "sources": [
     {
      "source": "pianos.pub",
      "ref": "751d2688"
     },
     {
      "source": "pianos.pub",
      "ref": "73e52685"
     },
     {
      "source": "pianos.pub",
      "ref": "75ed268a"
     },
     {
      "source": "pianos.pub",
      "ref": "a1e921e7"
     }
    ],
    "url": "https://openpianos.net/piano/den-haag-centraal",
    "created_at": "2026-08-20T22:52:40.616Z",
    "updated_at": "2026-08-20T22:52:40.616Z",
    "last_verified_at": "2025-10-19T13:39:38.455Z"
   }
  },
  {
   "type": "Feature",
   "geometry": {
    "type": "Point",
    "coordinates": [
     4.28166,
     52.11317
    ]
   },
   "properties": {
    "id": "51vkk3",
    "name": "The Kurhaus",
    "city": "The Hague",
    "country": "Netherlands",
    "access": "public",
    "status": "active",
    "sources": [],
    "url": "https://openpianos.net/piano/51vkk3",
    "created_at": "2026-08-20T22:52:40.968Z",
    "updated_at": "2026-08-20T22:52:40.968Z",
    "last_verified_at": null
   }
  },
  {
   "type": "Feature",
   "geometry": {
    "type": "Point",
    "coordinates": [
     4.31971,
     52.07149
    ]
   },
   "properties": {
    "id": "the-student-hotel",
    "name": "The Social Hub The Hague",
    "city": "The Hague",
    "country": "Netherlands",
    "access": "public",
    "status": "active",
    "sources": [
     {
      "source": "pianos.pub",
      "ref": "5eb52cd5"
     }
    ],
    "url": "https://openpianos.net/piano/the-student-hotel",
    "created_at": "2026-08-20T22:52:40.881Z",
    "updated_at": "2026-08-20T22:52:40.881Z",
    "last_verified_at": "2018-08-13T07:39:03.000Z"
   }
  },
  {
   "type": "Feature",
   "geometry": {
    "type": "Point",
    "coordinates": [
     174.74226,
     -36.7789
    ]
   },
   "properties": {
    "id": "8q8nnc",
    "name": "Archers Road",
    "city": "Kaipātiki",
    "region": "Auckland",
    "country": "New Zealand / Aotearoa",
    "access": "public",
    "status": "active",
    "notes": "Inside Golden Apple Supermarket",
    "sources": [
     {
      "source": "pianos.pub",
      "ref": "rckqb2e"
     }
    ],
    "url": "https://openpianos.net/piano/8q8nnc",
    "created_at": "2026-08-27T15:23:34.036Z",
    "updated_at": "2026-08-27T15:23:34.036Z",
    "last_verified_at": null
   }
  },
  {
   "type": "Feature",
   "geometry": {
    "type": "Point",
    "coordinates": [
     174.77948,
     -41.29609
    ]
   },
   "properties": {
    "id": "jgnf63",
    "name": "Escape Rooms Wellington",
    "city": "Wellington",
    "region": "Wellington",
    "country": "New Zealand / Aotearoa",
    "access": "public",
    "status": "active",
    "notes": "Entrance to bookshop is very unassuming and looks a bit dodgy but once inside is a very quaint little space, with a relatively in tune piano! Guy who runs the place is an (as ever) very friendly kiwi.",
    "sources": [
     {
      "source": "pianos.pub",
      "ref": "rbsm14q"
     }
    ],
    "url": "https://openpianos.net/piano/jgnf63",
    "created_at": "2026-08-27T15:23:46.777Z",
    "updated_at": "2026-08-27T15:23:46.777Z",
    "last_verified_at": null
   }
  },
  {
   "type": "Feature",
   "geometry": {
    "type": "Point",
    "coordinates": [
     5.31861,
     60.39507
    ]
   },
   "properties": {
    "id": "zqc7tk",
    "name": "Strandsiden",
    "city": "Bergen",
    "country": "Norge",
    "access": "public",
    "status": "active",
    "notes": "It is a place meant to give the opportunity to young musician to play and borrow instruments, this is the website https://www.givemusicachance.no/instrumentbanken-1-1",
    "sources": [
     {
      "source": "pianos.pub",
      "ref": "u4ez948"
     }
    ],
    "url": "https://openpianos.net/piano/zqc7tk",
    "created_at": "2026-08-27T15:23:43.390Z",
    "updated_at": "2026-08-27T15:23:43.390Z",
    "last_verified_at": null
   }
  },
  {
   "type": "Feature",
   "geometry": {
    "type": "Point",
    "coordinates": [
     10.75317,
     59.90951
    ]
   },
   "properties": {
    "id": "dqrhh3",
    "name": "Thon Hotel Opera",
    "city": "Oslo",
    "country": "Norge",
    "access": "public",
    "status": "active",
    "notes": "Black Peteof grand. Sits in a corner next to the elevators in the lobby. Walk up the stairs to access it. It overlooks the front desk.",
    "sources": [
     {
      "source": "pianos.pub",
      "ref": "u4xsudn"
     }
    ],
    "url": "https://openpianos.net/piano/dqrhh3",
    "created_at": "2026-08-27T15:23:45.173Z",
    "updated_at": "2026-08-27T15:23:45.173Z",
    "last_verified_at": null
   }
  },
  {
   "type": "Feature",
   "geometry": {
    "type": "Point",
    "coordinates": [
     10.40285,
     63.4334
    ]
   },
   "properties": {
    "id": "mtyf34",
    "name": "Cinemateket Trondheim",
    "city": "Trondheim",
    "country": "Norge",
    "access": "public",
    "status": "active",
    "notes": "The folks ther love that you play the piano(If your good) soo if you can play la campanella like my idol anders154",
    "sources": [
     {
      "source": "pianos.pub",
      "ref": "u5r2uex"
     }
    ],
    "url": "https://openpianos.net/piano/mtyf34",
    "created_at": "2026-08-27T15:23:45.173Z",
    "updated_at": "2026-08-27T15:23:45.173Z",
    "last_verified_at": null
   }
  },
  {
   "type": "Feature",
   "geometry": {
    "type": "Point",
    "coordinates": [
     10.82007,
     59.79156
    ]
   },
   "properties": {
    "id": "nbp8cx",
    "name": "The Well",
    "country": "Norge",
    "access": "public",
    "status": "active",
    "sources": [
     {
      "source": "pianos.pub",
      "ref": "u4xsnhw"
     }
    ],
    "url": "https://openpianos.net/piano/nbp8cx",
    "created_at": "2026-08-27T15:23:45.173Z",
    "updated_at": "2026-08-27T15:23:45.173Z",
    "last_verified_at": null
   }
  },
  {
   "type": "Feature",
   "geometry": {
    "type": "Point",
    "coordinates": [
     5.21814,
     60.2934
    ]
   },
   "properties": {
    "id": "jxey7m",
    "name": "Bergen Airport",
    "city": "Flesland",
    "region": "Flesland",
    "country": "Norway",
    "access": "public",
    "status": "active",
    "notes": "location: Departures\nBergen Airport has a piano in the departures area.",
    "sources": [
     {
      "source": "airportpianos",
      "ref": "BGO"
     }
    ],
    "url": "https://openpianos.net/piano/jxey7m",
    "created_at": "2026-08-26T19:23:51.453Z",
    "updated_at": "2026-08-26T19:23:51.453Z",
    "last_verified_at": null
   }
  },
  {
   "type": "Feature",
   "geometry": {
    "type": "Point",
    "coordinates": [
     11.1004,
     60.1939
    ]
   },
   "properties": {
    "id": "cxw0b3",
    "name": "Oslo Gardermoen Airport",
    "city": "Oslo",
    "region": "Oslo",
    "country": "Norway",
    "access": "public",
    "status": "active",
    "notes": "location: Has a piano\nOslo airport has a piano, but the exact location was not reported in the submission to this website.",
    "sources": [
     {
      "source": "airportpianos",
      "ref": "OSL"
     }
    ],
    "url": "https://openpianos.net/piano/cxw0b3",
    "created_at": "2026-08-26T19:23:53.637Z",
    "updated_at": "2026-08-26T19:23:53.637Z",
    "last_verified_at": null
   }
  },
  {
   "type": "Feature",
   "geometry": {
    "type": "Point",
    "coordinates": [
     121.05,
     14.33132
    ]
   },
   "properties": {
    "id": "jt679c",
    "name": "Southwoods Mall",
    "city": "Biñan",
    "region": "Laguna",
    "country": "Philippines",
    "access": "public",
    "status": "active",
    "sources": [
     {
      "source": "pianos.pub",
      "ref": "wdw1d8c"
     }
    ],
    "url": "https://openpianos.net/piano/jt679c",
    "created_at": "2026-08-27T15:23:45.173Z",
    "updated_at": "2026-08-27T15:23:45.173Z",
    "last_verified_at": null
   }
  },
  {
   "type": "Feature",
   "geometry": {
    "type": "Point",
    "coordinates": [
     121.01191,
     14.43303
    ]
   },
   "properties": {
    "id": "1nrk5y",
    "name": "SM Southmall",
    "city": "Las Piñas",
    "country": "Philippines",
    "access": "public",
    "status": "active",
    "sources": [
     {
      "source": "pianos.pub",
      "ref": "wdw41eq"
     }
    ],
    "url": "https://openpianos.net/piano/1nrk5y",
    "created_at": "2026-08-27T15:23:45.173Z",
    "updated_at": "2026-08-27T15:23:45.173Z",
    "last_verified_at": null
   }
  },
  {
   "type": "Feature",
   "geometry": {
    "type": "Point",
    "coordinates": [
     121.03095,
     14.42339
    ]
   },
   "properties": {
    "id": "2qvhw7",
    "name": "Alabang Town Center",
    "city": "Muntinlupa",
    "country": "Philippines",
    "access": "public",
    "status": "active",
    "sources": [
     {
      "source": "pianos.pub",
      "ref": "wdw441s"
     }
    ],
    "url": "https://openpianos.net/piano/2qvhw7",
    "created_at": "2026-08-27T15:23:45.173Z",
    "updated_at": "2026-08-27T15:23:45.173Z",
    "last_verified_at": null
   }
  },
  {
   "type": "Feature",
   "geometry": {
    "type": "Point",
    "coordinates": [
     121.04168,
     14.41536
    ]
   },
   "properties": {
    "id": "jrzrps",
    "name": "Landmark Alabang",
    "city": "Muntinlupa",
    "country": "Philippines",
    "access": "public",
    "status": "active",
    "sources": [
     {
      "source": "pianos.pub",
      "ref": "wdw4425"
     }
    ],
    "url": "https://openpianos.net/piano/jrzrps",
    "created_at": "2026-08-27T15:23:45.173Z",
    "updated_at": "2026-08-27T15:23:45.173Z",
    "last_verified_at": null
   }
  },
  {
   "type": "Feature",
   "geometry": {
    "type": "Point",
    "coordinates": [
     121.01867,
     14.60441
    ]
   },
   "properties": {
    "id": "709bwy",
    "name": "Max's Restaurant",
    "city": "Quezon City",
    "country": "Pilipinas",
    "access": "public",
    "status": "active",
    "notes": "piano is facing the entrance from the lrt, if absent, go to third floor Cyberzone right side",
    "sources": [
     {
      "source": "pianos.pub",
      "ref": "wdw51fe"
     }
    ],
    "url": "https://openpianos.net/piano/709bwy",
    "created_at": "2026-08-27T15:23:45.173Z",
    "updated_at": "2026-08-27T15:23:45.173Z",
    "last_verified_at": null
   }
  },
  {
   "type": "Feature",
   "geometry": {
    "type": "Point",
    "coordinates": [
     14.25991,
     50.10087
    ]
   },
   "properties": {
    "id": "c7wvyx",
    "name": "Prague Vaclav Havel Airport",
    "city": "Prague",
    "region": "Prague",
    "country": "Poland",
    "access": "public",
    "status": "active",
    "notes": "location: Terminal 2\nPrague Vaclav Havel Airport has a piano in Terminal 2 after security.",
    "sources": [
     {
      "source": "airportpianos",
      "ref": "PRG"
     }
    ],
    "url": "https://openpianos.net/piano/c7wvyx",
    "created_at": "2026-08-26T19:23:53.637Z",
    "updated_at": "2026-08-26T19:23:53.637Z",
    "last_verified_at": null
   }
  },
  {
   "type": "Feature",
   "geometry": {
    "type": "Point",
    "coordinates": [
     20.9671,
     52.1657
    ]
   },
   "properties": {
    "id": "t7kvjz",
    "name": "Warsaw Chopin Airport",
    "city": "Warsaw",
    "country": "Poland",
    "access": "public",
    "status": "active",
    "notes": "location: Departures 2\nA piano may be available for public use in Departures 2 (submitter was not sure about the exact location).",
    "sources": [
     {
      "source": "airportpianos",
      "ref": "WAW"
     }
    ],
    "url": "https://openpianos.net/piano/t7kvjz",
    "created_at": "2026-08-26T19:23:53.637Z",
    "updated_at": "2026-08-26T19:23:53.637Z",
    "last_verified_at": null
   }
  },
  {
   "type": "Feature",
   "geometry": {
    "type": "Point",
    "coordinates": [
     17.97883,
     53.09327
    ]
   },
   "properties": {
    "id": "b9ay3x",
    "name": "Port Lotniczy Bydgoszcz-Szwederowo",
    "city": "Bydgoszcz",
    "region": "województwo kujawsko-pomorskie",
    "country": "Polska",
    "access": "public",
    "status": "active",
    "notes": "It has vodka lol on top ofc",
    "sources": [
     {
      "source": "pianos.pub",
      "ref": "u3ky117"
     }
    ],
    "url": "https://openpianos.net/piano/b9ay3x",
    "created_at": "2026-08-27T15:23:43.390Z",
    "updated_at": "2026-08-27T15:23:43.390Z",
    "last_verified_at": null
   }
  },
  {
   "type": "Feature",
   "geometry": {
    "type": "Point",
    "coordinates": [
     18.60713,
     54.37739
    ]
   },
   "properties": {
    "id": "0jz1aq",
    "name": "Manhattan",
    "city": "Gdańsk",
    "region": "województwo pomorskie",
    "country": "Polska",
    "access": "public",
    "status": "active",
    "sources": [
     {
      "source": "pianos.pub",
      "ref": "u3tjr7j"
     }
    ],
    "url": "https://openpianos.net/piano/0jz1aq",
    "created_at": "2026-08-27T15:23:43.390Z",
    "updated_at": "2026-08-27T15:23:43.390Z",
    "last_verified_at": null
   }
  },
  {
   "type": "Feature",
   "geometry": {
    "type": "Point",
    "coordinates": [
     19.95097,
     50.02715
    ]
   },
   "properties": {
    "id": "cbtb70",
    "name": "Bonarka City Center",
    "city": "Kraków",
    "region": "województwo małopolskie",
    "country": "Polska",
    "access": "public",
    "status": "active",
    "notes": "There is a Stainway&Sons grand piano. In weekends there are concerts, but on weekdays everyone can ask to try.",
    "sources": [
     {
      "source": "pianos.pub",
      "ref": "u2yhtgp"
     }
    ],
    "url": "https://openpianos.net/piano/cbtb70",
    "created_at": "2026-08-27T15:23:43.390Z",
    "updated_at": "2026-08-27T15:23:43.390Z",
    "last_verified_at": null
   }
  },
  {
   "type": "Feature",
   "geometry": {
    "type": "Point",
    "coordinates": [
     19.92949,
     50.06492
    ]
   },
   "properties": {
    "id": "w5a28t",
    "name": "Rajska",
    "city": "Kraków",
    "region": "województwo małopolskie",
    "country": "Polska",
    "access": "public",
    "status": "active",
    "notes": "Anyone can make a free library card and access it",
    "sources": [
     {
      "source": "pianos.pub",
      "ref": "u2yhvd0"
     }
    ],
    "url": "https://openpianos.net/piano/w5a28t",
    "created_at": "2026-08-27T15:23:34.036Z",
    "updated_at": "2026-08-27T15:23:34.036Z",
    "last_verified_at": null
   }
  },
  {
   "type": "Feature",
   "geometry": {
    "type": "Point",
    "coordinates": [
     18.54463,
     50.08964
    ]
   },
   "properties": {
    "id": "bxzm57",
    "name": "Fortepian przy starostwie powiatowym",
    "city": "Rybnik",
    "region": "województwo śląskie",
    "country": "Polska",
    "access": "public",
    "status": "active",
    "sources": [
     {
      "source": "pianos.pub",
      "ref": "u2vhvyx"
     }
    ],
    "url": "https://openpianos.net/piano/bxzm57",
    "created_at": "2026-08-27T15:23:43.390Z",
    "updated_at": "2026-08-27T15:23:43.390Z",
    "last_verified_at": null
   }
  },
  {
   "type": "Feature",
   "geometry": {
    "type": "Point",
    "coordinates": [
     18.60378,
     53.01335
    ]
   },
   "properties": {
    "id": "jf8xvj",
    "name": "Wały Generała Władysława Sikorskiego",
    "city": "Toruń",
    "region": "województwo kujawsko-pomorskie",
    "country": "Polska",
    "access": "public",
    "status": "active",
    "sources": [
     {
      "source": "pianos.pub",
      "ref": "u3mjx6f"
     }
    ],
    "url": "https://openpianos.net/piano/jf8xvj",
    "created_at": "2026-08-27T15:23:43.390Z",
    "updated_at": "2026-08-27T15:23:43.390Z",
    "last_verified_at": null
   }
  },
  {
   "type": "Feature",
   "geometry": {
    "type": "Point",
    "coordinates": [
     20.97978,
     52.24674
    ]
   },
   "properties": {
    "id": "d7bzts",
    "name": "Klif",
    "city": "Warszawa",
    "region": "województwo mazowieckie",
    "country": "Polska",
    "access": "public",
    "status": "active",
    "sources": [
     {
      "source": "pianos.pub",
      "ref": "u3qcjrj"
     }
    ],
    "url": "https://openpianos.net/piano/d7bzts",
    "created_at": "2026-08-27T15:23:43.390Z",
    "updated_at": "2026-08-27T15:23:43.390Z",
    "last_verified_at": null
   }
  },
  {
   "type": "Feature",
   "geometry": {
    "type": "Point",
    "coordinates": [
     20.90194,
     52.32399
    ]
   },
   "properties": {
    "id": "nftwys",
    "name": "Galeria Łomianki",
    "region": "województwo mazowieckie",
    "country": "Polska",
    "access": "public",
    "status": "active",
    "notes": "Digital Piano, Yamaha Clavinova CLP-465GP, It is inside the room named \"Współdzielnia\", but the last time I saw it, it was unplugged, and the cord was nowhere to be found.",
    "sources": [
     {
      "source": "pianos.pub",
      "ref": "u3qcetk"
     }
    ],
    "url": "https://openpianos.net/piano/nftwys",
    "created_at": "2026-08-27T15:23:34.036Z",
    "updated_at": "2026-08-27T15:23:34.036Z",
    "last_verified_at": null
   }
  },
  {
   "type": "Feature",
   "geometry": {
    "type": "Point",
    "coordinates": [
     -8.41613,
     40.18641
    ]
   },
   "properties": {
    "id": "7qfbgv",
    "name": "Universidade de Coimbra",
    "city": "Coimbra",
    "country": "Portugal",
    "access": "public",
    "status": "active",
    "notes": "It's a university piano provided by Critical Software, as a means to bring awareness to their own business and the need for creativity in software.",
    "sources": [
     {
      "source": "pianos.pub",
      "ref": "ez4h87x"
     }
    ],
    "url": "https://openpianos.net/piano/7qfbgv",
    "created_at": "2026-08-27T15:23:41.509Z",
    "updated_at": "2026-08-27T15:23:41.509Z",
    "last_verified_at": null
   }
  },
  {
   "type": "Feature",
   "geometry": {
    "type": "Point",
    "coordinates": [
     -9.1486,
     38.74455
    ]
   },
   "properties": {
    "id": "1fs33j",
    "name": "Entrecampos",
    "city": "Lisboa",
    "country": "Portugal",
    "access": "public",
    "status": "active",
    "notes": "An upright piano is available in the \"Entre Campos\" metro station in Lisbon, Portugal (also a train station).\r\n--\r\npiano medley in video here: \r\n\r\nhttps://www.instagram.com/reel/DKSW-dWKcrm",
    "sources": [
     {
      "source": "pianos.pub",
      "ref": "eyckrv4"
     }
    ],
    "url": "https://openpianos.net/piano/1fs33j",
    "created_at": "2026-08-27T15:23:41.509Z",
    "updated_at": "2026-08-27T15:23:41.509Z",
    "last_verified_at": null
   }
  },
  {
   "type": "Feature",
   "geometry": {
    "type": "Point",
    "coordinates": [
     -9.15258,
     38.73476
    ]
   },
   "properties": {
    "id": "f9rq9k",
    "name": "São Sebastião",
    "city": "Lisboa",
    "country": "Portugal",
    "access": "public",
    "status": "active",
    "sources": [
     {
      "source": "pianos.pub",
      "ref": "eyckrer"
     }
    ],
    "url": "https://openpianos.net/piano/f9rq9k",
    "created_at": "2026-08-27T15:23:41.509Z",
    "updated_at": "2026-08-27T15:23:41.509Z",
    "last_verified_at": null
   }
  },
  {
   "type": "Feature",
   "geometry": {
    "type": "Point",
    "coordinates": [
     -9.13592,
     38.7813
    ]
   },
   "properties": {
    "id": "qfa5ve",
    "name": "Humberto Delgado Airport",
    "city": "Lisbon",
    "region": "Lisbon",
    "country": "Portugal",
    "access": "public",
    "status": "active",
    "notes": "location: No piano\nLisbon airport does not have a piano.",
    "sources": [
     {
      "source": "airportpianos",
      "ref": "LIS"
     }
    ],
    "url": "https://openpianos.net/piano/qfa5ve",
    "created_at": "2026-08-26T19:23:51.453Z",
    "updated_at": "2026-08-26T19:23:51.453Z",
    "last_verified_at": null
   }
  },
  {
   "type": "Feature",
   "geometry": {
    "type": "Point",
    "coordinates": [
     -8.68139,
     41.2481
    ]
   },
   "properties": {
    "id": "qb862f",
    "name": "Francisco Sá Carneiro Airport",
    "city": "Porto",
    "region": "Porto",
    "country": "Portugal",
    "access": "public",
    "status": "active",
    "notes": "location: Unknown\nPorto Airport has a piano near passport control for Gates 1-11. It was also noted the piano may not be playable at the moment in April 2024, or be available for play by professional musicians; we encourage you to check.",
    "sources": [
     {
      "source": "airportpianos",
      "ref": "OPO"
     }
    ],
    "url": "https://openpianos.net/piano/qb862f",
    "created_at": "2026-08-26T19:23:53.637Z",
    "updated_at": "2026-08-26T19:23:53.637Z",
    "last_verified_at": null
   }
  },
  {
   "type": "Feature",
   "geometry": {
    "type": "Point",
    "coordinates": [
     -9.32592,
     38.6785
    ]
   },
   "properties": {
    "id": "2wtgn3",
    "name": "Nova School of Business and Economics",
    "country": "Portugal",
    "access": "public",
    "status": "active",
    "notes": "This is a private school, but you can enter, even not being a student. It's a grand piano.",
    "sources": [
     {
      "source": "pianos.pub",
      "ref": "eyck5c1"
     }
    ],
    "url": "https://openpianos.net/piano/2wtgn3",
    "created_at": "2026-08-27T15:23:34.036Z",
    "updated_at": "2026-08-27T15:23:34.036Z",
    "last_verified_at": null
   }
  },
  {
   "type": "Feature",
   "geometry": {
    "type": "Point",
    "coordinates": [
     51.60806,
     25.27306
    ]
   },
   "properties": {
    "id": "5daxxk",
    "name": "Hamad International Airport, Doha",
    "city": "Doha",
    "region": "Doha",
    "country": "Qatar",
    "access": "public",
    "status": "active",
    "notes": "There is a piano in a bar in the Doha Hamad International Airport airport. It is unclear if the piano is playable based on the limited information submitted to this website. If you see the piano and have a more precise location, and know if it is playable, please submit more information via the \"Add a Piano\" link at the top of this page.",
    "sources": [
     {
      "source": "airportpianos",
      "ref": "DOH"
     }
    ],
    "url": "https://openpianos.net/piano/5daxxk",
    "created_at": "2026-08-26T19:23:51.453Z",
    "updated_at": "2026-08-26T19:23:51.453Z",
    "last_verified_at": null
   }
  },
  {
   "type": "Feature",
   "geometry": {
    "type": "Point",
    "coordinates": [
     6.16897,
     46.2073
    ]
   },
   "properties": {
    "id": "xhkt0c",
    "name": "Parc des Eaux-Vives",
    "city": "Genève",
    "region": "Genève",
    "country": "Schweiz/Suisse/Svizzera/Svizra",
    "access": "public",
    "status": "active",
    "sources": [
     {
      "source": "pianos.pub",
      "ref": "u0hqu7u"
     }
    ],
    "url": "https://openpianos.net/piano/xhkt0c",
    "created_at": "2026-08-27T15:23:43.390Z",
    "updated_at": "2026-08-27T15:23:43.390Z",
    "last_verified_at": null
   }
  },
  {
   "type": "Feature",
   "geometry": {
    "type": "Point",
    "coordinates": [
     6.14312,
     46.20487
    ]
   },
   "properties": {
    "id": "kxbnkf",
    "name": "Place Philibert-Berthelier",
    "city": "Genève",
    "region": "Genève",
    "country": "Schweiz/Suisse/Svizzera/Svizra",
    "access": "public",
    "status": "active",
    "sources": [
     {
      "source": "pianos.pub",
      "ref": "u0hqgg3"
     }
    ],
    "url": "https://openpianos.net/piano/kxbnkf",
    "created_at": "2026-08-27T15:23:43.390Z",
    "updated_at": "2026-08-27T15:23:43.390Z",
    "last_verified_at": null
   }
  },
  {
   "type": "Feature",
   "geometry": {
    "type": "Point",
    "coordinates": [
     103.89565,
     1.3152
    ]
   },
   "properties": {
    "id": "q79mje",
    "name": "Haig Road Market",
    "city": "Singapore",
    "country": "Singapore",
    "access": "public",
    "status": "active",
    "notes": "Availability depends on if the store is open.",
    "sources": [
     {
      "source": "pianos.pub",
      "ref": "w21zkpq"
     }
    ],
    "url": "https://openpianos.net/piano/q79mje",
    "created_at": "2026-08-27T15:23:45.173Z",
    "updated_at": "2026-08-27T15:23:45.173Z",
    "last_verified_at": null
   }
  },
  {
   "type": "Feature",
   "geometry": {
    "type": "Point",
    "coordinates": [
     14.49305,
     46.05471
    ]
   },
   "properties": {
    "id": "hc0pvq",
    "name": "Caffe Bienale",
    "city": "Ljubljana",
    "country": "Slovenija",
    "access": "public",
    "status": "active",
    "notes": "Caffe Bienale https://www.kaval-group.si/caffe-bienale in Tivoli Park, at Pod turnom 3 has black Yamaha piano. Proof: https://maps.app.goo.gl/YHVzdpXP8cExGMg19",
    "sources": [
     {
      "source": "pianos.pub",
      "ref": "u24q1b1"
     }
    ],
    "url": "https://openpianos.net/piano/hc0pvq",
    "created_at": "2026-08-27T15:23:43.390Z",
    "updated_at": "2026-08-27T15:23:43.390Z",
    "last_verified_at": null
   }
  },
  {
   "type": "Feature",
   "geometry": {
    "type": "Point",
    "coordinates": [
     14.47924,
     46.08689
    ]
   },
   "properties": {
    "id": "4107s5",
    "name": "Cesta Ljubljanske brigade",
    "city": "Ljubljana",
    "country": "Slovenija",
    "access": "public",
    "status": "active",
    "notes": "A lot of pianos, and if you want play more, you can rent a room for 5€ and have a grand only for you and who you want, I really liked it.",
    "sources": [
     {
      "source": "pianos.pub",
      "ref": "u24q1mz"
     }
    ],
    "url": "https://openpianos.net/piano/4107s5",
    "created_at": "2026-08-27T15:23:43.390Z",
    "updated_at": "2026-08-27T15:23:43.390Z",
    "last_verified_at": null
   }
  },
  {
   "type": "Feature",
   "geometry": {
    "type": "Point",
    "coordinates": [
     14.50739,
     46.04659
    ]
   },
   "properties": {
    "id": "mrw8gs",
    "name": "Hotel Allegro",
    "city": "Ljubljana",
    "country": "Slovenija",
    "access": "public",
    "status": "active",
    "notes": "Proof: https://maps.app.goo.gl/DkiujhGgqibuXwy2A",
    "sources": [
     {
      "source": "pianos.pub",
      "ref": "u24mfne"
     }
    ],
    "url": "https://openpianos.net/piano/mrw8gs",
    "created_at": "2026-08-27T15:23:43.390Z",
    "updated_at": "2026-08-27T15:23:43.390Z",
    "last_verified_at": null
   }
  },
  {
   "type": "Feature",
   "geometry": {
    "type": "Point",
    "coordinates": [
     14.50454,
     46.0485
    ]
   },
   "properties": {
    "id": "hms0fs",
    "name": "Kolibri",
    "city": "Ljubljana",
    "country": "Slovenija",
    "access": "public",
    "status": "active",
    "notes": "Proof: https://maps.app.goo.gl/e4PzUisJA21NDBsJ8",
    "sources": [
     {
      "source": "pianos.pub",
      "ref": "u24mfnc"
     }
    ],
    "url": "https://openpianos.net/piano/hms0fs",
    "created_at": "2026-08-27T15:23:43.390Z",
    "updated_at": "2026-08-27T15:23:43.390Z",
    "last_verified_at": null
   }
  },
  {
   "type": "Feature",
   "geometry": {
    "type": "Point",
    "coordinates": [
     14.51037,
     46.04484
    ]
   },
   "properties": {
    "id": "apj1wy",
    "name": "Tiflis",
    "city": "Ljubljana",
    "country": "Slovenija",
    "access": "public",
    "status": "active",
    "notes": "Proof: https://maps.app.goo.gl/BDqQdnjPSyfwwxmG9",
    "sources": [
     {
      "source": "pianos.pub",
      "ref": "u24mfnn"
     }
    ],
    "url": "https://openpianos.net/piano/apj1wy",
    "created_at": "2026-08-27T15:23:43.390Z",
    "updated_at": "2026-08-27T15:23:43.390Z",
    "last_verified_at": null
   }
  },
  {
   "type": "Feature",
   "geometry": {
    "type": "Point",
    "coordinates": [
     126.451,
     37.4691
    ]
   },
   "properties": {
    "id": "s492ww",
    "name": "Incheon International Airport",
    "city": "Incheon",
    "region": "Incheon",
    "country": "South Korea",
    "access": "public",
    "status": "active",
    "notes": "location: After passing through security\nPianos are available for public use in T1 and T2. Both are located after customs and immigrations.",
    "sources": [
     {
      "source": "airportpianos",
      "ref": "ICN"
     }
    ],
    "url": "https://openpianos.net/piano/s492ww",
    "created_at": "2026-08-26T19:23:51.453Z",
    "updated_at": "2026-08-26T19:23:51.453Z",
    "last_verified_at": null
   }
  },
  {
   "type": "Feature",
   "geometry": {
    "type": "Point",
    "coordinates": [
     -0.55816,
     38.2822
    ]
   },
   "properties": {
    "id": "spkh3x",
    "name": "Alicante-Elche Miguel Hernández Airport",
    "city": "Alicante",
    "region": "Spain",
    "country": "Spain",
    "access": "public",
    "status": "active",
    "notes": "There is a piano at Gate 43.",
    "sources": [
     {
      "source": "airportpianos",
      "ref": "ALC"
     }
    ],
    "url": "https://openpianos.net/piano/spkh3x",
    "created_at": "2026-08-26T19:23:51.453Z",
    "updated_at": "2026-08-26T19:23:51.453Z",
    "last_verified_at": null
   }
  },
  {
   "type": "Feature",
   "geometry": {
    "type": "Point",
    "coordinates": [
     2.07846,
     41.2971
    ]
   },
   "properties": {
    "id": "gnxwhn",
    "name": "Josep Tarradellas Barcelona–El Prat Airport",
    "city": "Barcelona",
    "region": "Barcelona",
    "country": "Spain",
    "access": "public",
    "status": "active",
    "notes": "location: Terminal 1 and 2\nThere is a piano for public use in Terminal 1 and in Terminal 2 at gate U(missing gate number).",
    "sources": [
     {
      "source": "airportpianos",
      "ref": "BCN"
     }
    ],
    "url": "https://openpianos.net/piano/gnxwhn",
    "created_at": "2026-08-26T19:23:51.453Z",
    "updated_at": "2026-08-26T19:23:51.453Z",
    "last_verified_at": null
   }
  },
  {
   "type": "Feature",
   "geometry": {
    "type": "Point",
    "coordinates": [
     -3.57225,
     40.49341
    ]
   },
   "properties": {
    "id": "mer8ty",
    "name": "Adolfo Suárez Madrid-Barajas Airport",
    "city": "Madrid",
    "region": "Madrid",
    "country": "Spain",
    "access": "public",
    "status": "active",
    "notes": "location: Terminal 4.\nThere is a piano for public use available in Terminal 4.",
    "sources": [
     {
      "source": "airportpianos",
      "ref": "MAD"
     }
    ],
    "url": "https://openpianos.net/piano/mer8ty",
    "created_at": "2026-08-26T19:23:51.453Z",
    "updated_at": "2026-08-26T19:23:51.453Z",
    "last_verified_at": null
   }
  },
  {
   "type": "Feature",
   "geometry": {
    "type": "Point",
    "coordinates": [
     2.73881,
     39.5517
    ]
   },
   "properties": {
    "id": "t6kkrs",
    "name": "Palma de Mallorca",
    "city": "Palma",
    "region": "Palma",
    "country": "Spain",
    "access": "public",
    "status": "active",
    "notes": "location: Terminal D, Gate C, on the way to C60.\nPalma de Mallorca has an airport in Terminal D, Gate C, on the way to C60.",
    "sources": [
     {
      "source": "airportpianos",
      "ref": "PMI"
     }
    ],
    "url": "https://openpianos.net/piano/t6kkrs",
    "created_at": "2026-08-26T19:23:53.637Z",
    "updated_at": "2026-08-26T19:23:53.637Z",
    "last_verified_at": null
   }
  },
  {
   "type": "Feature",
   "geometry": {
    "type": "Point",
    "coordinates": [
     24.80288,
     60.17631
    ]
   },
   "properties": {
    "id": "9xh5s4",
    "name": "på Tapiola",
    "city": "Espoo",
    "region": "Uusimaa",
    "country": "Suomi / Finland",
    "access": "public",
    "status": "active",
    "notes": "One note is not working",
    "sources": [
     {
      "source": "pianos.pub",
      "ref": "ud9wk6u"
     }
    ],
    "url": "https://openpianos.net/piano/9xh5s4",
    "created_at": "2026-08-27T15:23:45.173Z",
    "updated_at": "2026-08-27T15:23:45.173Z",
    "last_verified_at": null
   }
  },
  {
   "type": "Feature",
   "geometry": {
    "type": "Point",
    "coordinates": [
     17.64654,
     59.83943
    ]
   },
   "properties": {
    "id": "tr2a11",
    "name": "Campus Polacksbacken",
    "city": "Uppsala",
    "country": "Sverige",
    "access": "public",
    "status": "active",
    "notes": "Not allowed to use between 10 and 15 o'clock",
    "sources": [
     {
      "source": "pianos.pub",
      "ref": "u6ss3t3"
     }
    ],
    "url": "https://openpianos.net/piano/tr2a11",
    "created_at": "2026-08-27T15:23:45.173Z",
    "updated_at": "2026-08-27T15:23:45.173Z",
    "last_verified_at": null
   }
  },
  {
   "type": "Feature",
   "geometry": {
    "type": "Point",
    "coordinates": [
     17.64169,
     59.85756
    ]
   },
   "properties": {
    "id": "bftbjp",
    "name": "Telia",
    "city": "Uppsala",
    "country": "Sverige",
    "access": "public",
    "status": "active",
    "sources": [
     {
      "source": "pianos.pub",
      "ref": "u6ss92w"
     }
    ],
    "url": "https://openpianos.net/piano/bftbjp",
    "created_at": "2026-08-27T15:23:45.173Z",
    "updated_at": "2026-08-27T15:23:45.173Z",
    "last_verified_at": null
   }
  },
  {
   "type": "Feature",
   "geometry": {
    "type": "Point",
    "coordinates": [
     121.233,
     25.0777
    ]
   },
   "properties": {
    "id": "t62z7m",
    "name": "Taoyuan International Airport",
    "city": "Taipei",
    "region": "Taipei",
    "country": "Taiwan",
    "access": "public",
    "status": "active",
    "notes": "There may be a piano in this airport. The person who submitted the piano did not supply a terminal or gate. If you see the piano, let us know using the Add a Piano form linked at the top of this page so we can update the website with more accurate information.",
    "sources": [
     {
      "source": "airportpianos",
      "ref": "TPE"
     }
    ],
    "url": "https://openpianos.net/piano/t62z7m",
    "created_at": "2026-08-26T19:23:53.637Z",
    "updated_at": "2026-08-26T19:23:53.637Z",
    "last_verified_at": null
   }
  },
  {
   "type": "Feature",
   "geometry": {
    "type": "Point",
    "coordinates": [
     100.747,
     13.6811
    ]
   },
   "properties": {
    "id": "e7kq37",
    "name": "Bangkok Suvarnabhumi Airport",
    "city": "Bangkok",
    "region": "Bangkok",
    "country": "Thailand",
    "access": "public",
    "status": "active",
    "notes": "There is a piano at Gate S119.",
    "sources": [
     {
      "source": "airportpianos",
      "ref": "BKK"
     }
    ],
    "url": "https://openpianos.net/piano/e7kq37",
    "created_at": "2026-08-26T19:23:51.453Z",
    "updated_at": "2026-08-26T19:23:51.453Z",
    "last_verified_at": null
   }
  },
  {
   "type": "Feature",
   "geometry": {
    "type": "Point",
    "coordinates": [
     28.73214,
     41.27487
    ]
   },
   "properties": {
    "id": "w2bke8",
    "name": "Istanbul Airport",
    "city": "Istanbul",
    "region": "Istanbul",
    "country": "Türkiye",
    "access": "public",
    "status": "active",
    "notes": "location: IST has a piano in the airport lounge.\nIST has a piano in the airport lounge.",
    "sources": [
     {
      "source": "airportpianos",
      "ref": "IST"
     }
    ],
    "url": "https://openpianos.net/piano/w2bke8",
    "created_at": "2026-08-26T19:23:51.453Z",
    "updated_at": "2026-08-26T19:23:51.453Z",
    "last_verified_at": null
   }
  },
  {
   "type": "Feature",
   "geometry": {
    "type": "Point",
    "coordinates": [
     29.64196,
     36.19965
    ]
   },
   "properties": {
    "id": "53m6df",
    "name": "Dragoman",
    "country": "Türkiye",
    "access": "public",
    "status": "active",
    "sources": [
     {
      "source": "pianos.pub",
      "ref": "swmjftb"
     }
    ],
    "url": "https://openpianos.net/piano/53m6df",
    "created_at": "2026-08-27T15:23:46.777Z",
    "updated_at": "2026-08-27T15:23:46.777Z",
    "last_verified_at": null
   }
  },
  {
   "type": "Feature",
   "geometry": {
    "type": "Point",
    "coordinates": [
     28.74187,
     41.26185
    ]
   },
   "properties": {
    "id": "0w24qj",
    "name": "İstanbul Havalimanı Terminal Binası",
    "country": "Türkiye",
    "access": "public",
    "status": "active",
    "notes": "You need a business ticket of Turkish Airways oer have a frequent Traveller gold status to enter the lounge",
    "sources": [
     {
      "source": "pianos.pub",
      "ref": "sxk6wp3"
     }
    ],
    "url": "https://openpianos.net/piano/0w24qj",
    "created_at": "2026-08-27T15:23:46.777Z",
    "updated_at": "2026-08-27T15:23:46.777Z",
    "last_verified_at": null
   }
  },
  {
   "type": "Feature",
   "geometry": {
    "type": "Point",
    "coordinates": [
     -1.14198,
     52.95577
    ]
   },
   "properties": {
    "id": "aypqqw",
    "name": "Confetti Institute of Creative Technologies",
    "city": "City of Nottingham",
    "region": "England",
    "country": "United Kingdom",
    "access": "public",
    "status": "active",
    "notes": "Some of the keys don’t work and some take a real whacking to play but it’s definitely there and it’s relatively in tune. One of the last survivors I know of in Nottingham!",
    "sources": [
     {
      "source": "pianos.pub",
      "ref": "gcrjq02"
     }
    ],
    "url": "https://openpianos.net/piano/aypqqw",
    "created_at": "2026-08-27T15:23:41.509Z",
    "updated_at": "2026-08-27T15:23:41.509Z",
    "last_verified_at": null
   }
  },
  {
   "type": "Feature",
   "geometry": {
    "type": "Point",
    "coordinates": [
     -0.465,
     51.47363
    ]
   },
   "properties": {
    "id": "c7ztm3",
    "name": "Opposite gate 35",
    "city": "Greater London",
    "region": "England",
    "country": "United Kingdom",
    "access": "public",
    "status": "active",
    "sources": [
     {
      "source": "pianos.pub",
      "ref": "gcpsv6m"
     }
    ],
    "url": "https://openpianos.net/piano/c7ztm3",
    "created_at": "2026-08-27T15:23:34.036Z",
    "updated_at": "2026-08-27T15:23:34.036Z",
    "last_verified_at": null
   }
  },
  {
   "type": "Feature",
   "geometry": {
    "type": "Point",
    "coordinates": [
     -0.33899,
     53.74227
    ]
   },
   "properties": {
    "id": "xjxk4e",
    "name": "Vue Hull",
    "city": "Hull",
    "region": "England",
    "country": "United Kingdom",
    "access": "public",
    "status": "active",
    "notes": "Piano is in the Iron Lilies Bar, very out of tune but playable",
    "sources": [
     {
      "source": "pianos.pub",
      "ref": "gcxc8r3"
     }
    ],
    "url": "https://openpianos.net/piano/xjxk4e",
    "created_at": "2026-08-27T15:23:34.036Z",
    "updated_at": "2026-08-27T15:23:34.036Z",
    "last_verified_at": null
   }
  },
  {
   "type": "Feature",
   "geometry": {
    "type": "Point",
    "coordinates": [
     -0.48148,
     51.47109
    ]
   },
   "properties": {
    "id": "e1yqrz",
    "name": "Link Road Concourse T5B",
    "city": "London",
    "region": "England",
    "country": "United Kingdom",
    "access": "public",
    "status": "active",
    "notes": "By the window on the left as you come up the escalator from the underground metro.",
    "sources": [
     {
      "source": "pianos.pub",
      "ref": "gcpsv41"
     }
    ],
    "url": "https://openpianos.net/piano/e1yqrz",
    "created_at": "2026-08-27T15:23:41.509Z",
    "updated_at": "2026-08-27T15:23:41.509Z",
    "last_verified_at": null
   }
  },
  {
   "type": "Feature",
   "geometry": {
    "type": "Point",
    "coordinates": [
     -0.45991,
     51.47075
    ]
   },
   "properties": {
    "id": "9f53w9",
    "name": "London Heathrow Airport",
    "city": "London",
    "region": "London",
    "country": "United Kingdom",
    "access": "public",
    "status": "active",
    "notes": "There is a piano near the end of Terminal 4.",
    "sources": [
     {
      "source": "airportpianos",
      "ref": "LHR"
     }
    ],
    "url": "https://openpianos.net/piano/9f53w9",
    "created_at": "2026-08-26T19:23:51.453Z",
    "updated_at": "2026-08-26T19:23:51.453Z",
    "last_verified_at": null
   }
  },
  {
   "type": "Feature",
   "geometry": {
    "type": "Point",
    "coordinates": [
     -0.06233,
     51.34248
    ]
   },
   "properties": {
    "id": "t8dkf0",
    "name": "Selsdon Community Centre",
    "city": "London",
    "region": "England",
    "country": "United Kingdom",
    "access": "public",
    "status": "active",
    "notes": "Its a knight \"London\" upright",
    "sources": [
     {
      "source": "pianos.pub",
      "ref": "gcpundd"
     }
    ],
    "url": "https://openpianos.net/piano/t8dkf0",
    "created_at": "2026-08-27T15:23:41.509Z",
    "updated_at": "2026-08-27T15:23:41.509Z",
    "last_verified_at": null
   }
  },
  {
   "type": "Feature",
   "geometry": {
    "type": "Point",
    "coordinates": [
     -2.34612,
     53.46388
    ]
   },
   "properties": {
    "id": "5b9gqg",
    "name": "The Trafford Centre",
    "city": "Manchester",
    "region": "England",
    "country": "United Kingdom",
    "access": "public",
    "status": "active",
    "sources": [
     {
      "source": "pianos.pub",
      "ref": "gcw24sg"
     }
    ],
    "url": "https://openpianos.net/piano/5b9gqg",
    "created_at": "2026-08-27T15:23:41.509Z",
    "updated_at": "2026-08-27T15:23:41.509Z",
    "last_verified_at": null
   }
  },
  {
   "type": "Feature",
   "geometry": {
    "type": "Point",
    "coordinates": [
     -1.61478,
     54.97274
    ]
   },
   "properties": {
    "id": "76dsbs",
    "name": "Firebrick Brewery Tap",
    "city": "Newcastle upon Tyne",
    "region": "England",
    "country": "United Kingdom",
    "access": "public",
    "status": "active",
    "sources": [
     {
      "source": "pianos.pub",
      "ref": "gcyber2"
     }
    ],
    "url": "https://openpianos.net/piano/76dsbs",
    "created_at": "2026-08-27T15:23:41.509Z",
    "updated_at": "2026-08-27T15:23:41.509Z",
    "last_verified_at": null
   }
  },
  {
   "type": "Feature",
   "geometry": {
    "type": "Point",
    "coordinates": [
     -1.61828,
     54.9724
    ]
   },
   "properties": {
    "id": "inside-the-gate-ground-floor",
    "name": "The Gate, Newcastle",
    "city": "Newcastle upon Tyne",
    "country": "United Kingdom",
    "access": "public",
    "status": "active",
    "notes": "Reported gone 2026-07-26 (pianos.pub).",
    "sources": [
     {
      "source": "pianos.pub",
      "ref": "gcybepm"
     }
    ],
    "url": "https://openpianos.net/piano/inside-the-gate-ground-floor",
    "created_at": "2026-08-20T22:52:40.638Z",
    "updated_at": "2026-08-20T22:52:40.638Z",
    "last_verified_at": "2026-07-06T13:30:11.096Z"
   }
  },
  {
   "type": "Feature",
   "geometry": {
    "type": "Point",
    "coordinates": [
     -1.47462,
     52.51407
    ]
   },
   "properties": {
    "id": "y4z4fc",
    "name": "The Horseshoes",
    "city": "Nuneaton and Bedworth",
    "region": "England",
    "country": "United Kingdom",
    "access": "public",
    "status": "active",
    "notes": "Free to play every Monday from 7pm",
    "sources": [
     {
      "source": "pianos.pub",
      "ref": "gcqfwry"
     }
    ],
    "url": "https://openpianos.net/piano/y4z4fc",
    "created_at": "2026-08-27T15:23:41.509Z",
    "updated_at": "2026-08-27T15:23:41.509Z",
    "last_verified_at": null
   }
  },
  {
   "type": "Feature",
   "geometry": {
    "type": "Point",
    "coordinates": [
     -0.23786,
     52.56642
    ]
   },
   "properties": {
    "id": "b8kd17",
    "name": "Nene Promenade",
    "city": "Peterborough",
    "region": "England",
    "country": "United Kingdom",
    "access": "public",
    "status": "active",
    "notes": "Inside The Shed Tap Room & Deli",
    "sources": [
     {
      "source": "pianos.pub",
      "ref": "gcrg496"
     }
    ],
    "url": "https://openpianos.net/piano/b8kd17",
    "created_at": "2026-08-27T15:23:46.777Z",
    "updated_at": "2026-08-27T15:23:46.777Z",
    "last_verified_at": null
   }
  },
  {
   "type": "Feature",
   "geometry": {
    "type": "Point",
    "coordinates": [
     -2.18532,
     53.00522
    ]
   },
   "properties": {
    "id": "aj2j3y",
    "name": "the QUARTER @ Potbank",
    "city": "Stoke-on-Trent",
    "region": "England",
    "country": "United Kingdom",
    "access": "public",
    "status": "active",
    "notes": "Piano to play inside venue",
    "sources": [
     {
      "source": "pianos.pub",
      "ref": "gcqmw32"
     }
    ],
    "url": "https://openpianos.net/piano/aj2j3y",
    "created_at": "2026-08-27T15:23:41.509Z",
    "updated_at": "2026-08-27T15:23:41.509Z",
    "last_verified_at": null
   }
  },
  {
   "type": "Feature",
   "geometry": {
    "type": "Point",
    "coordinates": [
     -3.94483,
     51.61934
    ]
   },
   "properties": {
    "id": "jpgckj",
    "name": "Swansea Market",
    "city": "Swansea",
    "region": "Cymru / Wales",
    "country": "United Kingdom",
    "access": "public",
    "status": "active",
    "sources": [
     {
      "source": "pianos.pub",
      "ref": "gcjjwjp"
     }
    ],
    "url": "https://openpianos.net/piano/jpgckj",
    "created_at": "2026-08-27T15:23:41.509Z",
    "updated_at": "2026-08-27T15:23:41.509Z",
    "last_verified_at": null
   }
  },
  {
   "type": "Feature",
   "geometry": {
    "type": "Point",
    "coordinates": [
     0.19509,
     51.87068
    ]
   },
   "properties": {
    "id": "9krjnq",
    "name": "Welcome Break Birchanger Green Services",
    "city": "Uttlesford",
    "region": "England",
    "country": "United Kingdom",
    "access": "public",
    "status": "active",
    "sources": [
     {
      "source": "pianos.pub",
      "ref": "u10ph6y"
     }
    ],
    "url": "https://openpianos.net/piano/9krjnq",
    "created_at": "2026-08-27T15:23:43.390Z",
    "updated_at": "2026-08-27T15:23:43.390Z",
    "last_verified_at": null
   }
  },
  {
   "type": "Feature",
   "geometry": {
    "type": "Point",
    "coordinates": [
     -3.31505,
     52.51446
    ]
   },
   "properties": {
    "id": "ddtwwh",
    "name": "BJ's electical",
    "region": "Cymru / Wales",
    "country": "United Kingdom",
    "access": "public",
    "status": "active",
    "notes": "Upright piano sponsored by Stuart Jones pianos, Drenewydd/Newtown",
    "sources": [
     {
      "source": "pianos.pub",
      "ref": "gcmdsxf"
     }
    ],
    "url": "https://openpianos.net/piano/ddtwwh",
    "created_at": "2026-08-27T15:23:34.036Z",
    "updated_at": "2026-08-27T15:23:34.036Z",
    "last_verified_at": null
   }
  },
  {
   "type": "Feature",
   "geometry": {
    "type": "Point",
    "coordinates": [
     -1.87589,
     51.50816
    ]
   },
   "properties": {
    "id": "nc5xz9",
    "name": "Broadtown Road",
    "region": "England",
    "country": "United Kingdom",
    "access": "public",
    "status": "active",
    "sources": [
     {
      "source": "pianos.pub",
      "ref": "gcntj2f"
     }
    ],
    "url": "https://openpianos.net/piano/nc5xz9",
    "created_at": "2026-08-27T15:23:41.509Z",
    "updated_at": "2026-08-27T15:23:41.509Z",
    "last_verified_at": null
   }
  },
  {
   "type": "Feature",
   "geometry": {
    "type": "Point",
    "coordinates": [
     -3.00529,
     53.64709
    ]
   },
   "properties": {
    "id": "6h7hpf",
    "name": "Face Value Cosmetics",
    "region": "England",
    "country": "United Kingdom",
    "access": "public",
    "status": "active",
    "notes": "Public Piano is inside Cambridge Walks. It's closed on Sundays though",
    "sources": [
     {
      "source": "pianos.pub",
      "ref": "gctc5w5"
     }
    ],
    "url": "https://openpianos.net/piano/6h7hpf",
    "created_at": "2026-08-27T15:23:34.036Z",
    "updated_at": "2026-08-27T15:23:34.036Z",
    "last_verified_at": null
   }
  },
  {
   "type": "Feature",
   "geometry": {
    "type": "Point",
    "coordinates": [
     -0.39568,
     51.87305
    ]
   },
   "properties": {
    "id": "t235cj",
    "name": "Luton DART Parkway",
    "region": "England",
    "country": "United Kingdom",
    "access": "public",
    "status": "active",
    "sources": [
     {
      "source": "pianos.pub",
      "ref": "gcpxngp"
     }
    ],
    "url": "https://openpianos.net/piano/t235cj",
    "created_at": "2026-08-27T15:23:34.036Z",
    "updated_at": "2026-08-27T15:23:34.036Z",
    "last_verified_at": null
   }
  },
  {
   "type": "Feature",
   "geometry": {
    "type": "Point",
    "coordinates": [
     -0.9716,
     50.85973
    ]
   },
   "properties": {
    "id": "enpxq2",
    "name": "New Lane",
    "region": "England",
    "country": "United Kingdom",
    "access": "public",
    "status": "active",
    "sources": [
     {
      "source": "pianos.pub",
      "ref": "gcp33fs"
     }
    ],
    "url": "https://openpianos.net/piano/enpxq2",
    "created_at": "2026-08-27T15:23:41.509Z",
    "updated_at": "2026-08-27T15:23:41.509Z",
    "last_verified_at": null
   }
  },
  {
   "type": "Feature",
   "geometry": {
    "type": "Point",
    "coordinates": [
     -3.48936,
     53.32208
    ]
   },
   "properties": {
    "id": "dpmg1j",
    "name": "Rhyl Library",
    "region": "Cymru / Wales",
    "country": "United Kingdom",
    "access": "public",
    "status": "active",
    "notes": "It is in a locked room and you need to request at reception to be unlocked. If the room is booked you will not be able to use it. It is quite an old piano and out of tune. Only the sustain pedal works.",
    "sources": [
     {
      "source": "pianos.pub",
      "ref": "gcmx2dg"
     }
    ],
    "url": "https://openpianos.net/piano/dpmg1j",
    "created_at": "2026-08-27T15:23:41.509Z",
    "updated_at": "2026-08-27T15:23:41.509Z",
    "last_verified_at": null
   }
  },
  {
   "type": "Feature",
   "geometry": {
    "type": "Point",
    "coordinates": [
     -2.05711,
     50.63809
    ]
   },
   "properties": {
    "id": "thtrh3",
    "name": "St Edward the Martyr",
    "region": "England",
    "country": "United Kingdom",
    "access": "public",
    "status": "active",
    "notes": "Inside the church, there is a beautiful and professional digital piano. There is the wrote \"use me with care, and when you finish unplug me, thanks\" something like this.\r\nThere is also a vertical piano, but need a bit of maintenance.",
    "sources": [
     {
      "source": "pianos.pub",
      "ref": "gcn814q"
     }
    ],
    "url": "https://openpianos.net/piano/thtrh3",
    "created_at": "2026-08-27T15:23:34.036Z",
    "updated_at": "2026-08-27T15:23:34.036Z",
    "last_verified_at": null
   }
  },
  {
   "type": "Feature",
   "geometry": {
    "type": "Point",
    "coordinates": [
     0.57696,
     50.85834
    ]
   },
   "properties": {
    "id": "kadyrn",
    "name": "Station Approach",
    "region": "England",
    "country": "United Kingdom",
    "access": "public",
    "status": "active",
    "notes": "Piano painted with Seaview Project and Sophie Malpas - will be available from the 25th February - 7th March 2026",
    "sources": [
     {
      "source": "pianos.pub",
      "ref": "u103m4k"
     }
    ],
    "url": "https://openpianos.net/piano/kadyrn",
    "created_at": "2026-08-27T15:23:34.036Z",
    "updated_at": "2026-08-27T15:23:34.036Z",
    "last_verified_at": null
   }
  },
  {
   "type": "Feature",
   "geometry": {
    "type": "Point",
    "coordinates": [
     -3.09786,
     54.19154
    ]
   },
   "properties": {
    "id": "c0e9r2",
    "name": "The Drive",
    "region": "England",
    "country": "United Kingdom",
    "access": "public",
    "status": "active",
    "sources": [
     {
      "source": "pianos.pub",
      "ref": "gctu392"
     }
    ],
    "url": "https://openpianos.net/piano/c0e9r2",
    "created_at": "2026-08-27T15:23:34.036Z",
    "updated_at": "2026-08-27T15:23:34.036Z",
    "last_verified_at": null
   }
  },
  {
   "type": "Feature",
   "geometry": {
    "type": "Point",
    "coordinates": [
     -2.55071,
     53.19419
    ]
   },
   "properties": {
    "id": "9p86f6",
    "name": "The Gate Inn",
    "region": "England",
    "country": "United Kingdom",
    "access": "public",
    "status": "active",
    "notes": "The Gate pub. untuned and need to be a pianist to play it and order a drink to support the pub.",
    "sources": [
     {
      "source": "pianos.pub",
      "ref": "gcqntgw"
     }
    ],
    "url": "https://openpianos.net/piano/9p86f6",
    "created_at": "2026-08-27T15:23:41.509Z",
    "updated_at": "2026-08-27T15:23:41.509Z",
    "last_verified_at": null
   }
  },
  {
   "type": "Feature",
   "geometry": {
    "type": "Point",
    "coordinates": [
     -105.86307,
     37.46846
    ]
   },
   "properties": {
    "id": "a5y93h",
    "name": "Hunan Chinese Restaruant and Sushi Bar",
    "city": "Alamosa",
    "region": "Colorado",
    "country": "United States",
    "access": "public",
    "status": "active",
    "sources": [
     {
      "source": "pianos.pub",
      "ref": "9wstphb"
     }
    ],
    "url": "https://openpianos.net/piano/a5y93h",
    "created_at": "2026-08-27T15:23:39.731Z",
    "updated_at": "2026-08-27T15:23:39.731Z",
    "last_verified_at": null
   }
  },
  {
   "type": "Feature",
   "geometry": {
    "type": "Point",
    "coordinates": [
     -84.4281,
     33.6367
    ]
   },
   "properties": {
    "id": "e16dqd",
    "name": "Hartsfield-Jackson Atlanta International Airport",
    "city": "Atlanta",
    "region": "Georgia",
    "country": "United States",
    "access": "public",
    "status": "active",
    "notes": "location: Concourse E · ⚠ case-duplicate files disagree on description, lastConfirmed — read both in raw\nAtlanta International Airport has two pianos: one on Concourse A and another on Concourse E.",
    "sources": [
     {
      "source": "airportpianos",
      "ref": "ATL"
     }
    ],
    "url": "https://openpianos.net/piano/e16dqd",
    "created_at": "2026-08-26T19:23:51.453Z",
    "updated_at": "2026-08-26T19:23:51.453Z",
    "last_verified_at": null
   }
  },
  {
   "type": "Feature",
   "geometry": {
    "type": "Point",
    "coordinates": [
     -97.66201,
     30.19754
    ]
   },
   "properties": {
    "id": "aym1j0",
    "name": "Austin Bergstrom International Airport",
    "city": "Austin",
    "region": "Texas",
    "country": "United States",
    "access": "public",
    "status": "active",
    "notes": "location: Main terminal\nAustin Bergstrom International Airport used to have a piano in the main terminal but it has been unavailable since COVID.",
    "sources": [
     {
      "source": "airportpianos",
      "ref": "AUS"
     }
    ],
    "url": "https://openpianos.net/piano/aym1j0",
    "created_at": "2026-08-26T19:23:51.453Z",
    "updated_at": "2026-08-26T19:23:51.453Z",
    "last_verified_at": null
   }
  },
  {
   "type": "Feature",
   "geometry": {
    "type": "Point",
    "coordinates": [
     -76.6683,
     39.1754
    ]
   },
   "properties": {
    "id": "rw3hyw",
    "name": "Baltimore/Washington International Thurgood Marshall Airport",
    "city": "Baltimore",
    "region": "Maryland",
    "country": "United States",
    "access": "public",
    "status": "active",
    "notes": "location: Unknown\nBaltimore/Washington International Thurgood Marshall Airport does not have a piano.",
    "sources": [
     {
      "source": "airportpianos",
      "ref": "BWI"
     }
    ],
    "url": "https://openpianos.net/piano/rw3hyw",
    "created_at": "2026-08-26T19:23:51.453Z",
    "updated_at": "2026-08-26T19:23:51.453Z",
    "last_verified_at": null
   }
  },
  {
   "type": "Feature",
   "geometry": {
    "type": "Point",
    "coordinates": [
     -71.0079,
     42.36197
    ]
   },
   "properties": {
    "id": "r48njh",
    "name": "Boston Logan International Airport",
    "city": "Boston",
    "region": "Massachusetts",
    "country": "United States",
    "access": "public",
    "status": "active",
    "notes": "location: Gate E13 after security, in front of Duty Free Beauty\nBoston Logan International Airport has a piano at gate E13 after security. It was previously at gate E8.",
    "sources": [
     {
      "source": "airportpianos",
      "ref": "BOS"
     }
    ],
    "url": "https://openpianos.net/piano/r48njh",
    "created_at": "2026-08-26T19:23:51.453Z",
    "updated_at": "2026-08-26T19:23:51.453Z",
    "last_verified_at": null
   }
  },
  {
   "type": "Feature",
   "geometry": {
    "type": "Point",
    "coordinates": [
     -73.1533,
     44.4719
    ]
   },
   "properties": {
    "id": "x0m3t2",
    "name": "Burlington International Airport",
    "city": "Burlington",
    "region": "Vermont",
    "country": "United States",
    "access": "public",
    "status": "active",
    "notes": "location: Between both terminals\nAcross from Gate 7, behind The Skinny Pancake.",
    "sources": [
     {
      "source": "airportpianos",
      "ref": "BTV"
     }
    ],
    "url": "https://openpianos.net/piano/x0m3t2",
    "created_at": "2026-08-26T19:23:51.453Z",
    "updated_at": "2026-08-26T19:23:51.453Z",
    "last_verified_at": null
   }
  },
  {
   "type": "Feature",
   "geometry": {
    "type": "Point",
    "coordinates": [
     -80.9431,
     35.214
    ]
   },
   "properties": {
    "id": "1fb4py",
    "name": "Charlotte Douglas International Airport",
    "city": "Charlotte",
    "region": "North Carolina",
    "country": "United States",
    "access": "public",
    "status": "active",
    "notes": "location: Main concourse\nA piano is available for use in the main concourse at the intersection area of terminals E and the other terminals. The piano is close to some shops in the airport.",
    "sources": [
     {
      "source": "airportpianos",
      "ref": "CLT"
     }
    ],
    "url": "https://openpianos.net/piano/1fb4py",
    "created_at": "2026-08-26T19:23:51.453Z",
    "updated_at": "2026-08-26T19:23:51.453Z",
    "last_verified_at": null
   }
  },
  {
   "type": "Feature",
   "geometry": {
    "type": "Point",
    "coordinates": [
     -104.81431,
     41.13184
    ]
   },
   "properties": {
    "id": "6t1yp5",
    "name": "Cheyenne Depot Museum",
    "city": "Cheyenne",
    "region": "Wyoming",
    "country": "United States",
    "access": "public",
    "status": "active",
    "notes": "If you ask nicely they will let you play :)",
    "sources": [
     {
      "source": "pianos.pub",
      "ref": "9xm3yzu"
     }
    ],
    "url": "https://openpianos.net/piano/6t1yp5",
    "created_at": "2026-08-27T15:23:39.731Z",
    "updated_at": "2026-08-27T15:23:39.731Z",
    "last_verified_at": null
   }
  },
  {
   "type": "Feature",
   "geometry": {
    "type": "Point",
    "coordinates": [
     -87.9048,
     41.9786
    ]
   },
   "properties": {
    "id": "m3jzk7",
    "name": "Chicago O'Hare International Airport",
    "city": "Chicago",
    "region": "Illinois",
    "country": "United States",
    "access": "public",
    "status": "active",
    "notes": "location: Gate C17 and maybe Gate H17 and Gate K3\nA grand piano is available for public use at Gate C17, which was last tuned between July and September 2025. As of August 2025 the sustain pedal has been broken. There may also be a piano at gate K3.",
    "sources": [
     {
      "source": "airportpianos",
      "ref": "ORD"
     }
    ],
    "url": "https://openpianos.net/piano/m3jzk7",
    "created_at": "2026-08-26T19:23:53.637Z",
    "updated_at": "2026-08-26T19:23:53.637Z",
    "last_verified_at": null
   }
  },
  {
   "type": "Feature",
   "geometry": {
    "type": "Point",
    "coordinates": [
     -87.90035,
     41.97506
    ]
   },
   "properties": {
    "id": "3ht2ej",
    "name": "Dunkin'",
    "city": "Chicago",
    "region": "Illinois",
    "country": "United States",
    "access": "public",
    "status": "active",
    "notes": "You will have to ask the bar tender for the bench.  The pedals are a bit wonky but overall it works.  The keys work better than the one in C gate.",
    "sources": [
     {
      "source": "pianos.pub",
      "ref": "dp3qzc2"
     }
    ],
    "url": "https://openpianos.net/piano/3ht2ej",
    "created_at": "2026-08-27T15:23:39.731Z",
    "updated_at": "2026-08-27T15:23:39.731Z",
    "last_verified_at": null
   }
  },
  {
   "type": "Feature",
   "geometry": {
    "type": "Point",
    "coordinates": [
     -73.9883,
     40.74278
    ]
   },
   "properties": {
    "id": "ytsh7j",
    "name": "Flatiron District",
    "city": "City of New York",
    "region": "New York",
    "country": "United States",
    "access": "public",
    "status": "active",
    "sources": [
     {
      "source": "pianos.pub",
      "ref": "dr5ru2g"
     }
    ],
    "url": "https://openpianos.net/piano/ytsh7j",
    "created_at": "2026-08-27T15:23:39.731Z",
    "updated_at": "2026-08-27T15:23:39.731Z",
    "last_verified_at": null
   }
  },
  {
   "type": "Feature",
   "geometry": {
    "type": "Point",
    "coordinates": [
     -96.34384,
     30.61541
    ]
   },
   "properties": {
    "id": "ssa0rw",
    "name": "All Faiths Chapel",
    "city": "College Station",
    "region": "Texas",
    "country": "United States",
    "access": "public",
    "status": "active",
    "notes": "Grand piano near the stage.",
    "sources": [
     {
      "source": "pianos.pub",
      "ref": "9v7qptk"
     }
    ],
    "url": "https://openpianos.net/piano/ssa0rw",
    "created_at": "2026-08-27T15:23:39.731Z",
    "updated_at": "2026-08-27T15:23:39.731Z",
    "last_verified_at": null
   }
  },
  {
   "type": "Feature",
   "geometry": {
    "type": "Point",
    "coordinates": [
     -82.8919,
     39.998
    ]
   },
   "properties": {
    "id": "5sk5re",
    "name": "John Glenn Columbus International Airport",
    "city": "Columbus",
    "region": "Ohio",
    "country": "United States",
    "access": "public",
    "status": "active",
    "notes": "location: Center of ticket lobby\nCMH airport has a piano in the center of ticket lobby.",
    "sources": [
     {
      "source": "airportpianos",
      "ref": "CMH"
     }
    ],
    "url": "https://openpianos.net/piano/5sk5re",
    "created_at": "2026-08-26T19:23:51.453Z",
    "updated_at": "2026-08-26T19:23:51.453Z",
    "last_verified_at": null
   }
  },
  {
   "type": "Feature",
   "geometry": {
    "type": "Point",
    "coordinates": [
     -97.04497,
     32.89758
    ]
   },
   "properties": {
    "id": "t1rzr2",
    "name": "Dallas/Fort Worth International Airport",
    "city": "Dallas",
    "region": "Texas",
    "country": "United States",
    "access": "public",
    "status": "active",
    "notes": "Rest area above lancome store",
    "sources": [
     {
      "source": "pianos.pub",
      "ref": "9vfgpsy"
     }
    ],
    "url": "https://openpianos.net/piano/t1rzr2",
    "created_at": "2026-08-27T15:23:39.731Z",
    "updated_at": "2026-08-27T15:23:39.731Z",
    "last_verified_at": null
   }
  },
  {
   "type": "Feature",
   "geometry": {
    "type": "Point",
    "coordinates": [
     -104.67379,
     39.86003
    ]
   },
   "properties": {
    "id": "ke8a6y",
    "name": "Denver International Airport",
    "city": "Denver",
    "region": "Colorado",
    "country": "United States",
    "access": "public",
    "status": "active",
    "notes": "There was a piano in Denver International Airport in Concourse B, between gates B37 and B38 next to the InMotion Entertainment. It may only be available during holidays. As of March 25th, 2026 the piano is no longer there.",
    "sources": [
     {
      "source": "airportpianos",
      "ref": "DEN"
     }
    ],
    "url": "https://openpianos.net/piano/ke8a6y",
    "created_at": "2026-08-26T19:23:51.453Z",
    "updated_at": "2026-08-26T19:23:51.453Z",
    "last_verified_at": null
   }
  },
  {
   "type": "Feature",
   "geometry": {
    "type": "Point",
    "coordinates": [
     -83.35379,
     42.21377
    ]
   },
   "properties": {
    "id": "aqk041",
    "name": "Detroit Metropolitan Wayne County Airport",
    "city": "Detroit",
    "region": "Michigan",
    "country": "United States",
    "access": "public",
    "status": "active",
    "notes": "location: McNamara Terminal\nA piano used to be available for public use in the McNamara Terminal at Gate A73. It is no longer playable by the public.",
    "sources": [
     {
      "source": "airportpianos",
      "ref": "DTW"
     }
    ],
    "url": "https://openpianos.net/piano/aqk041",
    "created_at": "2026-08-26T19:23:51.453Z",
    "updated_at": "2026-08-26T19:23:51.453Z",
    "last_verified_at": null
   }
  },
  {
   "type": "Feature",
   "geometry": {
    "type": "Point",
    "coordinates": [
     -114.256,
     48.3105
    ]
   },
   "properties": {
    "id": "36pn78",
    "name": "Glacier Park International Airport (Kalispell)",
    "city": "Flathead County",
    "region": "Montana",
    "country": "United States",
    "access": "public",
    "status": "active",
    "notes": "There is a piano near the gates.",
    "sources": [
     {
      "source": "airportpianos",
      "ref": "FCA"
     }
    ],
    "url": "https://openpianos.net/piano/36pn78",
    "created_at": "2026-08-26T19:23:51.453Z",
    "updated_at": "2026-08-26T19:23:51.453Z",
    "last_verified_at": null
   }
  },
  {
   "type": "Feature",
   "geometry": {
    "type": "Point",
    "coordinates": [
     -96.83545,
     33.14362
    ]
   },
   "properties": {
    "id": "4mfctd",
    "name": "National Videogame Museum",
    "city": "Frisco",
    "region": "Texas",
    "country": "United States",
    "access": "public",
    "status": "active",
    "notes": "If piano is covered, ask staff inside the office to remove it",
    "sources": [
     {
      "source": "pianos.pub",
      "ref": "9vghs3w"
     }
    ],
    "url": "https://openpianos.net/piano/4mfctd",
    "created_at": "2026-08-27T15:23:39.731Z",
    "updated_at": "2026-08-27T15:23:39.731Z",
    "last_verified_at": null
   }
  },
  {
   "type": "Feature",
   "geometry": {
    "type": "Point",
    "coordinates": [
     -82.42183,
     34.86994
    ]
   },
   "properties": {
    "id": "f94455",
    "name": "Swamp Rabbit Trail Green Line",
    "city": "Greenville",
    "region": "South Carolina",
    "country": "United States",
    "access": "public",
    "status": "active",
    "sources": [
     {
      "source": "pianos.pub",
      "ref": "dnjqk7y"
     }
    ],
    "url": "https://openpianos.net/piano/f94455",
    "created_at": "2026-08-27T15:23:39.731Z",
    "updated_at": "2026-08-27T15:23:39.731Z",
    "last_verified_at": null
   }
  },
  {
   "type": "Feature",
   "geometry": {
    "type": "Point",
    "coordinates": [
     -95.69819,
     29.78711
    ]
   },
   "properties": {
    "id": "p9bn0j",
    "name": "Houston Methodist West Hospital",
    "city": "Houston",
    "region": "Texas",
    "country": "United States",
    "access": "public",
    "status": "active",
    "notes": "still there July 2025. You might need permission to play the grand piano in the lobby however i've played multiple times without them saying anything. The 3rd floor piano, the one near the giftshop is publicly available to play though",
    "sources": [
     {
      "source": "pianos.pub",
      "ref": "9v7cqqd"
     }
    ],
    "url": "https://openpianos.net/piano/p9bn0j",
    "created_at": "2026-08-27T15:23:39.731Z",
    "updated_at": "2026-08-27T15:23:39.731Z",
    "last_verified_at": null
   }
  },
  {
   "type": "Feature",
   "geometry": {
    "type": "Point",
    "coordinates": [
     -95.38849,
     29.73868
    ]
   },
   "properties": {
    "id": "fej9xz",
    "name": "Siphon Coffee",
    "city": "Houston",
    "region": "Texas",
    "country": "United States",
    "access": "public",
    "status": "active",
    "notes": "Pretty well in tune. I played it when the music wasn’t working in the coffee shop.",
    "sources": [
     {
      "source": "pianos.pub",
      "ref": "9vk1jmu"
     }
    ],
    "url": "https://openpianos.net/piano/fej9xz",
    "created_at": "2026-08-27T15:23:34.036Z",
    "updated_at": "2026-08-27T15:23:34.036Z",
    "last_verified_at": null
   }
  },
  {
   "type": "Feature",
   "geometry": {
    "type": "Point",
    "coordinates": [
     -86.77438,
     34.63624
    ]
   },
   "properties": {
    "id": "q6r93x",
    "name": "Huntsville International Airport",
    "city": "Huntsville",
    "region": "Alabama",
    "country": "United States",
    "access": "public",
    "status": "active",
    "notes": "location: Before security\nA piano is available for use just before security, near a seating area.",
    "sources": [
     {
      "source": "airportpianos",
      "ref": "HSV"
     }
    ],
    "url": "https://openpianos.net/piano/q6r93x",
    "created_at": "2026-08-26T19:23:51.453Z",
    "updated_at": "2026-08-26T19:23:51.453Z",
    "last_verified_at": null
   }
  },
  {
   "type": "Feature",
   "geometry": {
    "type": "Point",
    "coordinates": [
     -71.02162,
     42.37006
    ]
   },
   "properties": {
    "id": "boston-logan-airport-terminal-e-right-after-secu",
    "name": "Logan Airport Terminal E",
    "city": "Jeffries Point",
    "country": "United States",
    "access": "public",
    "status": "active",
    "sources": [
     {
      "source": "pianos.pub",
      "ref": "drt3pc5"
     }
    ],
    "url": "https://openpianos.net/piano/boston-logan-airport-terminal-e-right-after-secu",
    "created_at": "2026-08-20T22:52:40.522Z",
    "updated_at": "2026-08-20T22:52:40.522Z",
    "last_verified_at": "2026-08-02T10:47:27.828Z"
   }
  },
  {
   "type": "Feature",
   "geometry": {
    "type": "Point",
    "coordinates": [
     -92.38092,
     34.76172
    ]
   },
   "properties": {
    "id": "ndd6c2",
    "name": "Southedge Drive",
    "city": "Little Rock",
    "region": "Arkansas",
    "country": "United States",
    "access": "public",
    "status": "active",
    "notes": "Right in front of the main entrance",
    "sources": [
     {
      "source": "pianos.pub",
      "ref": "9ynmcb4"
     }
    ],
    "url": "https://openpianos.net/piano/ndd6c2",
    "created_at": "2026-08-27T15:23:39.731Z",
    "updated_at": "2026-08-27T15:23:39.731Z",
    "last_verified_at": null
   }
  },
  {
   "type": "Feature",
   "geometry": {
    "type": "Point",
    "coordinates": [
     -118.408,
     33.9425
    ]
   },
   "properties": {
    "id": "brqfjq",
    "name": "Los Angeles International Airport",
    "city": "Los Angeles",
    "region": "California",
    "country": "United States",
    "access": "public",
    "status": "active",
    "notes": "location: Terminal 7 and Tom Bradley International Terminal\nThere is a piano available in Terminal 7 after security and at the seating area by Burger King at the West Gates in Tom Bradley International Terminal. There may be a piano in Terminal 4 but this needs to be confirmed again.",
    "sources": [
     {
      "source": "airportpianos",
      "ref": "LAX"
     }
    ],
    "url": "https://openpianos.net/piano/brqfjq",
    "created_at": "2026-08-26T19:23:51.453Z",
    "updated_at": "2026-08-26T19:23:51.453Z",
    "last_verified_at": null
   }
  },
  {
   "type": "Feature",
   "geometry": {
    "type": "Point",
    "coordinates": [
     -80.28975,
     25.79601
    ]
   },
   "properties": {
    "id": "vhfmcv",
    "name": "Miami International Airport",
    "city": "Miami",
    "region": "Florida",
    "country": "United States",
    "access": "public",
    "status": "active",
    "notes": "location: No piano\nMiami International Airport no longer has a piano.",
    "sources": [
     {
      "source": "airportpianos",
      "ref": "MIA"
     }
    ],
    "url": "https://openpianos.net/piano/vhfmcv",
    "created_at": "2026-08-26T19:23:51.453Z",
    "updated_at": "2026-08-26T19:23:51.453Z",
    "last_verified_at": null
   }
  },
  {
   "type": "Feature",
   "geometry": {
    "type": "Point",
    "coordinates": [
     -80.1264,
     25.80451
    ]
   },
   "properties": {
    "id": "e6gtbc",
    "name": "Freehand Miami",
    "city": "Miami Beach",
    "region": "Florida",
    "country": "United States",
    "access": "public",
    "status": "active",
    "notes": "Good condition minus a broken pedal and one key that doesn’t work. You’ll also have to pull up a chair from the lobby (unless you want to play while standing).",
    "sources": [
     {
      "source": "pianos.pub",
      "ref": "dhx4b9t"
     }
    ],
    "url": "https://openpianos.net/piano/e6gtbc",
    "created_at": "2026-08-27T15:23:46.777Z",
    "updated_at": "2026-08-27T15:23:46.777Z",
    "last_verified_at": null
   }
  },
  {
   "type": "Feature",
   "geometry": {
    "type": "Point",
    "coordinates": [
     -80.12168,
     25.8159
    ]
   },
   "properties": {
    "id": "59fr3j",
    "name": "Soho Beach House",
    "city": "Miami Beach",
    "region": "Florida",
    "country": "United States",
    "access": "public",
    "status": "active",
    "notes": "Not sure if anyone is allowed to play it",
    "sources": [
     {
      "source": "pianos.pub",
      "ref": "dhx4bg9"
     }
    ],
    "url": "https://openpianos.net/piano/59fr3j",
    "created_at": "2026-08-27T15:23:39.731Z",
    "updated_at": "2026-08-27T15:23:39.731Z",
    "last_verified_at": null
   }
  },
  {
   "type": "Feature",
   "geometry": {
    "type": "Point",
    "coordinates": [
     -93.22174,
     44.88008
    ]
   },
   "properties": {
    "id": "c6nbfw",
    "name": "Minneapolis–Saint Paul International Airport",
    "city": "Minneapolis",
    "region": "Minnesota",
    "country": "United States",
    "access": "public",
    "status": "active",
    "notes": "location: Terminal 1, Terminal 2 Gate H11\nMSP airport has a piano in outside of security on level one arrivals/baggage claim in either Terminal 1 or Terminal 2 (please let us know what terminal it is in!), right next to baggage claim #6. There may also be a piano in Terminal 2 near gate H11.",
    "sources": [
     {
      "source": "airportpianos",
      "ref": "MSP"
     }
    ],
    "url": "https://openpianos.net/piano/c6nbfw",
    "created_at": "2026-08-26T19:23:53.637Z",
    "updated_at": "2026-08-26T19:23:53.637Z",
    "last_verified_at": null
   }
  },
  {
   "type": "Feature",
   "geometry": {
    "type": "Point",
    "coordinates": [
     -73.77932,
     40.63945
    ]
   },
   "properties": {
    "id": "1sxy6y",
    "name": "John F. Kennedy International Airport",
    "city": "New York",
    "region": "New York",
    "country": "United States",
    "access": "public",
    "status": "active",
    "notes": "location: Terminal 7\nJFK Airport usually has a piano during Christmas holiday season in Terminal 4 but take it away for most of the year. There used to be a piano at Gate A5 in Terminal 4 but it was reported to be unavailable as of July 2025. A piano was reported in Terminal 7 but its presence could not be confirmed as of July 2025.",
    "sources": [
     {
      "source": "airportpianos",
      "ref": "JFK"
     }
    ],
    "url": "https://openpianos.net/piano/1sxy6y",
    "created_at": "2026-08-26T19:23:51.453Z",
    "updated_at": "2026-08-26T19:23:51.453Z",
    "last_verified_at": null
   }
  },
  {
   "type": "Feature",
   "geometry": {
    "type": "Point",
    "coordinates": [
     -74.17054,
     40.6894
    ]
   },
   "properties": {
    "id": "2xbr5h",
    "name": "Newark Liberty International Airport",
    "city": "Newark",
    "region": "New Jersey",
    "country": "United States",
    "access": "public",
    "status": "active",
    "notes": "location: Terminal C, Gate C72\nThere are two grand pianos provided by Sing for Hope at Newark Liberty International Airport. These pianos can be found in Terminal C in Concourse 01 at Gate C72 and Concourse 03.",
    "sources": [
     {
      "source": "airportpianos",
      "ref": "EWR"
     }
    ],
    "url": "https://openpianos.net/piano/2xbr5h",
    "created_at": "2026-08-26T19:23:51.453Z",
    "updated_at": "2026-08-26T19:23:51.453Z",
    "last_verified_at": null
   }
  },
  {
   "type": "Feature",
   "geometry": {
    "type": "Point",
    "coordinates": [
     -117.86928,
     33.67506
    ]
   },
   "properties": {
    "id": "3x6r6y",
    "name": "John Wayne Airport",
    "city": "Orange County",
    "region": "California",
    "country": "United States",
    "access": "public",
    "status": "active",
    "notes": "location: Between Terminals B and C\nJohn Wayne Airport has a piano between Terminals B and C, and/or at Gate 9.",
    "sources": [
     {
      "source": "airportpianos",
      "ref": "SNA"
     }
    ],
    "url": "https://openpianos.net/piano/3x6r6y",
    "created_at": "2026-08-26T19:23:53.637Z",
    "updated_at": "2026-08-26T19:23:53.637Z",
    "last_verified_at": null
   }
  },
  {
   "type": "Feature",
   "geometry": {
    "type": "Point",
    "coordinates": [
     -75.16579,
     39.94666
    ]
   },
   "properties": {
    "id": "nyk31s",
    "name": "Kimmel Center for the Performing Arts",
    "city": "Philadelphia",
    "region": "Pennsylvania",
    "country": "United States",
    "access": "public",
    "status": "active",
    "notes": "It's located in the Kimmel Center for the Performing Arts' Plaza!",
    "sources": [
     {
      "source": "pianos.pub",
      "ref": "dr4e381"
     }
    ],
    "url": "https://openpianos.net/piano/nyk31s",
    "created_at": "2026-08-27T15:23:39.731Z",
    "updated_at": "2026-08-27T15:23:39.731Z",
    "last_verified_at": null
   }
  },
  {
   "type": "Feature",
   "geometry": {
    "type": "Point",
    "coordinates": [
     -75.2411,
     39.8719
    ]
   },
   "properties": {
    "id": "89j3jw",
    "name": "Philadelphia International Airport",
    "city": "Philadelphia",
    "region": "Pennsylvania",
    "country": "United States",
    "access": "public",
    "status": "active",
    "notes": "There used to be a piano on the B/C stage. It is no longer available.",
    "sources": [
     {
      "source": "airportpianos",
      "ref": "PHL"
     }
    ],
    "url": "https://openpianos.net/piano/89j3jw",
    "created_at": "2026-08-26T19:23:53.637Z",
    "updated_at": "2026-08-26T19:23:53.637Z",
    "last_verified_at": null
   }
  },
  {
   "type": "Feature",
   "geometry": {
    "type": "Point",
    "coordinates": [
     -80.2329,
     40.4915
    ]
   },
   "properties": {
    "id": "rv4w40",
    "name": "Pittsburgh International Airport",
    "city": "Pittsburgh",
    "region": "Pennsylvania",
    "country": "United States",
    "access": "public",
    "status": "active",
    "notes": "There is a grand piano available to play at PIT airport on the Baggage Claim floor.",
    "sources": [
     {
      "source": "airportpianos",
      "ref": "PIT"
     }
    ],
    "url": "https://openpianos.net/piano/rv4w40",
    "created_at": "2026-08-26T19:23:53.637Z",
    "updated_at": "2026-08-26T19:23:53.637Z",
    "last_verified_at": null
   }
  },
  {
   "type": "Feature",
   "geometry": {
    "type": "Point",
    "coordinates": [
     -96.83141,
     33.03232
    ]
   },
   "properties": {
    "id": "da4956",
    "name": "Willow Bend Mall",
    "city": "Plano",
    "region": "Texas",
    "country": "United States",
    "access": "public",
    "status": "active",
    "notes": "The piano has a pretty heavy action and a nice rich sound and in tune. For some reason I forgot the brand but I’m pretty sure it’s a Boston Grand. It’s in the North West side of the mall. Near Dillards and a parking garage.",
    "sources": [
     {
      "source": "pianos.pub",
      "ref": "9vg5ut3"
     }
    ],
    "url": "https://openpianos.net/piano/da4956",
    "created_at": "2026-08-27T15:23:39.731Z",
    "updated_at": "2026-08-27T15:23:39.731Z",
    "last_verified_at": null
   }
  },
  {
   "type": "Feature",
   "geometry": {
    "type": "Point",
    "coordinates": [
     -122.598,
     45.5887
    ]
   },
   "properties": {
    "id": "63r0jk",
    "name": "Portland International Airport",
    "city": "Portland",
    "region": "Oregon",
    "country": "United States",
    "access": "public",
    "status": "active",
    "notes": "There is a piano in PDX airport between gates C15 and C16.",
    "sources": [
     {
      "source": "airportpianos",
      "ref": "PDX"
     }
    ],
    "url": "https://openpianos.net/piano/63r0jk",
    "created_at": "2026-08-26T19:23:53.637Z",
    "updated_at": "2026-08-26T19:23:53.637Z",
    "last_verified_at": null
   }
  },
  {
   "type": "Feature",
   "geometry": {
    "type": "Point",
    "coordinates": [
     -78.63693,
     35.77798
    ]
   },
   "properties": {
    "id": "a4yf5f",
    "name": "GoRaleigh Station",
    "city": "Raleigh",
    "region": "North Carolina",
    "country": "United States",
    "access": "public",
    "status": "active",
    "notes": "Inside near the middle of the bar. Plays well.",
    "sources": [
     {
      "source": "pianos.pub",
      "ref": "dq25d94"
     }
    ],
    "url": "https://openpianos.net/piano/a4yf5f",
    "created_at": "2026-08-27T15:23:39.731Z",
    "updated_at": "2026-08-27T15:23:39.731Z",
    "last_verified_at": null
   }
  },
  {
   "type": "Feature",
   "geometry": {
    "type": "Point",
    "coordinates": [
     -77.3197,
     37.5052
    ]
   },
   "properties": {
    "id": "5ne4nm",
    "name": "Richmond International Airport",
    "city": "Richmond",
    "region": "Virginia",
    "country": "United States",
    "access": "public",
    "status": "active",
    "notes": "location: Unknown\nRichmond International Airport has a piano, but the location was not submitted to this website. If you see the piano, consider submitting the location to this website so others can find it. Happy playing!",
    "sources": [
     {
      "source": "airportpianos",
      "ref": "RIC"
     }
    ],
    "url": "https://openpianos.net/piano/5ne4nm",
    "created_at": "2026-08-26T19:23:53.637Z",
    "updated_at": "2026-08-26T19:23:53.637Z",
    "last_verified_at": null
   }
  },
  {
   "type": "Feature",
   "geometry": {
    "type": "Point",
    "coordinates": [
     -111.97987,
     40.78886
    ]
   },
   "properties": {
    "id": "hx4h25",
    "name": "Salt Lake City International Airport",
    "city": "Salt Lake City",
    "region": "Utah",
    "country": "United States",
    "access": "public",
    "status": "active",
    "notes": "location: After passing through security near the A gate.\nA piano is available for public use after passing through security in the Concourse A main plaza, by the north windows.",
    "sources": [
     {
      "source": "airportpianos",
      "ref": "SLC"
     }
    ],
    "url": "https://openpianos.net/piano/hx4h25",
    "created_at": "2026-08-26T19:23:53.637Z",
    "updated_at": "2026-08-26T19:23:53.637Z",
    "last_verified_at": null
   }
  },
  {
   "type": "Feature",
   "geometry": {
    "type": "Point",
    "coordinates": [
     -117.19,
     32.7336
    ]
   },
   "properties": {
    "id": "6xm6vy",
    "name": "San Diego International Airport",
    "city": "San Diego",
    "region": "California",
    "country": "United States",
    "access": "public",
    "status": "active",
    "notes": "location: Terminal 2\nSan Diego International Airport has a piano in Terminal 2, near gate 36.",
    "sources": [
     {
      "source": "airportpianos",
      "ref": "SAN"
     }
    ],
    "url": "https://openpianos.net/piano/6xm6vy",
    "created_at": "2026-08-26T19:23:53.637Z",
    "updated_at": "2026-08-26T19:23:53.637Z",
    "last_verified_at": null
   }
  },
  {
   "type": "Feature",
   "geometry": {
    "type": "Point",
    "coordinates": [
     -122.47327,
     37.77098
    ]
   },
   "properties": {
    "id": "2bp6wf",
    "name": "John F. Kennedy Promenade",
    "city": "San Francisco",
    "region": "California",
    "country": "United States",
    "access": "public",
    "status": "active",
    "notes": "Some of the keys are stuck",
    "sources": [
     {
      "source": "pianos.pub",
      "ref": "9q8yv5c"
     }
    ],
    "url": "https://openpianos.net/piano/2bp6wf",
    "created_at": "2026-08-27T15:23:39.731Z",
    "updated_at": "2026-08-27T15:23:39.731Z",
    "last_verified_at": null
   }
  },
  {
   "type": "Feature",
   "geometry": {
    "type": "Point",
    "coordinates": [
     -122.37482,
     37.61981
    ]
   },
   "properties": {
    "id": "2sq8rj",
    "name": "San Francisco International Airport",
    "city": "San Francisco",
    "region": "California",
    "country": "United States",
    "access": "public",
    "status": "active",
    "notes": "There is a piano at SFO in Terminal 1, just past TSA, to the left, next to Tony's Pizza Napoletana.",
    "sources": [
     {
      "source": "airportpianos",
      "ref": "SFO"
     }
    ],
    "url": "https://openpianos.net/piano/2sq8rj",
    "created_at": "2026-08-26T19:23:53.637Z",
    "updated_at": "2026-08-26T19:23:53.637Z",
    "last_verified_at": null
   }
  },
  {
   "type": "Feature",
   "geometry": {
    "type": "Point",
    "coordinates": [
     -122.50802,
     37.74588
    ]
   },
   "properties": {
    "id": "y865tm",
    "name": "Upper Great Highway",
    "city": "San Francisco",
    "region": "California",
    "country": "United States",
    "access": "public",
    "status": "active",
    "notes": "Decent upright piano, has a waterproof cover and a house.",
    "sources": [
     {
      "source": "pianos.pub",
      "ref": "9q8ysr2"
     }
    ],
    "url": "https://openpianos.net/piano/y865tm",
    "created_at": "2026-08-27T15:23:39.731Z",
    "updated_at": "2026-08-27T15:23:39.731Z",
    "last_verified_at": null
   }
  },
  {
   "type": "Feature",
   "geometry": {
    "type": "Point",
    "coordinates": [
     -121.92919,
     37.36245
    ]
   },
   "properties": {
    "id": "wdms3m",
    "name": "San José Mineta International Airport",
    "city": "San José",
    "region": "California",
    "country": "United States",
    "access": "public",
    "status": "active",
    "notes": "location: Terminal B\nSan José airport no longer has a piano. The piano was previously in Terminal B, near baggage claim. If this has changed, please let us know!",
    "sources": [
     {
      "source": "airportpianos",
      "ref": "SJC"
     }
    ],
    "url": "https://openpianos.net/piano/wdms3m",
    "created_at": "2026-08-26T19:23:53.637Z",
    "updated_at": "2026-08-26T19:23:53.637Z",
    "last_verified_at": null
   }
  },
  {
   "type": "Feature",
   "geometry": {
    "type": "Point",
    "coordinates": [
     -119.84,
     34.4262
    ]
   },
   "properties": {
    "id": "s8ktz4",
    "name": "Santa Barbara Municipal Airport",
    "city": "Santa Barbara",
    "region": "California",
    "country": "United States",
    "access": "public",
    "status": "active",
    "notes": "There is a piano in the baggage claim area.",
    "sources": [
     {
      "source": "airportpianos",
      "ref": "SBA"
     }
    ],
    "url": "https://openpianos.net/piano/s8ktz4",
    "created_at": "2026-08-26T19:23:53.637Z",
    "updated_at": "2026-08-26T19:23:53.637Z",
    "last_verified_at": null
   }
  },
  {
   "type": "Feature",
   "geometry": {
    "type": "Point",
    "coordinates": [
     -81.19998,
     32.12659
    ]
   },
   "properties": {
    "id": "2b2r4a",
    "name": "Savannah/Hilton Head International Airport",
    "city": "Savannah",
    "region": "Georgia",
    "country": "United States",
    "access": "public",
    "status": "active",
    "notes": "There is a piano at Savannah/Hilton Head International Airport in the courtyard area as you walk toward the exit but still on the side after security.",
    "sources": [
     {
      "source": "airportpianos",
      "ref": "SAV"
     }
    ],
    "url": "https://openpianos.net/piano/2b2r4a",
    "created_at": "2026-08-26T19:23:53.637Z",
    "updated_at": "2026-08-26T19:23:53.637Z",
    "last_verified_at": null
   }
  },
  {
   "type": "Feature",
   "geometry": {
    "type": "Point",
    "coordinates": [
     -122.38399,
     47.65616
    ]
   },
   "properties": {
    "id": "0mket6",
    "name": "21st Avenue West",
    "city": "Seattle",
    "region": "Washington",
    "country": "United States",
    "access": "public",
    "status": "active",
    "notes": "Slightly out of tune. Grand piano",
    "sources": [
     {
      "source": "pianos.pub",
      "ref": "c22zp5d"
     }
    ],
    "url": "https://openpianos.net/piano/0mket6",
    "created_at": "2026-08-27T15:23:34.036Z",
    "updated_at": "2026-08-27T15:23:34.036Z",
    "last_verified_at": null
   }
  },
  {
   "type": "Feature",
   "geometry": {
    "type": "Point",
    "coordinates": [
     -122.31028,
     47.44794
    ]
   },
   "properties": {
    "id": "qrv4vz",
    "name": "Seattle-Tacoma International Airport",
    "city": "Seattle",
    "region": "Washington",
    "country": "United States",
    "access": "public",
    "status": "active",
    "notes": "location: Gate A\nThere used to be a piano for public use in the seating area by the A gate, after you go through security. This piano is no longer available as of May 2025.",
    "sources": [
     {
      "source": "airportpianos",
      "ref": "SEA"
     }
    ],
    "url": "https://openpianos.net/piano/qrv4vz",
    "created_at": "2026-08-26T19:23:53.637Z",
    "updated_at": "2026-08-26T19:23:53.637Z",
    "last_verified_at": null
   }
  },
  {
   "type": "Feature",
   "geometry": {
    "type": "Point",
    "coordinates": [
     -90.37,
     38.7487
    ]
   },
   "properties": {
    "id": "76483y",
    "name": "St. Louis Lambert International Airport",
    "city": "St. Louis",
    "region": "Missouri",
    "country": "United States",
    "access": "public",
    "status": "active",
    "notes": "There is a piano downstairs before security.",
    "sources": [
     {
      "source": "airportpianos",
      "ref": "STL"
     }
    ],
    "url": "https://openpianos.net/piano/76483y",
    "created_at": "2026-08-26T19:23:53.637Z",
    "updated_at": "2026-08-26T19:23:53.637Z",
    "last_verified_at": null
   }
  },
  {
   "type": "Feature",
   "geometry": {
    "type": "Point",
    "coordinates": [
     -81.78529,
     32.42131
    ]
   },
   "properties": {
    "id": "1gc80y",
    "name": "Georgia Southern University",
    "city": "Statesboro",
    "region": "Georgia",
    "country": "United States",
    "access": "public",
    "status": "active",
    "sources": [
     {
      "source": "pianos.pub",
      "ref": "djvb6yj"
     }
    ],
    "url": "https://openpianos.net/piano/1gc80y",
    "created_at": "2026-08-27T15:23:39.731Z",
    "updated_at": "2026-08-27T15:23:39.731Z",
    "last_verified_at": null
   }
  },
  {
   "type": "Feature",
   "geometry": {
    "type": "Point",
    "coordinates": [
     -76.1063,
     43.1112
    ]
   },
   "properties": {
    "id": "7kzqcc",
    "name": "Syracuse Hancock International Airport",
    "city": "Syracuse",
    "region": "New York",
    "country": "United States",
    "access": "public",
    "status": "active",
    "notes": "location: Main departures hall\nA piano is available for public use in the main departures hall before the security escalators.",
    "sources": [
     {
      "source": "airportpianos",
      "ref": "SYR"
     }
    ],
    "url": "https://openpianos.net/piano/7kzqcc",
    "created_at": "2026-08-26T19:23:53.637Z",
    "updated_at": "2026-08-26T19:23:53.637Z",
    "last_verified_at": null
   }
  },
  {
   "type": "Feature",
   "geometry": {
    "type": "Point",
    "coordinates": [
     -84.29936,
     30.44086
    ]
   },
   "properties": {
    "id": "g2yzvf",
    "name": "Florida State University",
    "city": "Tallahassee",
    "region": "Florida",
    "country": "United States",
    "access": "public",
    "status": "active",
    "sources": [
     {
      "source": "pianos.pub",
      "ref": "djkj1tx"
     }
    ],
    "url": "https://openpianos.net/piano/g2yzvf",
    "created_at": "2026-08-27T15:23:39.731Z",
    "updated_at": "2026-08-27T15:23:39.731Z",
    "last_verified_at": null
   }
  },
  {
   "type": "Feature",
   "geometry": {
    "type": "Point",
    "coordinates": [
     -84.29744,
     30.44429
    ]
   },
   "properties": {
    "id": "mf5mpw",
    "name": "Student Union",
    "city": "Tallahassee",
    "region": "Florida",
    "country": "United States",
    "access": "public",
    "status": "active",
    "sources": [
     {
      "source": "pianos.pub",
      "ref": "djkj1y0"
     }
    ],
    "url": "https://openpianos.net/piano/mf5mpw",
    "created_at": "2026-08-27T15:23:39.731Z",
    "updated_at": "2026-08-27T15:23:39.731Z",
    "last_verified_at": null
   }
  },
  {
   "type": "Feature",
   "geometry": {
    "type": "Point",
    "coordinates": [
     -84.29413,
     30.43944
    ]
   },
   "properties": {
    "id": "qrf3c9",
    "name": "Sweet Shop",
    "city": "Tallahassee",
    "region": "Florida",
    "country": "United States",
    "access": "public",
    "status": "active",
    "sources": [
     {
      "source": "pianos.pub",
      "ref": "djkj1v6"
     }
    ],
    "url": "https://openpianos.net/piano/qrf3c9",
    "created_at": "2026-08-27T15:23:39.731Z",
    "updated_at": "2026-08-27T15:23:39.731Z",
    "last_verified_at": null
   }
  },
  {
   "type": "Feature",
   "geometry": {
    "type": "Point",
    "coordinates": [
     -88.22672,
     40.11424
    ]
   },
   "properties": {
    "id": "39qe91",
    "name": "Coordinated Science Laboratory",
    "city": "Urbana",
    "region": "Illinois",
    "country": "United States",
    "access": "public",
    "status": "active",
    "sources": [
     {
      "source": "pianos.pub",
      "ref": "dp1k0qe"
     }
    ],
    "url": "https://openpianos.net/piano/39qe91",
    "created_at": "2026-08-27T15:23:46.777Z",
    "updated_at": "2026-08-27T15:23:46.777Z",
    "last_verified_at": null
   }
  },
  {
   "type": "Feature",
   "geometry": {
    "type": "Point",
    "coordinates": [
     -71.42567,
     41.72504
    ]
   },
   "properties": {
    "id": "7tmv41",
    "name": "Rhode Island TF Green International Airport",
    "city": "Warwick",
    "region": "Rhode Island",
    "country": "United States",
    "access": "public",
    "status": "active",
    "notes": "location: Baggage claim\nRhode Island TF Green International Airport has a piano in the baggage claim area. As of July 22, 2025, it is no longer available for travelers and is roped off since the airport only hires local professional musicians.",
    "sources": [
     {
      "source": "airportpianos",
      "ref": "PVD"
     }
    ],
    "url": "https://openpianos.net/piano/7tmv41",
    "created_at": "2026-08-26T19:23:53.637Z",
    "updated_at": "2026-08-26T19:23:53.637Z",
    "last_verified_at": null
   }
  },
  {
   "type": "Feature",
   "geometry": {
    "type": "Point",
    "coordinates": [
     -77.04549,
     38.91659
    ]
   },
   "properties": {
    "id": "23tyxs",
    "name": "Washington Hilton",
    "city": "Washington",
    "region": "District of Columbia",
    "country": "United States",
    "access": "public",
    "status": "active",
    "notes": "Seen on January 12th 2025 (Shmoocon event), they had removed it from the lobby and put it in storage, but someone convinced them to move it back into the lobby. Baby grand, some cosmetic damage but in good mechanical order, could have used a tuning but not too bad.",
    "sources": [
     {
      "source": "pianos.pub",
      "ref": "dqcjqu9"
     }
    ],
    "url": "https://openpianos.net/piano/23tyxs",
    "created_at": "2026-08-27T15:23:39.731Z",
    "updated_at": "2026-08-27T15:23:39.731Z",
    "last_verified_at": null
   }
  },
  {
   "type": "Feature",
   "geometry": {
    "type": "Point",
    "coordinates": [
     -72.68802,
     41.93856
    ]
   },
   "properties": {
    "id": "ydrvw1",
    "name": "Bradley International Airport",
    "city": "Windsor Locks",
    "region": "Connecticut",
    "country": "United States",
    "access": "public",
    "status": "active",
    "notes": "There is a piano in BDL airport to the right immediately past security. The piano may not be for public use.",
    "sources": [
     {
      "source": "airportpianos",
      "ref": "BDL"
     }
    ],
    "url": "https://openpianos.net/piano/ydrvw1",
    "created_at": "2026-08-26T19:23:51.453Z",
    "updated_at": "2026-08-26T19:23:51.453Z",
    "last_verified_at": null
   }
  },
  {
   "type": "Feature",
   "geometry": {
    "type": "Point",
    "coordinates": [
     -88.64197,
     35.43884
    ]
   },
   "properties": {
    "id": "8c1k3s",
    "name": "Besso's Coffee",
    "region": "Tennessee",
    "country": "United States",
    "access": "public",
    "status": "active",
    "notes": "Piano is up a spiral staircase near the ordering counter on a small platform.",
    "sources": [
     {
      "source": "pianos.pub",
      "ref": "dn2cwgk"
     }
    ],
    "url": "https://openpianos.net/piano/8c1k3s",
    "created_at": "2026-08-27T15:23:39.731Z",
    "updated_at": "2026-08-27T15:23:39.731Z",
    "last_verified_at": null
   }
  },
  {
   "type": "Feature",
   "geometry": {
    "type": "Point",
    "coordinates": [
     -74.45879,
     40.52326
    ]
   },
   "properties": {
    "id": "k5bbxn",
    "name": "Busch Student Center",
    "region": "New Jersey",
    "country": "United States",
    "access": "public",
    "status": "active",
    "sources": [
     {
      "source": "pianos.pub",
      "ref": "dr5n99h"
     }
    ],
    "url": "https://openpianos.net/piano/k5bbxn",
    "created_at": "2026-08-27T15:23:39.731Z",
    "updated_at": "2026-08-27T15:23:39.731Z",
    "last_verified_at": null
   }
  },
  {
   "type": "Feature",
   "geometry": {
    "type": "Point",
    "coordinates": [
     -72.36395,
     41.65803
    ]
   },
   "properties": {
    "id": "xzwmbx",
    "name": "Douglas Library Of Hebron",
    "region": "Connecticut",
    "country": "United States",
    "access": "public",
    "status": "active",
    "notes": "It is on the bottom floor down some stairs. There is an elevator too.",
    "sources": [
     {
      "source": "pianos.pub",
      "ref": "drkscrd"
     }
    ],
    "url": "https://openpianos.net/piano/xzwmbx",
    "created_at": "2026-08-27T15:23:39.731Z",
    "updated_at": "2026-08-27T15:23:39.731Z",
    "last_verified_at": null
   }
  },
  {
   "type": "Feature",
   "geometry": {
    "type": "Point",
    "coordinates": [
     -72.7366,
     41.50174
    ]
   },
   "properties": {
    "id": "f8dq2x",
    "name": "Fire at the Ridge",
    "region": "Connecticut",
    "country": "United States",
    "access": "public",
    "status": "active",
    "sources": [
     {
      "source": "pianos.pub",
      "ref": "drkk0g4"
     }
    ],
    "url": "https://openpianos.net/piano/f8dq2x",
    "created_at": "2026-08-27T15:23:34.036Z",
    "updated_at": "2026-08-27T15:23:34.036Z",
    "last_verified_at": null
   }
  },
  {
   "type": "Feature",
   "geometry": {
    "type": "Point",
    "coordinates": [
     -124.41864,
     42.42166
    ]
   },
   "properties": {
    "id": "9sa0pe",
    "name": "Jerry's Rogue Jets",
    "region": "Oregon",
    "country": "United States",
    "access": "public",
    "status": "active",
    "notes": "Very old upright piano. No permission required to play.",
    "sources": [
     {
      "source": "pianos.pub",
      "ref": "9px92f9"
     }
    ],
    "url": "https://openpianos.net/piano/9sa0pe",
    "created_at": "2026-08-27T15:23:39.731Z",
    "updated_at": "2026-08-27T15:23:39.731Z",
    "last_verified_at": null
   }
  },
  {
   "type": "Feature",
   "geometry": {
    "type": "Point",
    "coordinates": [
     -111.86596,
     40.69505
    ]
   },
   "properties": {
    "id": "mbfntw",
    "name": "Millcreek Gardens",
    "region": "Utah",
    "country": "United States",
    "access": "public",
    "status": "active",
    "notes": "piano is by the checkouts",
    "sources": [
     {
      "source": "pianos.pub",
      "ref": "9x0rw2m"
     }
    ],
    "url": "https://openpianos.net/piano/mbfntw",
    "created_at": "2026-08-27T15:23:34.036Z",
    "updated_at": "2026-08-27T15:23:34.036Z",
    "last_verified_at": null
   }
  },
  {
   "type": "Feature",
   "geometry": {
    "type": "Point",
    "coordinates": [
     -72.52697,
     42.39171
    ]
   },
   "properties": {
    "id": "azyzwn",
    "name": "Murray D. Lincoln Campus Center",
    "region": "Massachusetts",
    "country": "United States",
    "access": "public",
    "status": "active",
    "notes": "pedal kind of bad. steely sound. chrisitians may come up and try to convert you.",
    "sources": [
     {
      "source": "pianos.pub",
      "ref": "drs3jt5"
     }
    ],
    "url": "https://openpianos.net/piano/azyzwn",
    "created_at": "2026-08-27T15:23:39.731Z",
    "updated_at": "2026-08-27T15:23:39.731Z",
    "last_verified_at": null
   }
  },
  {
   "type": "Feature",
   "geometry": {
    "type": "Point",
    "coordinates": [
     -118.40863,
     33.88617
    ]
   },
   "properties": {
    "id": "5065cm",
    "name": "North Morningside Drive",
    "region": "California",
    "country": "United States",
    "access": "public",
    "status": "active",
    "notes": "Open to the public.  Not a permanent installation, but there for Summer 2025",
    "sources": [
     {
      "source": "pianos.pub",
      "ref": "9q5bc8c"
     }
    ],
    "url": "https://openpianos.net/piano/5065cm",
    "created_at": "2026-08-27T15:23:39.731Z",
    "updated_at": "2026-08-27T15:23:39.731Z",
    "last_verified_at": null
   }
  },
  {
   "type": "Feature",
   "geometry": {
    "type": "Point",
    "coordinates": [
     -120.81184,
     35.34754
    ]
   },
   "properties": {
    "id": "pxnp4s",
    "name": "Quarry Trail",
    "region": "California",
    "country": "United States",
    "access": "public",
    "status": "active",
    "notes": "It’s an assisted living facility and they have 2 pianos. They welcome any live music between 9am and 8pm!!",
    "sources": [
     {
      "source": "pianos.pub",
      "ref": "9q614fg"
     }
    ],
    "url": "https://openpianos.net/piano/pxnp4s",
    "created_at": "2026-08-27T15:23:39.731Z",
    "updated_at": "2026-08-27T15:23:39.731Z",
    "last_verified_at": null
   }
  },
  {
   "type": "Feature",
   "geometry": {
    "type": "Point",
    "coordinates": [
     -83.13011,
     42.68358
    ]
   },
   "properties": {
    "id": "h75gdg",
    "name": "Rochester Hills Public Library",
    "region": "Michigan",
    "country": "United States",
    "access": "public",
    "status": "active",
    "notes": "not sure why it's near a library when they're supposed to be quiet (you should DEFINITELY play the opening of rhapsody in blue at max volume at 9 pm on a monday)",
    "sources": [
     {
      "source": "pianos.pub",
      "ref": "dpsfu66"
     }
    ],
    "url": "https://openpianos.net/piano/h75gdg",
    "created_at": "2026-08-27T15:23:39.731Z",
    "updated_at": "2026-08-27T15:23:39.731Z",
    "last_verified_at": null
   }
  },
  {
   "type": "Feature",
   "geometry": {
    "type": "Point",
    "coordinates": [
     -121.14382,
     37.79806
    ]
   },
   "properties": {
    "id": "wtvmpy",
    "name": "State Route 120",
    "region": "California",
    "country": "United States",
    "access": "public",
    "status": "active",
    "notes": "Tuned, some dead keys",
    "sources": [
     {
      "source": "pianos.pub",
      "ref": "9q9z52c"
     }
    ],
    "url": "https://openpianos.net/piano/wtvmpy",
    "created_at": "2026-08-27T15:23:34.036Z",
    "updated_at": "2026-08-27T15:23:34.036Z",
    "last_verified_at": null
   }
  },
  {
   "type": "Feature",
   "geometry": {
    "type": "Point",
    "coordinates": [
     -117.99775,
     33.8596
    ]
   },
   "properties": {
    "id": "9krc2q",
    "name": "The Source",
    "region": "California",
    "country": "United States",
    "access": "public",
    "status": "active",
    "notes": "There is a Ding Tea right next the piano and a bunch of tiny Claw Machines",
    "sources": [
     {
      "source": "pianos.pub",
      "ref": "9qh0dgu"
     }
    ],
    "url": "https://openpianos.net/piano/9krc2q",
    "created_at": "2026-08-27T15:23:39.731Z",
    "updated_at": "2026-08-27T15:23:39.731Z",
    "last_verified_at": null
   }
  },
  {
   "type": "Feature",
   "geometry": {
    "type": "Point",
    "coordinates": [
     -68.66733,
     44.89998
    ]
   },
   "properties": {
    "id": "902g6b",
    "name": "University of Maine",
    "region": "Maine",
    "country": "United States",
    "access": "public",
    "status": "active",
    "notes": "There is a hallway of the second floor lined with practice rooms. No food or drink (except water). Technically for students/faculty only, but if they aren't full and you don't cause any trouble, it's highly unlikely anyone will bother you. There are maybe ten or twelve rooms, each with a piano, bench. Amazing place!",
    "sources": [
     {
      "source": "pianos.pub",
      "ref": "drzpmmv"
     }
    ],
    "url": "https://openpianos.net/piano/902g6b",
    "created_at": "2026-08-27T15:23:39.731Z",
    "updated_at": "2026-08-27T15:23:39.731Z",
    "last_verified_at": null
   }
  },
  {
   "type": "Feature",
   "geometry": {
    "type": "Point",
    "coordinates": [
     -72.52734,
     42.38778
    ]
   },
   "properties": {
    "id": "518w1g",
    "name": "University of Massachusetts Amherst",
    "region": "Massachusetts",
    "country": "United States",
    "access": "public",
    "status": "active",
    "notes": "Stolen from Worcester",
    "sources": [
     {
      "source": "pianos.pub",
      "ref": "drs3js7"
     }
    ],
    "url": "https://openpianos.net/piano/518w1g",
    "created_at": "2026-08-27T15:23:39.731Z",
    "updated_at": "2026-08-27T15:23:39.731Z",
    "last_verified_at": null
   }
  },
  {
   "type": "Feature",
   "geometry": {
    "type": "Point",
    "coordinates": [
     -56.0265,
     -34.83565
    ]
   },
   "properties": {
    "id": "ncjvh0",
    "name": "Aeropuerto Internacional de Carrasco",
    "city": "Ciudad de la Costa",
    "region": "Ciudad de la Costa",
    "country": "Uruguay",
    "access": "public",
    "status": "active",
    "notes": "location: Departure gate\nMVD airport has a piano at the departure gate.",
    "sources": [
     {
      "source": "airportpianos",
      "ref": "MVD"
     }
    ],
    "url": "https://openpianos.net/piano/ncjvh0",
    "created_at": "2026-08-26T19:23:53.637Z",
    "updated_at": "2026-08-26T19:23:53.637Z",
    "last_verified_at": null
   }
  },
  {
   "type": "Feature",
   "geometry": {
    "type": "Point",
    "coordinates": [
     -56.15873,
     -34.924
    ]
   },
   "properties": {
    "id": "w01xqe",
    "name": "Punta Carretas Shopping",
    "city": "Montevideo",
    "region": "Montevideo",
    "country": "Uruguay",
    "access": "public",
    "status": "active",
    "notes": "gets moved around very often",
    "sources": [
     {
      "source": "pianos.pub",
      "ref": "6cb1646"
     }
    ],
    "url": "https://openpianos.net/piano/w01xqe",
    "created_at": "2026-08-27T15:23:46.777Z",
    "updated_at": "2026-08-27T15:23:46.777Z",
    "last_verified_at": null
   }
  },
  {
   "type": "Feature",
   "geometry": {
    "type": "Point",
    "coordinates": [
     -56.05926,
     -34.88719
    ]
   },
   "properties": {
    "id": "mh1dkh",
    "name": "la Madriguera heladería",
    "city": "Montevideo",
    "region": "Montevideo",
    "country": "Uruguay",
    "access": "public",
    "status": "active",
    "notes": "It has a piano that clients can play",
    "sources": [
     {
      "source": "pianos.pub",
      "ref": "6cb1s2f"
     }
    ],
    "url": "https://openpianos.net/piano/mh1dkh",
    "created_at": "2026-08-27T15:23:46.777Z",
    "updated_at": "2026-08-27T15:23:46.777Z",
    "last_verified_at": null
   }
  },
  {
   "type": "Feature",
   "geometry": {
    "type": "Point",
    "coordinates": [
     106.69783,
     10.78177
    ]
   },
   "properties": {
    "id": "73hhrm",
    "name": "Phạm Ngọc Thạch",
    "city": "Thành phố Hồ Chí Minh",
    "country": "Việt Nam",
    "access": "public",
    "status": "active",
    "sources": [
     {
      "source": "pianos.pub",
      "ref": "w3gv7fy"
     }
    ],
    "url": "https://openpianos.net/piano/73hhrm",
    "created_at": "2026-08-27T15:23:46.777Z",
    "updated_at": "2026-08-27T15:23:46.777Z",
    "last_verified_at": null
   }
  },
  {
   "type": "Feature",
   "geometry": {
    "type": "Point",
    "coordinates": [
     109.1909,
     12.24018
    ]
   },
   "properties": {
    "id": "q7jy6w",
    "name": "Hon Kien Music and Coffee",
    "city": "Thành phố Nha Trang",
    "region": "Tỉnh Khánh Hòa",
    "country": "Việt Nam",
    "access": "public",
    "status": "active",
    "sources": [
     {
      "source": "pianos.pub",
      "ref": "w6jtssq"
     }
    ],
    "url": "https://openpianos.net/piano/q7jy6w",
    "created_at": "2026-08-27T15:23:46.777Z",
    "updated_at": "2026-08-27T15:23:46.777Z",
    "last_verified_at": null
   }
  },
  {
   "type": "Feature",
   "geometry": {
    "type": "Point",
    "coordinates": [
     -6.95486,
     54.2467
    ]
   },
   "properties": {
    "id": "4ej5w1",
    "name": "Hillgrove Hotel",
    "country": "Éire / Ireland",
    "access": "public",
    "status": "active",
    "notes": "Request permission to play it.",
    "sources": [
     {
      "source": "pianos.pub",
      "ref": "gceh9er"
     }
    ],
    "url": "https://openpianos.net/piano/4ej5w1",
    "created_at": "2026-08-27T15:23:34.036Z",
    "updated_at": "2026-08-27T15:23:34.036Z",
    "last_verified_at": null
   }
  },
  {
   "type": "Feature",
   "geometry": {
    "type": "Point",
    "coordinates": [
     14.3744,
     50.13032
    ]
   },
   "properties": {
    "id": "p1e9fp",
    "name": "Aula",
    "city": "Hlavní město Praha",
    "region": "Praha",
    "country": "Česko",
    "access": "public",
    "status": "active",
    "sources": [
     {
      "source": "pianos.pub",
      "ref": "u2fjpjg"
     }
    ],
    "url": "https://openpianos.net/piano/p1e9fp",
    "created_at": "2026-08-27T15:23:43.390Z",
    "updated_at": "2026-08-27T15:23:43.390Z",
    "last_verified_at": null
   }
  },
  {
   "type": "Feature",
   "geometry": {
    "type": "Point",
    "coordinates": [
     14.39603,
     50.10017
    ]
   },
   "properties": {
    "id": "3z03zx",
    "name": "Café Šesták",
    "city": "Hlavní město Praha",
    "region": "Praha",
    "country": "Česko",
    "access": "public",
    "status": "active",
    "sources": [
     {
      "source": "pianos.pub",
      "ref": "u2fjp86"
     }
    ],
    "url": "https://openpianos.net/piano/3z03zx",
    "created_at": "2026-08-27T15:23:43.390Z",
    "updated_at": "2026-08-27T15:23:43.390Z",
    "last_verified_at": null
   }
  },
  {
   "type": "Feature",
   "geometry": {
    "type": "Point",
    "coordinates": [
     24.02249,
     49.8705
    ]
   },
   "properties": {
    "id": "rmp5vr",
    "name": "E-ZOO",
    "city": "Львів",
    "region": "Львівська область",
    "country": "Україна",
    "access": "public",
    "status": "active",
    "notes": "An electric piano with decorations",
    "sources": [
     {
      "source": "pianos.pub",
      "ref": "u8c5dws"
     }
    ],
    "url": "https://openpianos.net/piano/rmp5vr",
    "created_at": "2026-08-27T15:23:45.173Z",
    "updated_at": "2026-08-27T15:23:45.173Z",
    "last_verified_at": null
   }
  },
  {
   "type": "Feature",
   "geometry": {
    "type": "Point",
    "coordinates": [
     34.78004,
     32.08261
    ]
   },
   "properties": {
    "id": "ewjxr4",
    "name": "קניון גן העיר",
    "city": "תל־אביב–יפו",
    "region": "מחוז תל אביב",
    "country": "ישראל",
    "access": "public",
    "status": "active",
    "notes": "נמתא ליד בנק הפועלים והשירותים בקומה התחתונה, פסנתר ישן ומעט לא מכוון",
    "sources": [
     {
      "source": "pianos.pub",
      "ref": "sv8wx2q"
     }
    ],
    "url": "https://openpianos.net/piano/ewjxr4",
    "created_at": "2026-08-27T15:23:41.509Z",
    "updated_at": "2026-08-27T15:23:41.509Z",
    "last_verified_at": null
   }
  },
  {
   "type": "Feature",
   "geometry": {
    "type": "Point",
    "coordinates": [
     35.4038,
     31.82485
    ]
   },
   "properties": {
    "id": "80hk79",
    "name": "מרפסת ים המלח",
    "city": "מעלה אדומים",
    "region": "יהודה ושומרון",
    "country": "الأراضي الفلسطينية",
    "access": "public",
    "status": "active",
    "notes": "Public electric piano, good condition, provides sufficient sound output. Amazing view. Hope it lasts a long time.\r\nLidor Hale ♡",
    "sources": [
     {
      "source": "pianos.pub",
      "ref": "sv9jj9s"
     }
    ],
    "url": "https://openpianos.net/piano/80hk79",
    "created_at": "2026-08-27T15:23:34.036Z",
    "updated_at": "2026-08-27T15:23:34.036Z",
    "last_verified_at": null
   }
  },
  {
   "type": "Feature",
   "geometry": {
    "type": "Point",
    "coordinates": [
     55.34412,
     25.22078
    ]
   },
   "properties": {
    "id": "4gmfxw",
    "name": "مكتبة محمد بن راشد",
    "city": "دبي",
    "region": "دبي",
    "country": "الإمارات العربية المتحدة",
    "access": "public",
    "status": "active",
    "sources": [
     {
      "source": "pianos.pub",
      "ref": "thrr7rk"
     }
    ],
    "url": "https://openpianos.net/piano/4gmfxw",
    "created_at": "2026-08-27T15:23:46.777Z",
    "updated_at": "2026-08-27T15:23:46.777Z",
    "last_verified_at": null
   }
  },
  {
   "type": "Feature",
   "geometry": {
    "type": "Point",
    "coordinates": [
     51.61222,
     25.26354
    ]
   },
   "properties": {
    "id": "vrtwax",
    "name": "Concourse C",
    "city": "الدوحة",
    "country": "قطر",
    "access": "public",
    "status": "active",
    "sources": [
     {
      "source": "pianos.pub",
      "ref": "thkxwrn"
     }
    ],
    "url": "https://openpianos.net/piano/vrtwax",
    "created_at": "2026-08-27T15:23:41.509Z",
    "updated_at": "2026-08-27T15:23:41.509Z",
    "last_verified_at": null
   }
  },
  {
   "type": "Feature",
   "geometry": {
    "type": "Point",
    "coordinates": [
     100.54531,
     13.72711
    ]
   },
   "properties": {
    "id": "66cy5j",
    "name": "ถนนวิทยุ",
    "city": "กรุงเทพมหานคร",
    "country": "ประเทศไทย",
    "access": "public",
    "status": "active",
    "notes": "The storeys at One Bangkok, 1st floor, next to Swatch. A white grand piano with some decorations on it",
    "sources": [
     {
      "source": "pianos.pub",
      "ref": "w4rqpfy"
     }
    ],
    "url": "https://openpianos.net/piano/66cy5j",
    "created_at": "2026-08-27T15:23:46.777Z",
    "updated_at": "2026-08-27T15:23:46.777Z",
    "last_verified_at": null
   }
  },
  {
   "type": "Feature",
   "geometry": {
    "type": "Point",
    "coordinates": [
     116.41235,
     39.49828
    ]
   },
   "properties": {
    "id": "y0jra1",
    "name": "北京大兴国际机场",
    "city": "大兴区",
    "region": "河北省",
    "country": "中国",
    "access": "public",
    "status": "active",
    "sources": [
     {
      "source": "pianos.pub",
      "ref": "wx4b9n2"
     }
    ],
    "url": "https://openpianos.net/piano/y0jra1",
    "created_at": "2026-08-27T15:23:45.173Z",
    "updated_at": "2026-08-27T15:23:45.173Z",
    "last_verified_at": null
   }
  },
  {
   "type": "Feature",
   "geometry": {
    "type": "Point",
    "coordinates": [
     121.80456,
     31.15095
    ]
   },
   "properties": {
    "id": "psayx3",
    "name": "2号航站楼出发",
    "city": "浦东新区",
    "region": "上海市",
    "country": "中国",
    "access": "public",
    "status": "active",
    "sources": [
     {
      "source": "pianos.pub",
      "ref": "wtw95wz"
     }
    ],
    "url": "https://openpianos.net/piano/psayx3",
    "created_at": "2026-08-27T15:23:45.173Z",
    "updated_at": "2026-08-27T15:23:45.173Z",
    "last_verified_at": null
   }
  },
  {
   "type": "Feature",
   "geometry": {
    "type": "Point",
    "coordinates": [
     120.42938,
     30.23619
    ]
   },
   "properties": {
    "id": "hbjrcz",
    "name": "杭州萧山国际机场凯悦嘉轩酒店",
    "city": "萧山区",
    "region": "浙江省",
    "country": "中国",
    "access": "public",
    "status": "active",
    "sources": [
     {
      "source": "pianos.pub",
      "ref": "wtmsh2q"
     }
    ],
    "url": "https://openpianos.net/piano/hbjrcz",
    "created_at": "2026-08-27T15:23:45.173Z",
    "updated_at": "2026-08-27T15:23:45.173Z",
    "last_verified_at": null
   }
  },
  {
   "type": "Feature",
   "geometry": {
    "type": "Point",
    "coordinates": [
     85.07813,
     35.91752
    ]
   },
   "properties": {
    "id": "efq2zj",
    "name": "阿羌镇 ئاچچان بازىرى",
    "region": "新疆维吾尔自治区 شىنجاڭ ئۇيغۇر ئاپتونوم رايونی",
    "country": "中国",
    "access": "public",
    "status": "active",
    "notes": "Available today, but not in a good condition. All pedals don't work, at least one key is not working",
    "sources": [
     {
      "source": "pianos.pub",
      "ref": "tyks248"
     }
    ],
    "url": "https://openpianos.net/piano/efq2zj",
    "created_at": "2026-08-27T15:23:41.509Z",
    "updated_at": "2026-08-27T15:23:41.509Z",
    "last_verified_at": null
   }
  },
  {
   "type": "Feature",
   "geometry": {
    "type": "Point",
    "coordinates": [
     135.68087,
     35.01904
    ]
   },
   "properties": {
    "id": "w9e1z6",
    "name": "嵯峨天龍寺若宮町",
    "city": "京都市",
    "country": "日本",
    "access": "public",
    "status": "active",
    "notes": "At the station, in a connected building  where the SL Roman Cafe is. There is Bosendorfer concert grand available to the public by reserving a time slot for free on the station’s website. Upright piano is also available in the same space without reservation, and can be played when the bosendorfer is not in use.",
    "sources": [
     {
      "source": "pianos.pub",
      "ref": "xn0rprp"
     }
    ],
    "url": "https://openpianos.net/piano/w9e1z6",
    "created_at": "2026-08-27T15:23:45.173Z",
    "updated_at": "2026-08-27T15:23:45.173Z",
    "last_verified_at": null
   }
  },
  {
   "type": "Feature",
   "geometry": {
    "type": "Point",
    "coordinates": [
     140.64837,
     41.90447
    ]
   },
   "properties": {
    "id": "3s7rya",
    "name": "新函館北斗",
    "city": "北斗市",
    "country": "日本",
    "access": "public",
    "status": "active",
    "notes": "Small grand Yamaha piano",
    "sources": [
     {
      "source": "pianos.pub",
      "ref": "xpkn2s3"
     }
    ],
    "url": "https://openpianos.net/piano/3s7rya",
    "created_at": "2026-08-27T15:23:45.173Z",
    "updated_at": "2026-08-27T15:23:45.173Z",
    "last_verified_at": null
   }
  },
  {
   "type": "Feature",
   "geometry": {
    "type": "Point",
    "coordinates": [
     135.37663,
     34.65326
    ]
   },
   "properties": {
    "id": "hqq2d8",
    "name": "西エントランス広場",
    "city": "大阪市",
    "country": "日本",
    "access": "public",
    "status": "active",
    "notes": "https://www.expo2025.or.jp/en/news/news-20250917-01/",
    "sources": [
     {
      "source": "pianos.pub",
      "ref": "xn0m0s6"
     }
    ],
    "url": "https://openpianos.net/piano/hqq2d8",
    "created_at": "2026-08-27T15:23:45.173Z",
    "updated_at": "2026-08-27T15:23:45.173Z",
    "last_verified_at": null
   }
  },
  {
   "type": "Feature",
   "geometry": {
    "type": "Point",
    "coordinates": [
     138.76866,
     35.5223
    ]
   },
   "properties": {
    "id": "pnepr1",
    "name": "河口湖オルゴールの森美術館",
    "country": "日本",
    "access": "public",
    "status": "active",
    "notes": "There is an entry fee for this location, but the outdoor piano is open to play. There are 2 more pianos inside the Cafe,  but you must purchase an item to play. There are several other instruments in this location as well.",
    "sources": [
     {
      "source": "pianos.pub",
      "ref": "xn6djf8"
     }
    ],
    "url": "https://openpianos.net/piano/pnepr1",
    "created_at": "2026-08-27T15:23:45.173Z",
    "updated_at": "2026-08-27T15:23:45.173Z",
    "last_verified_at": null
   }
  },
  {
   "type": "Feature",
   "geometry": {
    "type": "Point",
    "coordinates": [
     121.63082,
     24.02501
    ]
   },
   "properties": {
    "id": "h27g14",
    "name": "東13坑道入口（東13-011）",
    "country": "臺灣",
    "access": "public",
    "status": "active",
    "sources": [
     {
      "source": "pianos.pub",
      "ref": "wsq2xv8"
     }
    ],
    "url": "https://openpianos.net/piano/h27g14",
    "created_at": "2026-08-27T15:23:45.173Z",
    "updated_at": "2026-08-27T15:23:45.173Z",
    "last_verified_at": null
   }
  },
  {
   "type": "Feature",
   "geometry": {
    "type": "Point",
    "coordinates": [
     129.08792,
     35.22872
    ]
   },
   "properties": {
    "id": "rmt1j1",
    "name": "이츠키 이자카야",
    "city": "부산광역시",
    "country": "대한민국",
    "access": "public",
    "status": "active",
    "sources": [
     {
      "source": "pianos.pub",
      "ref": "wy7b3mn"
     }
    ],
    "url": "https://openpianos.net/piano/rmt1j1",
    "created_at": "2026-08-27T15:23:45.173Z",
    "updated_at": "2026-08-27T15:23:45.173Z",
    "last_verified_at": null
   }
  },
  {
   "type": "Feature",
   "geometry": {
    "type": "Point",
    "coordinates": [
     126.99813,
     37.51235
    ]
   },
   "properties": {
    "id": "pv9mja",
    "name": "반포대로",
    "city": "서울특별시",
    "country": "대한민국",
    "access": "public",
    "status": "active",
    "notes": "instagram.com/piano.seoul",
    "sources": [
     {
      "source": "pianos.pub",
      "ref": "wydm3uv"
     }
    ],
    "url": "https://openpianos.net/piano/pv9mja",
    "created_at": "2026-08-27T15:23:46.777Z",
    "updated_at": "2026-08-27T15:23:46.777Z",
    "last_verified_at": null
   }
  },
  {
   "type": "Feature",
   "geometry": {
    "type": "Point",
    "coordinates": [
     6.08987,
     50.77801
    ]
   },
   "properties": {
    "id": "6v5t20",
    "name": "Aachen Central Library e-piano",
    "city": "Aachen",
    "region": "Nordrhein-Westfalen",
    "access": "public",
    "status": "active",
    "notes": "1 sighting(s) on pianos.pub\nPublic piano at Couvenstraße 15, 52062 Aachen. It is currently reported available. See its exact map, photos, 1 sighting, and community reports.",
    "sources": [
     {
      "source": "pianos.pub",
      "ref": "wb9zzwt3pzyr"
     }
    ],
    "url": "https://openpianos.net/piano/6v5t20",
    "created_at": "2026-08-27T15:23:31.811Z",
    "updated_at": "2026-08-27T15:23:31.811Z",
    "last_verified_at": null
   }
  },
  {
   "type": "Feature",
   "geometry": {
    "type": "Point",
    "coordinates": [
     0.62086,
     44.20771
    ]
   },
   "properties": {
    "id": "jrngjm",
    "name": "SNCF station piano — Agen",
    "city": "Agen",
    "region": "Nouvelle-Aquitaine",
    "access": "public",
    "status": "active",
    "notes": "1 sighting(s) on pianos.pub\nPublic piano at 1 Place Rabelais, 47000 Agen. It is currently reported available. See its exact map, photos, 1 sighting, and community reports.",
    "sources": [
     {
      "source": "pianos.pub",
      "ref": "humeeqfqsej6"
     }
    ],
    "url": "https://openpianos.net/piano/jrngjm",
    "created_at": "2026-08-27T15:23:29.406Z",
    "updated_at": "2026-08-27T15:23:29.406Z",
    "last_verified_at": null
   }
  },
  {
   "type": "Feature",
   "geometry": {
    "type": "Point",
    "coordinates": [
     5.31721,
     43.45516
    ]
   },
   "properties": {
    "id": "c8vrwk",
    "name": "SNCF station piano — Aix-en-Provence TGV",
    "city": "Aix-en-Provence",
    "region": "Provence-Alpes-Côte d'Azur",
    "access": "public",
    "status": "active",
    "notes": "1 sighting(s) on pianos.pub\nPublic piano at Route Départementale 9, 13080 Aix-en-Provence. It is currently reported available. See its exact map, photos, 1 sighting, and community reports.",
    "sources": [
     {
      "source": "pianos.pub",
      "ref": "5eene3krkswu"
     }
    ],
    "url": "https://openpianos.net/piano/c8vrwk",
    "created_at": "2026-08-27T15:23:27.028Z",
    "updated_at": "2026-08-27T15:23:27.028Z",
    "last_verified_at": null
   }
  },
  {
   "type": "Feature",
   "geometry": {
    "type": "Point",
    "coordinates": [
     5.4202,
     43.49341
    ]
   },
   "properties": {
    "id": "acgney",
    "name": "Station Piano — Aix-en-Provence TGV",
    "city": "Aix-en-Provence",
    "region": "Provence-Alpes-Côte d'Azur",
    "access": "public",
    "status": "active",
    "notes": "1 sighting(s) on pianos.pub\nPublic piano at 13080, Aix-en-Provence, France. It is currently reported available. See its exact map, photos, 1 sighting, and community reports.",
    "sources": [
     {
      "source": "pianos.pub",
      "ref": "x9nehx8b7a9v"
     }
    ],
    "url": "https://openpianos.net/piano/acgney",
    "created_at": "2026-08-27T15:23:38.111Z",
    "updated_at": "2026-08-27T15:23:38.111Z",
    "last_verified_at": null
   }
  },
  {
   "type": "Feature",
   "geometry": {
    "type": "Point",
    "coordinates": [
     5.21899,
     52.37485
    ]
   },
   "properties": {
    "id": "4p8h2h",
    "name": "NS Station Piano — Almere Centrum",
    "city": "Almere",
    "region": "Flevoland",
    "access": "public",
    "status": "active",
    "notes": "1 sighting(s) on pianos.pub\nPublic piano at 1315 KT, Almere, Nederland. It is currently reported available. See its exact map, photos, 1 sighting, and community reports.",
    "sources": [
     {
      "source": "pianos.pub",
      "ref": "xkj52jh7brtn"
     }
    ],
    "url": "https://openpianos.net/piano/4p8h2h",
    "created_at": "2026-08-27T15:23:38.111Z",
    "updated_at": "2026-08-27T15:23:38.111Z",
    "last_verified_at": null
   }
  },
  {
   "type": "Feature",
   "geometry": {
    "type": "Point",
    "coordinates": [
     137.77181,
     -35.78697
    ]
   },
   "properties": {
    "id": "ahzetp",
    "name": "KI Oysters Pop-Up Piano",
    "city": "American River",
    "region": "South Australia",
    "access": "public",
    "status": "active",
    "notes": "1 sighting(s) on pianos.pub\nPublic piano at Tangara Drive, American River, Australia. It is currently reported available. See its exact map, photos, 1 sighting, and community reports.",
    "sources": [
     {
      "source": "pianos.pub",
      "ref": "73w54hun7jhn"
     }
    ],
    "url": "https://openpianos.net/piano/ahzetp",
    "created_at": "2026-08-27T15:23:36.130Z",
    "updated_at": "2026-08-27T15:23:36.130Z",
    "last_verified_at": null
   }
  },
  {
   "type": "Feature",
   "geometry": {
    "type": "Point",
    "coordinates": [
     5.37386,
     52.15333
    ]
   },
   "properties": {
    "id": "e8th3w",
    "name": "NS station piano — Amersfoort Centraal",
    "city": "Amersfoort",
    "region": "Utrecht",
    "access": "public",
    "status": "active",
    "notes": "1 sighting(s) on pianos.pub\nPublic piano at Stationsplein 41, 3818 LE Amersfoort. It is currently reported available. See its exact map, photos, 1 sighting, and community reports.",
    "sources": [
     {
      "source": "pianos.pub",
      "ref": "3kwhpwq9wysf"
     }
    ],
    "url": "https://openpianos.net/piano/e8th3w",
    "created_at": "2026-08-27T15:23:27.028Z",
    "updated_at": "2026-08-27T15:23:27.028Z",
    "last_verified_at": null
   }
  },
  {
   "type": "Feature",
   "geometry": {
    "type": "Point",
    "coordinates": [
     -72.53065,
     42.38388
    ]
   },
   "properties": {
    "id": "qfg9b5",
    "name": "Hampshire Dining Commons",
    "city": "Amherst",
    "region": "Massachusetts",
    "access": "public",
    "status": "active",
    "notes": "1 sighting(s) on pianos.pub\nPublic piano at Hampshire Cafè, 141, United States. It is currently reported available. See its exact map, photos, 1 sighting, and community reports.",
    "sources": [
     {
      "source": "pianos.pub",
      "ref": "eg8sezyejwpx"
     }
    ],
    "url": "https://openpianos.net/piano/qfg9b5",
    "created_at": "2026-08-27T15:23:20.513Z",
    "updated_at": "2026-08-27T15:23:20.513Z",
    "last_verified_at": null
   }
  },
  {
   "type": "Feature",
   "geometry": {
    "type": "Point",
    "coordinates": [
     2.30809,
     49.89098
    ]
   },
   "properties": {
    "id": "cd3q7a",
    "name": "SNCF station piano — Amiens",
    "city": "Amiens",
    "region": "Hauts-de-France",
    "access": "public",
    "status": "active",
    "notes": "1 sighting(s) on pianos.pub\nPublic piano at 47 Place Alphonse Fiquet, 80000 Amiens. It is currently reported available. See its exact map, photos, 1 sighting, and community reports.",
    "sources": [
     {
      "source": "pianos.pub",
      "ref": "8fmj58ss5388"
     }
    ],
    "url": "https://openpianos.net/piano/cd3q7a",
    "created_at": "2026-08-27T15:23:27.028Z",
    "updated_at": "2026-08-27T15:23:27.028Z",
    "last_verified_at": null
   }
  },
  {
   "type": "Feature",
   "geometry": {
    "type": "Point",
    "coordinates": [
     2.31259,
     49.89075
    ]
   },
   "properties": {
    "id": "dm16bw",
    "name": "Self-service public piano — Amiens",
    "city": "Amiens",
    "region": "Hauts-de-France",
    "access": "public",
    "status": "active",
    "notes": "1 sighting(s) on pianos.pub\nPublic piano at Amiens railway station, Amiens, France. It is currently reported available. See its exact map, photos, 1 sighting, and community reports.",
    "sources": [
     {
      "source": "pianos.pub",
      "ref": "fpjp3nfv47aj"
     }
    ],
    "url": "https://openpianos.net/piano/dm16bw",
    "created_at": "2026-08-27T15:23:20.513Z",
    "updated_at": "2026-08-27T15:23:20.513Z",
    "last_verified_at": null
   }
  },
  {
   "type": "Feature",
   "geometry": {
    "type": "Point",
    "coordinates": [
     4.94811,
     52.31191
    ]
   },
   "properties": {
    "id": "372yc9",
    "name": "NS station piano — Amsterdam Bijlmer ArenA",
    "city": "Amsterdam",
    "region": "Noord-Holland",
    "access": "public",
    "status": "active",
    "notes": "1 sighting(s) on pianos.pub\nPublic piano at Hoekenrode 10, 1102 BR Amsterdam. It is currently reported available. See its exact map, photos, 1 sighting, and community reports.",
    "sources": [
     {
      "source": "pianos.pub",
      "ref": "w8h2nfzat2ck"
     }
    ],
    "url": "https://openpianos.net/piano/372yc9",
    "created_at": "2026-08-27T15:23:31.811Z",
    "updated_at": "2026-08-27T15:23:31.811Z",
    "last_verified_at": null
   }
  },
  {
   "type": "Feature",
   "geometry": {
    "type": "Point",
    "coordinates": [
     4.83754,
     52.38901
    ]
   },
   "properties": {
    "id": "7swar0",
    "name": "NS station piano — Amsterdam Sloterdijk",
    "city": "Amsterdam",
    "region": "Noord-Holland",
    "access": "public",
    "status": "active",
    "notes": "1 sighting(s) on pianos.pub\nPublic piano at Orlyplein 105, 1043 DT Amsterdam. It is currently reported available. See its exact map, photos, 1 sighting, and community reports.",
    "sources": [
     {
      "source": "pianos.pub",
      "ref": "5qzcp42zba7q"
     }
    ],
    "url": "https://openpianos.net/piano/7swar0",
    "created_at": "2026-08-27T15:23:27.028Z",
    "updated_at": "2026-08-27T15:23:27.028Z",
    "last_verified_at": null
   }
  },
  {
   "type": "Feature",
   "geometry": {
    "type": "Point",
    "coordinates": [
     -0.55705,
     47.46462
    ]
   },
   "properties": {
    "id": "wrqp97",
    "name": "SNCF station piano — Angers Saint-Laud",
    "city": "Angers",
    "region": "Pays de la Loire",
    "access": "public",
    "status": "active",
    "notes": "1 sighting(s) on pianos.pub\nPublic piano at 1 Esplanade de la Gare, 49000 Angers. It is currently reported available. See its exact map, photos, 1 sighting, and community reports.",
    "sources": [
     {
      "source": "pianos.pub",
      "ref": "prgjz482z9ee"
     }
    ],
    "url": "https://openpianos.net/piano/wrqp97",
    "created_at": "2026-08-27T15:23:29.406Z",
    "updated_at": "2026-08-27T15:23:29.406Z",
    "last_verified_at": null
   }
  },
  {
   "type": "Feature",
   "geometry": {
    "type": "Point",
    "coordinates": [
     143.66224,
     -38.75412
    ]
   },
   "properties": {
    "id": "1dmxz5",
    "name": "Marrar Woorn Neighbourhood House Pop-Up Piano",
    "city": "Apollo Bay",
    "region": "Victoria",
    "access": "public",
    "status": "active",
    "notes": "1 sighting(s) on pianos.pub\nPublic piano at Pengilley Avenue, Apollo Bay, Australia. It is currently reported available. See its exact map, photos, 1 sighting, and community reports.",
    "sources": [
     {
      "source": "pianos.pub",
      "ref": "t72qdduqbbmz"
     }
    ],
    "url": "https://openpianos.net/piano/1dmxz5",
    "created_at": "2026-08-27T15:23:38.111Z",
    "updated_at": "2026-08-27T15:23:38.111Z",
    "last_verified_at": null
   }
  },
  {
   "type": "Feature",
   "geometry": {
    "type": "Point",
    "coordinates": [
     5.90087,
     51.98427
    ]
   },
   "properties": {
    "id": "91a6rk",
    "name": "NS station piano — Arnhem Centraal",
    "city": "Arnhem",
    "region": "Gelderland",
    "access": "public",
    "status": "active",
    "notes": "1 sighting(s) on pianos.pub\nPublic piano at Stationsplein 166, 6811 KZ Arnhem. It is currently reported available. See its exact map, photos, 1 sighting, and community reports.",
    "sources": [
     {
      "source": "pianos.pub",
      "ref": "yvcpc64cqfff"
     }
    ],
    "url": "https://openpianos.net/piano/91a6rk",
    "created_at": "2026-08-27T15:23:31.811Z",
    "updated_at": "2026-08-27T15:23:31.811Z",
    "last_verified_at": null
   }
  },
  {
   "type": "Feature",
   "geometry": {
    "type": "Point",
    "coordinates": [
     2.78085,
     50.28735
    ]
   },
   "properties": {
    "id": "57tw9p",
    "name": "SNCF station piano — Arras",
    "city": "Arras",
    "region": "Hauts-de-France",
    "access": "public",
    "status": "active",
    "notes": "1 sighting(s) on pianos.pub\nPublic piano at Place du Maréchal Foch, 62000 Arras. It is currently reported available. See its exact map, photos, 1 sighting, and community reports.",
    "sources": [
     {
      "source": "pianos.pub",
      "ref": "tw7pa24mats6"
     }
    ],
    "url": "https://openpianos.net/piano/57tw9p",
    "created_at": "2026-08-27T15:23:31.811Z",
    "updated_at": "2026-08-27T15:23:31.811Z",
    "last_verified_at": null
   }
  },
  {
   "type": "Feature",
   "geometry": {
    "type": "Point",
    "coordinates": [
     2.74062,
     50.2838
    ]
   },
   "properties": {
    "id": "4vyymh",
    "name": "Station Piano — Arras",
    "city": "Arras",
    "region": "Hauts-de-France",
    "access": "public",
    "status": "active",
    "notes": "1 sighting(s) on pianos.pub\nPublic piano at 62000, Arras, France. It is currently reported available. See its exact map, photos, 1 sighting, and community reports.",
    "sources": [
     {
      "source": "pianos.pub",
      "ref": "5pkws7xn95xy"
     }
    ],
    "url": "https://openpianos.net/piano/4vyymh",
    "created_at": "2026-08-27T15:23:36.130Z",
    "updated_at": "2026-08-27T15:23:36.130Z",
    "last_verified_at": null
   }
  },
  {
   "type": "Feature",
   "geometry": {
    "type": "Point",
    "coordinates": [
     -84.39632,
     33.79377
    ]
   },
   "properties": {
    "id": "wkp02e",
    "name": "Waverly",
    "city": "Atlanta",
    "region": "Georgia",
    "access": "public",
    "status": "active",
    "notes": "1 sighting(s) on pianos.pub\nPublic piano at Regal Atlantic Station Stadium 16, 261, United States. It is currently reported available. See its exact map, photos, 1 sighting, and…",
    "sources": [
     {
      "source": "pianos.pub",
      "ref": "bffhtwfgby6s"
     }
    ],
    "url": "https://openpianos.net/piano/wkp02e",
    "created_at": "2026-08-27T15:23:36.130Z",
    "updated_at": "2026-08-27T15:23:36.130Z",
    "last_verified_at": null
   }
  },
  {
   "type": "Feature",
   "geometry": {
    "type": "Point",
    "coordinates": [
     174.76616,
     -36.84608
    ]
   },
   "properties": {
    "id": "6k8p29",
    "name": "Britomart Train Station Public Piano",
    "city": "Auckland",
    "region": "Auckland",
    "access": "public",
    "status": "active",
    "notes": "1 sighting(s) on pianos.pub\nPublic piano at Queen Street, Viaduct Harbour, New Zealand / Aotearoa. It is currently reported available. See its exact map, photos, 1 sighting, and…",
    "sources": [
     {
      "source": "pianos.pub",
      "ref": "zxbx4bvdwnyp"
     }
    ],
    "url": "https://openpianos.net/piano/6k8p29",
    "created_at": "2026-08-27T15:23:38.111Z",
    "updated_at": "2026-08-27T15:23:38.111Z",
    "last_verified_at": null
   }
  },
  {
   "type": "Feature",
   "geometry": {
    "type": "Point",
    "coordinates": [
     174.75486,
     -36.84267
    ]
   },
   "properties": {
    "id": "kxh3vm",
    "name": "Wynyard Quarter public piano",
    "city": "Auckland",
    "region": "Auckland",
    "access": "public",
    "status": "active",
    "notes": "1 sighting(s) on pianos.pub\nPublic piano at Daldy Street Park / Dockline Tram Shed, Daldy Street, Auckland 1010. It is currently reported available. See its exact map, photos, 1…",
    "sources": [
     {
      "source": "pianos.pub",
      "ref": "eewsb56petkt"
     }
    ],
    "url": "https://openpianos.net/piano/kxh3vm",
    "created_at": "2026-08-27T15:23:29.406Z",
    "updated_at": "2026-08-27T15:23:29.406Z",
    "last_verified_at": null
   }
  },
  {
   "type": "Feature",
   "geometry": {
    "type": "Point",
    "coordinates": [
     4.80132,
     43.9429
    ]
   },
   "properties": {
    "id": "jhrj7n",
    "name": "SNCF station piano — Avignon Centre",
    "city": "Avignon",
    "region": "Provence-Alpes-Côte d'Azur",
    "access": "public",
    "status": "active",
    "notes": "1 sighting(s) on pianos.pub\nPublic piano at Boulevard Saint-Roch, 84000 Avignon. It is currently reported available. See its exact map, photos, 1 sighting, and community reports.",
    "sources": [
     {
      "source": "pianos.pub",
      "ref": "gkjkyc5xw5w9"
     }
    ],
    "url": "https://openpianos.net/piano/jhrj7n",
    "created_at": "2026-08-27T15:23:29.406Z",
    "updated_at": "2026-08-27T15:23:29.406Z",
    "last_verified_at": null
   }
  },
  {
   "type": "Feature",
   "geometry": {
    "type": "Point",
    "coordinates": [
     4.7873,
     43.92377
    ]
   },
   "properties": {
    "id": "19x1sk",
    "name": "SNCF station piano — Avignon TGV",
    "city": "Avignon",
    "region": "Provence-Alpes-Côte d'Azur",
    "access": "public",
    "status": "active",
    "notes": "1 sighting(s) on pianos.pub\nPublic piano at Place de l’Europe, 84000 Avignon. It is currently reported available. See its exact map, photos, 1 sighting, and community reports.",
    "sources": [
     {
      "source": "pianos.pub",
      "ref": "wtn35astxawk"
     }
    ],
    "url": "https://openpianos.net/piano/19x1sk",
    "created_at": "2026-08-27T15:23:31.811Z",
    "updated_at": "2026-08-27T15:23:31.811Z",
    "last_verified_at": null
   }
  },
  {
   "type": "Feature",
   "geometry": {
    "type": "Point",
    "coordinates": [
     4.84092,
     43.93555
    ]
   },
   "properties": {
    "id": "00ekmv",
    "name": "Station Piano — Avignon Centre",
    "city": "Avignon",
    "region": "Provence-Alpes-Côte d'Azur",
    "access": "public",
    "status": "active",
    "notes": "1 sighting(s) on pianos.pub\nPublic piano at 84000, Avignon, France. It is currently reported available. See its exact map, photos, 1 sighting, and community reports.",
    "sources": [
     {
      "source": "pianos.pub",
      "ref": "k3qzgv6gxm36"
     }
    ],
    "url": "https://openpianos.net/piano/00ekmv",
    "created_at": "2026-08-27T15:23:38.111Z",
    "updated_at": "2026-08-27T15:23:38.111Z",
    "last_verified_at": null
   }
  },
  {
   "type": "Feature",
   "geometry": {
    "type": "Point",
    "coordinates": [
     -79.68839,
     44.39198
    ]
   },
   "properties": {
    "id": "07j2ce",
    "name": "Barrie Public Library Downtown digital piano",
    "city": "Barrie",
    "region": "Ontario",
    "access": "public",
    "status": "active",
    "notes": "1 sighting(s) on pianos.pub\nPublic piano at 60 Worsley Street, Barrie ON L4M 1L6. It is currently reported available. See its exact map, photos, 1 sighting, and community reports.",
    "sources": [
     {
      "source": "pianos.pub",
      "ref": "5e24yaybqb5k"
     }
    ],
    "url": "https://openpianos.net/piano/07j2ce",
    "created_at": "2026-08-27T15:23:18.266Z",
    "updated_at": "2026-08-27T15:23:18.266Z",
    "last_verified_at": null
   }
  },
  {
   "type": "Feature",
   "geometry": {
    "type": "Point",
    "coordinates": [
     -79.68704,
     44.3885
    ]
   },
   "properties": {
    "id": "7y9qkp",
    "name": "Public Piano — Meridian Place",
    "city": "Barrie",
    "region": "Ontario",
    "access": "public",
    "status": "active",
    "notes": "1 sighting(s) on pianos.pub\nPublic piano at Simcoe Street, Downtown Barrie, Canada. It is currently reported available. See its exact map, photos, 1 sighting, and community reports.",
    "sources": [
     {
      "source": "pianos.pub",
      "ref": "jx96q25d8xvr"
     }
    ],
    "url": "https://openpianos.net/piano/7y9qkp",
    "created_at": "2026-08-27T15:23:36.130Z",
    "updated_at": "2026-08-27T15:23:36.130Z",
    "last_verified_at": null
   }
  },
  {
   "type": "Feature",
   "geometry": {
    "type": "Point",
    "coordinates": [
     -122.46613,
     48.74299
    ]
   },
   "properties": {
    "id": "gv27ca",
    "name": "Four Points Bellingham lobby piano",
    "city": "Bellingham",
    "region": "Washington",
    "access": "public",
    "status": "active",
    "notes": "1 sighting(s) on pianos.pub\nPublic piano at 714 Lakeway Dr, Bellingham, WA 98225. It is currently reported available. See its exact map, photos, 1 sighting, and community reports.",
    "sources": [
     {
      "source": "pianos.pub",
      "ref": "a6jyvvtaj7px"
     }
    ],
    "url": "https://openpianos.net/piano/gv27ca",
    "created_at": "2026-08-27T15:23:20.513Z",
    "updated_at": "2026-08-27T15:23:20.513Z",
    "last_verified_at": null
   }
  },
  {
   "type": "Feature",
   "geometry": {
    "type": "Point",
    "coordinates": [
     -122.47158,
     48.74076
    ]
   },
   "properties": {
    "id": "jmckmb",
    "name": "McKay's Taphouse piano",
    "city": "Bellingham",
    "region": "Washington",
    "access": "public",
    "status": "active",
    "notes": "1 sighting(s) on pianos.pub\nPublic piano at 1118 E Maple St, Bellingham, WA 98225. It is currently reported available. See its exact map, photos, 1 sighting, and community reports.",
    "sources": [
     {
      "source": "pianos.pub",
      "ref": "7pgztv2h8pcq"
     }
    ],
    "url": "https://openpianos.net/piano/jmckmb",
    "created_at": "2026-08-27T15:23:18.266Z",
    "updated_at": "2026-08-27T15:23:18.266Z",
    "last_verified_at": null
   }
  },
  {
   "type": "Feature",
   "geometry": {
    "type": "Point",
    "coordinates": [
     -122.48113,
     48.75297
    ]
   },
   "properties": {
    "id": "5q5s5k",
    "name": "New Prospect Theatre coffee-shop piano",
    "city": "Bellingham",
    "region": "Washington",
    "access": "public",
    "status": "active",
    "notes": "1 sighting(s) on pianos.pub\nPublic piano at 207 Prospect St, Bellingham, WA 98225. It is currently reported available. See its exact map, photos, 1 sighting, and community reports.",
    "sources": [
     {
      "source": "pianos.pub",
      "ref": "mwgs87reqv2s"
     }
    ],
    "url": "https://openpianos.net/piano/5q5s5k",
    "created_at": "2026-08-27T15:23:22.975Z",
    "updated_at": "2026-08-27T15:23:22.975Z",
    "last_verified_at": null
   }
  },
  {
   "type": "Feature",
   "geometry": {
    "type": "Point",
    "coordinates": [
     -121.31508,
     44.05904
    ]
   },
   "properties": {
    "id": "wjg6gs",
    "name": "The Commons Cafe & Taproom piano",
    "city": "Bend",
    "region": "Oregon",
    "access": "public",
    "status": "active",
    "notes": "1 sighting(s) on pianos.pub\nPublic piano at 875 NW Brooks St, Bend, OR 97703. It is currently reported available. See its exact map, photos, 1 sighting, and community reports.",
    "sources": [
     {
      "source": "pianos.pub",
      "ref": "96276y48drhn"
     }
    ],
    "url": "https://openpianos.net/piano/wjg6gs",
    "created_at": "2026-08-27T15:23:18.266Z",
    "updated_at": "2026-08-27T15:23:18.266Z",
    "last_verified_at": null
   }
  },
  {
   "type": "Feature",
   "geometry": {
    "type": "Point",
    "coordinates": [
     13.49432,
     52.41894
    ]
   },
   "properties": {
    "id": "p7wdvg",
    "name": "Gertrud-Haß Library e-piano",
    "city": "Berlin",
    "access": "public",
    "status": "active",
    "notes": "1 sighting(s) on pianos.pub\nPublic piano at Alt-Rudow 45, 12357 Berlin. It is currently reported available. See its exact map, photos, 1 sighting, and community reports.",
    "sources": [
     {
      "source": "pianos.pub",
      "ref": "kjd4d824ryn8"
     }
    ],
    "url": "https://openpianos.net/piano/p7wdvg",
    "created_at": "2026-08-27T15:23:29.406Z",
    "updated_at": "2026-08-27T15:23:29.406Z",
    "last_verified_at": null
   }
  },
  {
   "type": "Feature",
   "geometry": {
    "type": "Point",
    "coordinates": [
     13.43277,
     52.48196
    ]
   },
   "properties": {
    "id": "vd27th",
    "name": "Helene-Nathan Library e-piano",
    "city": "Berlin",
    "access": "public",
    "status": "active",
    "notes": "1 sighting(s) on pianos.pub\nPublic piano at Karl-Marx-Straße 66, 12043 Berlin. It is currently reported available. See its exact map, photos, 1 sighting, and community reports.",
    "sources": [
     {
      "source": "pianos.pub",
      "ref": "s2rdv6yx5y2u"
     }
    ],
    "url": "https://openpianos.net/piano/vd27th",
    "created_at": "2026-08-27T15:23:31.811Z",
    "updated_at": "2026-08-27T15:23:31.811Z",
    "last_verified_at": null
   }
  },
  {
   "type": "Feature",
   "geometry": {
    "type": "Point",
    "coordinates": [
     13.36598,
     52.47469
    ]
   },
   "properties": {
    "id": "yn02t4",
    "name": "In front of DM",
    "city": "Berlin",
    "access": "public",
    "status": "active",
    "notes": "1 sighting(s) on pianos.pub\nPublic piano at dm, 1, Deutschland. It is currently reported available. See its exact map, photos, 1 sighting, and community reports.",
    "sources": [
     {
      "source": "pianos.pub",
      "ref": "647wbxdz7g3h"
     }
    ],
    "url": "https://openpianos.net/piano/yn02t4",
    "created_at": "2026-08-27T15:23:18.266Z",
    "updated_at": "2026-08-27T15:23:18.266Z",
    "last_verified_at": null
   }
  },
  {
   "type": "Feature",
   "geometry": {
    "type": "Point",
    "coordinates": [
     13.32014,
     52.4573
    ]
   },
   "properties": {
    "id": "4vr155",
    "name": "Ingeborg-Drewitz Library e-piano 3",
    "city": "Berlin",
    "access": "public",
    "status": "active",
    "notes": "1 sighting(s) on pianos.pub\nPublic piano at Grunewaldstraße 3, floor 3 in Das Schloss, 12165 Berlin. It is currently reported available. See its exact map, photos, 1 sighting, and…",
    "sources": [
     {
      "source": "pianos.pub",
      "ref": "bcre255pvxng"
     }
    ],
    "url": "https://openpianos.net/piano/4vr155",
    "created_at": "2026-08-27T15:23:27.028Z",
    "updated_at": "2026-08-27T15:23:27.028Z",
    "last_verified_at": null
   }
  },
  {
   "type": "Feature",
   "geometry": {
    "type": "Point",
    "coordinates": [
     -69.62766,
     43.85106
    ]
   },
   "properties": {
    "id": "05pnw9",
    "name": "Inside the Tide Pools shop",
    "city": "Boothbay Harbor",
    "region": "Maine",
    "access": "public",
    "status": "active",
    "notes": "1 sighting(s) on pianos.pub\nPublic piano at TidePools, 10, United States. It is currently reported available. See its exact map, photos, 1 sighting, and community reports.",
    "sources": [
     {
      "source": "pianos.pub",
      "ref": "he3xht8g6s5t"
     }
    ],
    "url": "https://openpianos.net/piano/05pnw9",
    "created_at": "2026-08-27T15:23:20.513Z",
    "updated_at": "2026-08-27T15:23:20.513Z",
    "last_verified_at": null
   }
  },
  {
   "type": "Feature",
   "geometry": {
    "type": "Point",
    "coordinates": [
     -0.55722,
     44.82611
    ]
   },
   "properties": {
    "id": "kjgmtc",
    "name": "SNCF station piano — Bordeaux Saint-Jean Hall 1",
    "city": "Bordeaux",
    "region": "Nouvelle-Aquitaine",
    "access": "public",
    "status": "active",
    "notes": "1 sighting(s) on pianos.pub\nPublic piano at Rue Charles Domercq, 33000 Bordeaux. It is currently reported available. See its exact map, photos, 1 sighting, and community reports.",
    "sources": [
     {
      "source": "pianos.pub",
      "ref": "4xmxfs8ch5um"
     }
    ],
    "url": "https://openpianos.net/piano/kjgmtc",
    "created_at": "2026-08-27T15:23:27.028Z",
    "updated_at": "2026-08-27T15:23:27.028Z",
    "last_verified_at": null
   }
  },
  {
   "type": "Feature",
   "geometry": {
    "type": "Point",
    "coordinates": [
     -0.58744,
     44.83747
    ]
   },
   "properties": {
    "id": "218apm",
    "name": "Station Piano — Bordeaux Saint-Jean (Hall 3)",
    "city": "Bordeaux",
    "region": "Nouvelle-Aquitaine",
    "access": "public",
    "status": "active",
    "notes": "1 sighting(s) on pianos.pub\nPublic piano at 33000, Bordeaux Centre, France. It is currently reported available. See its exact map, photos, 1 sighting, and community reports.",
    "sources": [
     {
      "source": "pianos.pub",
      "ref": "gtjy7v4rac36"
     }
    ],
    "url": "https://openpianos.net/piano/218apm",
    "created_at": "2026-08-27T15:23:36.130Z",
    "updated_at": "2026-08-27T15:23:36.130Z",
    "last_verified_at": null
   }
  },
  {
   "type": "Feature",
   "geometry": {
    "type": "Point",
    "coordinates": [
     -111.02789,
     45.67929
    ]
   },
   "properties": {
    "id": "emg4zw",
    "name": "Bozeman Public Library Community Room piano",
    "city": "Bozeman",
    "region": "Montana",
    "access": "public",
    "status": "active",
    "notes": "1 sighting(s) on pianos.pub\nPublic piano at 626 E Main Street, Bozeman MT 59715. It is currently reported available. See its exact map, photos, 1 sighting, and community reports.",
    "sources": [
     {
      "source": "pianos.pub",
      "ref": "837383qdzmum"
     }
    ],
    "url": "https://openpianos.net/piano/emg4zw",
    "created_at": "2026-08-27T15:23:18.266Z",
    "updated_at": "2026-08-27T15:23:18.266Z",
    "last_verified_at": null
   }
  },
  {
   "type": "Feature",
   "geometry": {
    "type": "Point",
    "coordinates": [
     -1.91623,
     53.87582
    ]
   },
   "properties": {
    "id": "ghnw29",
    "name": "Cliffe Castle Museum Piano",
    "city": "Bradford",
    "region": "England",
    "access": "public",
    "status": "active",
    "notes": "1 sighting(s) on pianos.pub\nPublic piano at Spring Gardens Lane, Showfield, United Kingdom. It is currently reported available. See its exact map, photos, 1 sighting, and community…",
    "sources": [
     {
      "source": "pianos.pub",
      "ref": "8gr6kswd22t3"
     }
    ],
    "url": "https://openpianos.net/piano/ghnw29",
    "created_at": "2026-08-27T15:23:36.130Z",
    "updated_at": "2026-08-27T15:23:36.130Z",
    "last_verified_at": null
   }
  },
  {
   "type": "Feature",
   "geometry": {
    "type": "Point",
    "coordinates": [
     4.77938,
     51.59468
    ]
   },
   "properties": {
    "id": "djgf0s",
    "name": "NS Station Piano — Breda",
    "city": "Breda",
    "region": "Noord-Brabant",
    "access": "public",
    "status": "active",
    "notes": "1 sighting(s) on pianos.pub\nPublic piano at 4811 BB, Centrum, Nederland. It is currently reported available. See its exact map, photos, 1 sighting, and community reports.",
    "sources": [
     {
      "source": "pianos.pub",
      "ref": "68wcgeuvzjt6"
     }
    ],
    "url": "https://openpianos.net/piano/djgf0s",
    "created_at": "2026-08-27T15:23:36.130Z",
    "updated_at": "2026-08-27T15:23:36.130Z",
    "last_verified_at": null
   }
  },
  {
   "type": "Feature",
   "geometry": {
    "type": "Point",
    "coordinates": [
     4.77185,
     51.59555
    ]
   },
   "properties": {
    "id": "p1b0t9",
    "name": "NS station piano — Breda",
    "city": "Breda",
    "region": "Noord-Brabant",
    "access": "public",
    "status": "active",
    "notes": "1 sighting(s) on pianos.pub\nPublic piano at Stationslaan 10, 4815 GW Breda. It is currently reported available. See its exact map, photos, 1 sighting, and community reports.",
    "sources": [
     {
      "source": "pianos.pub",
      "ref": "d26sdmgj93uz"
     }
    ],
    "url": "https://openpianos.net/piano/p1b0t9",
    "created_at": "2026-08-27T15:23:27.028Z",
    "updated_at": "2026-08-27T15:23:27.028Z",
    "last_verified_at": null
   }
  },
  {
   "type": "Feature",
   "geometry": {
    "type": "Point",
    "coordinates": [
     -4.48035,
     48.38758
    ]
   },
   "properties": {
    "id": "94j8bg",
    "name": "SNCF station piano — Brest",
    "city": "Brest",
    "region": "Bretagne",
    "access": "public",
    "status": "active",
    "notes": "1 sighting(s) on pianos.pub\nPublic piano at 8 Place du 19e Régiment d’Infanterie, 29200 Brest. It is currently reported available. See its exact map, photos, 1 sighting, and community…",
    "sources": [
     {
      "source": "pianos.pub",
      "ref": "54y3p8ayz7bm"
     }
    ],
    "url": "https://openpianos.net/piano/94j8bg",
    "created_at": "2026-08-27T15:23:27.028Z",
    "updated_at": "2026-08-27T15:23:27.028Z",
    "last_verified_at": null
   }
  },
  {
   "type": "Feature",
   "geometry": {
    "type": "Point",
    "coordinates": [
     153.01949,
     -27.47464
    ]
   },
   "properties": {
    "id": "6bg87x",
    "name": "QPAC Tunnel Public Piano",
    "city": "Brisbane",
    "region": "Queensland",
    "access": "public",
    "status": "active",
    "notes": "1 sighting(s) on pianos.pub\nPublic piano at Queensland Performing Arts Centre, Melbourne Street, Australia. It is currently reported available. See its exact map, photos, 1 sighting, and…",
    "sources": [
     {
      "source": "pianos.pub",
      "ref": "5ewb2hkdndx3"
     }
    ],
    "url": "https://openpianos.net/piano/6bg87x",
    "created_at": "2026-08-27T15:23:36.130Z",
    "updated_at": "2026-08-27T15:23:36.130Z",
    "last_verified_at": null
   }
  },
  {
   "type": "Feature",
   "geometry": {
    "type": "Point",
    "coordinates": [
     -72.61573,
     45.10671
    ]
   },
   "properties": {
    "id": "a1haxn",
    "name": "Espace Sutton public piano",
    "city": "Brome-Missisquoi",
    "region": "Québec",
    "access": "public",
    "status": "active",
    "notes": "1 sighting(s) on pianos.pub\nPublic piano at 1 rue Principale S, Sutton QC J0E 2K0. It is currently reported available. See its exact map, photos, 1 sighting, and community reports.",
    "sources": [
     {
      "source": "pianos.pub",
      "ref": "7rkr7nbx8xws"
     }
    ],
    "url": "https://openpianos.net/piano/a1haxn",
    "created_at": "2026-08-27T15:23:18.266Z",
    "updated_at": "2026-08-27T15:23:18.266Z",
    "last_verified_at": null
   }
  },
  {
   "type": "Feature",
   "geometry": {
    "type": "Point",
    "coordinates": [
     19.26222,
     47.43366
    ]
   },
   "properties": {
    "id": "y5tsc7",
    "name": "Budapest Airport public piano — Liszt Studio",
    "city": "Budapest",
    "access": "public",
    "status": "active",
    "notes": "1 sighting(s) on pianos.pub\nPublic piano at Budapest Ferenc Liszt International Airport, 1185 Budapest. It is currently reported available. See its exact map, photos, 1 sighting, and…",
    "sources": [
     {
      "source": "pianos.pub",
      "ref": "tennubq57pnj"
     }
    ],
    "url": "https://openpianos.net/piano/y5tsc7",
    "created_at": "2026-08-27T15:23:31.811Z",
    "updated_at": "2026-08-27T15:23:31.811Z",
    "last_verified_at": null
   }
  },
  {
   "type": "Feature",
   "geometry": {
    "type": "Point",
    "coordinates": [
     -100.74727,
     46.7729
    ]
   },
   "properties": {
    "id": "dy9xqt",
    "name": "Bismarck Airport public piano",
    "city": "Burleigh County",
    "region": "North Dakota",
    "access": "public",
    "status": "active",
    "notes": "1 sighting(s) on pianos.pub\nPublic piano at Bismarck Municipal Airport, 2301 University Drive, United States. It is currently reported available. See its exact map, photos, 1 sighting,…",
    "sources": [
     {
      "source": "pianos.pub",
      "ref": "5w7gtvdz68mj"
     }
    ],
    "url": "https://openpianos.net/piano/dy9xqt",
    "created_at": "2026-08-27T15:23:18.266Z",
    "updated_at": "2026-08-27T15:23:18.266Z",
    "last_verified_at": null
   }
  },
  {
   "type": "Feature",
   "geometry": {
    "type": "Point",
    "coordinates": [
     2.64055,
     50.52144
    ]
   },
   "properties": {
    "id": "bv6aqg",
    "name": "SNCF station piano — Béthune",
    "city": "Béthune",
    "region": "Hauts-de-France",
    "access": "public",
    "status": "active",
    "notes": "1 sighting(s) on pianos.pub\nPublic piano at Place F. Mitterrand, 62400 Béthune. It is currently reported available. See its exact map, photos, 1 sighting, and community reports.",
    "sources": [
     {
      "source": "pianos.pub",
      "ref": "jsmerm4zq3be"
     }
    ],
    "url": "https://openpianos.net/piano/bv6aqg",
    "created_at": "2026-08-27T15:23:29.406Z",
    "updated_at": "2026-08-27T15:23:29.406Z",
    "last_verified_at": null
   }
  },
  {
   "type": "Feature",
   "geometry": {
    "type": "Point",
    "coordinates": [
     -0.34752,
     49.17643
    ]
   },
   "properties": {
    "id": "3zcs8z",
    "name": "SNCF station piano — Caen",
    "city": "Caen",
    "region": "Normandie",
    "access": "public",
    "status": "active",
    "notes": "1 sighting(s) on pianos.pub\nPublic piano at 15 Place de la Gare, 14000 Caen. It is currently reported available. See its exact map, photos, 1 sighting, and community reports.",
    "sources": [
     {
      "source": "pianos.pub",
      "ref": "mr7jqzsbzceb"
     }
    ],
    "url": "https://openpianos.net/piano/3zcs8z",
    "created_at": "2026-08-27T15:23:29.406Z",
    "updated_at": "2026-08-27T15:23:29.406Z",
    "last_verified_at": null
   }
  },
  {
   "type": "Feature",
   "geometry": {
    "type": "Point",
    "coordinates": [
     0.08491,
     49.36066
    ]
   },
   "properties": {
    "id": "bp9e78",
    "name": "SNCF station piano — Trouville–Deauville",
    "city": "Calvados",
    "region": "Normandie",
    "access": "public",
    "status": "active",
    "notes": "1 sighting(s) on pianos.pub\nPublic piano at Place Louis Armand, 14800 Deauville. It is currently reported available. See its exact map, photos, 1 sighting, and community reports.",
    "sources": [
     {
      "source": "pianos.pub",
      "ref": "upeeztnuzp3f"
     }
    ],
    "url": "https://openpianos.net/piano/bp9e78",
    "created_at": "2026-08-27T15:23:31.811Z",
    "updated_at": "2026-08-27T15:23:31.811Z",
    "last_verified_at": null
   }
  },
  {
   "type": "Feature",
   "geometry": {
    "type": "Point",
    "coordinates": [
     -47.0961,
     -22.95942
    ]
   },
   "properties": {
    "id": "pn0f4a",
    "name": "Viracopos Public Piano — Departure Hall",
    "city": "Campinas",
    "region": "São Paulo",
    "access": "public",
    "status": "active",
    "notes": "1 sighting(s) on pianos.pub\nPublic piano at Rodovia Santos Dumont, Chácara São Francisco, Brasil. It is currently reported available. See its exact map, photos, 1 sighting, and community…",
    "sources": [
     {
      "source": "pianos.pub",
      "ref": "jp83s5asedf9"
     }
    ],
    "url": "https://openpianos.net/piano/pn0f4a",
    "created_at": "2026-08-27T15:23:36.130Z",
    "updated_at": "2026-08-27T15:23:36.130Z",
    "last_verified_at": null
   }
  },
  {
   "type": "Feature",
   "geometry": {
    "type": "Point",
    "coordinates": [
     7.02242,
     43.55362
    ]
   },
   "properties": {
    "id": "k5p05f",
    "name": "SNCF station piano — Cannes",
    "city": "Cannes",
    "region": "Provence-Alpes-Côte d'Azur",
    "access": "public",
    "status": "active",
    "notes": "1 sighting(s) on pianos.pub\nPublic piano at 1 Rue Jean Jaurès, 06400 Cannes. It is currently reported available. See its exact map, photos, 1 sighting, and community reports.",
    "sources": [
     {
      "source": "pianos.pub",
      "ref": "mz57k4y798qm"
     }
    ],
    "url": "https://openpianos.net/piano/k5p05f",
    "created_at": "2026-08-27T15:23:29.406Z",
    "updated_at": "2026-08-27T15:23:29.406Z",
    "last_verified_at": null
   }
  },
  {
   "type": "Feature",
   "geometry": {
    "type": "Point",
    "coordinates": [
     5.92002,
     45.57035
    ]
   },
   "properties": {
    "id": "rn680g",
    "name": "SNCF station piano — Chambéry–Challes-les-Eaux",
    "city": "Chambéry",
    "region": "Auvergne-Rhône-Alpes",
    "access": "public",
    "status": "active",
    "notes": "1 sighting(s) on pianos.pub\nPublic piano at Place de la Gare, 73000 Chambéry. It is currently reported available. See its exact map, photos, 1 sighting, and community reports.",
    "sources": [
     {
      "source": "pianos.pub",
      "ref": "ntj5fwuycq4k"
     }
    ],
    "url": "https://openpianos.net/piano/rn680g",
    "created_at": "2026-08-27T15:23:29.406Z",
    "updated_at": "2026-08-27T15:23:29.406Z",
    "last_verified_at": null
   }
  },
  {
   "type": "Feature",
   "geometry": {
    "type": "Point",
    "coordinates": [
     2.45979,
     49.18724
    ]
   },
   "properties": {
    "id": "13amf4",
    "name": "Self-service public piano — Chantilly - Gouvieux",
    "city": "Chantilly",
    "region": "Hauts-de-France",
    "access": "public",
    "status": "active",
    "notes": "1 sighting(s) on pianos.pub\nPublic piano at Chantilly - Gouvieux railway station, Chantilly, France. It is currently reported available. See its exact map, photos, 1 sighting, and…",
    "sources": [
     {
      "source": "pianos.pub",
      "ref": "kqby2ep6zf74"
     }
    ],
    "url": "https://openpianos.net/piano/13amf4",
    "created_at": "2026-08-27T15:23:20.513Z",
    "updated_at": "2026-08-27T15:23:20.513Z",
    "last_verified_at": null
   }
  },
  {
   "type": "Feature",
   "geometry": {
    "type": "Point",
    "coordinates": [
     -87.62787,
     41.87676
    ]
   },
   "properties": {
    "id": "b2fxwp",
    "name": "Harold Washington Library upright piano 6",
    "city": "Chicago",
    "region": "Illinois",
    "access": "public",
    "status": "active",
    "notes": "1 sighting(s) on pianos.pub\nPublic piano at 400 S State Street, Chicago IL 60605. It is currently reported available. See its exact map, photos, 1 sighting, and community reports.",
    "sources": [
     {
      "source": "pianos.pub",
      "ref": "6fjv6tptv5mc"
     }
    ],
    "url": "https://openpianos.net/piano/b2fxwp",
    "created_at": "2026-08-27T15:23:18.266Z",
    "updated_at": "2026-08-27T15:23:18.266Z",
    "last_verified_at": null
   }
  },
  {
   "type": "Feature",
   "geometry": {
    "type": "Point",
    "coordinates": [
     -87.65014,
     41.95268
    ]
   },
   "properties": {
    "id": "v0j4at",
    "name": "Pianos in the Parks — Gill Park",
    "city": "Chicago",
    "region": "Illinois",
    "access": "public",
    "status": "active",
    "notes": "1 sighting(s) on pianos.pub\nPublic piano at 825 W Sheridan Rd, Chicago, IL 60613. It is currently reported available. See its exact map, photos, 1 sighting, and community reports.",
    "sources": [
     {
      "source": "pianos.pub",
      "ref": "vehzfz2aa4px"
     }
    ],
    "url": "https://openpianos.net/piano/v0j4at",
    "created_at": "2026-08-27T15:23:22.975Z",
    "updated_at": "2026-08-27T15:23:22.975Z",
    "last_verified_at": null
   }
  },
  {
   "type": "Feature",
   "geometry": {
    "type": "Point",
    "coordinates": [
     -87.58637,
     41.77969
    ]
   },
   "properties": {
    "id": "w84659",
    "name": "Pianos in the Parks — Jackson Park",
    "city": "Chicago",
    "region": "Illinois",
    "access": "public",
    "status": "active",
    "notes": "1 sighting(s) on pianos.pub\nPublic piano at 6401 S Stony Island Ave, Chicago, IL 60637. It is currently reported available. See its exact map, photos, 1 sighting, and community reports.",
    "sources": [
     {
      "source": "pianos.pub",
      "ref": "4zzydcqp3v9j"
     }
    ],
    "url": "https://openpianos.net/piano/w84659",
    "created_at": "2026-08-27T15:23:18.266Z",
    "updated_at": "2026-08-27T15:23:18.266Z",
    "last_verified_at": null
   }
  },
  {
   "type": "Feature",
   "geometry": {
    "type": "Point",
    "coordinates": [
     -87.65041,
     41.97186
    ]
   },
   "properties": {
    "id": "kx6sfz",
    "name": "Pianos in the Parks — Margate Park",
    "city": "Chicago",
    "region": "Illinois",
    "access": "public",
    "status": "active",
    "notes": "1 sighting(s) on pianos.pub\nPublic piano at 4921 N Marine Dr, Chicago, IL 60640. It is currently reported available. See its exact map, photos, 1 sighting, and community reports.",
    "sources": [
     {
      "source": "pianos.pub",
      "ref": "wpbv924c3267"
     }
    ],
    "url": "https://openpianos.net/piano/kx6sfz",
    "created_at": "2026-08-27T15:23:25.058Z",
    "updated_at": "2026-08-27T15:23:25.058Z",
    "last_verified_at": null
   }
  },
  {
   "type": "Feature",
   "geometry": {
    "type": "Point",
    "coordinates": [
     -87.68179,
     41.82309
    ]
   },
   "properties": {
    "id": "rpm2ce",
    "name": "Pianos in the Parks — McKinley Park",
    "city": "Chicago",
    "region": "Illinois",
    "access": "public",
    "status": "active",
    "notes": "1 sighting(s) on pianos.pub\nPublic piano at 2210 W Pershing Rd, Chicago, IL 60609. It is currently reported available. See its exact map, photos, 1 sighting, and community reports.",
    "sources": [
     {
      "source": "pianos.pub",
      "ref": "3t9m7jfts64q"
     }
    ],
    "url": "https://openpianos.net/piano/rpm2ce",
    "created_at": "2026-08-27T15:23:18.266Z",
    "updated_at": "2026-08-27T15:23:18.266Z",
    "last_verified_at": null
   }
  },
  {
   "type": "Feature",
   "geometry": {
    "type": "Point",
    "coordinates": [
     -87.63125,
     41.89985
    ]
   },
   "properties": {
    "id": "3hchyh",
    "name": "Pianos in the Parks — Washington Square Park",
    "city": "Chicago",
    "region": "Illinois",
    "access": "public",
    "status": "active",
    "notes": "1 sighting(s) on pianos.pub\nPublic piano at 901 N Clark St, Chicago, IL 60610. It is currently reported available. See its exact map, photos, 1 sighting, and community reports.",
    "sources": [
     {
      "source": "pianos.pub",
      "ref": "tmq5am57dmk5"
     }
    ],
    "url": "https://openpianos.net/piano/3hchyh",
    "created_at": "2026-08-27T15:23:22.975Z",
    "updated_at": "2026-08-27T15:23:22.975Z",
    "last_verified_at": null
   }
  },
  {
   "type": "Feature",
   "geometry": {
    "type": "Point",
    "coordinates": [
     172.54208,
     -43.48811
    ]
   },
   "properties": {
    "id": "vpsnn9",
    "name": "Christchurch Airport “Play Me” Piano",
    "city": "Christchurch",
    "region": "Canterbury",
    "access": "public",
    "status": "active",
    "notes": "1 sighting(s) on pianos.pub\nPublic piano at Novotel Christchurch Airport, 30, New Zealand / Aotearoa. It is currently reported available. See its exact map, photos, 1 sighting, and…",
    "sources": [
     {
      "source": "pianos.pub",
      "ref": "zssy55eu5aw3"
     }
    ],
    "url": "https://openpianos.net/piano/vpsnn9",
    "created_at": "2026-08-27T15:23:38.111Z",
    "updated_at": "2026-08-27T15:23:38.111Z",
    "last_verified_at": null
   }
  },
  {
   "type": "Feature",
   "geometry": {
    "type": "Point",
    "coordinates": [
     -3.21871,
     55.9456
    ]
   },
   "properties": {
    "id": "a4y2ab",
    "name": "Behind the gates next to the window",
    "city": "City of Edinburgh",
    "region": "Alba / Scotland",
    "access": "public",
    "status": "active",
    "notes": "1 sighting(s) on pianos.pub\nPublic piano at Haymarket Station concourse, West Coates, United Kingdom. It is currently reported available. See its exact map, photos, 1 sighting, and…",
    "sources": [
     {
      "source": "pianos.pub",
      "ref": "ugnqxbdu9gad"
     }
    ],
    "url": "https://openpianos.net/piano/a4y2ab",
    "created_at": "2026-08-27T15:23:22.975Z",
    "updated_at": "2026-08-27T15:23:22.975Z",
    "last_verified_at": null
   }
  },
  {
   "type": "Feature",
   "geometry": {
    "type": "Point",
    "coordinates": [
     -3.19143,
     55.94519
    ]
   },
   "properties": {
    "id": "edbva7",
    "name": "Free-to-play piano — Tupiniquim",
    "city": "City of Edinburgh",
    "region": "Alba / Scotland",
    "access": "public",
    "status": "active",
    "notes": "1 sighting(s) on pianos.pub\nPublic piano at Tupiniquim, Green Police Box, United Kingdom. It is currently reported available. See its exact map, photos, 1 sighting, and community reports.",
    "sources": [
     {
      "source": "pianos.pub",
      "ref": "fxznf36uh22m"
     }
    ],
    "url": "https://openpianos.net/piano/edbva7",
    "created_at": "2026-08-27T15:23:20.513Z",
    "updated_at": "2026-08-27T15:23:20.513Z",
    "last_verified_at": null
   }
  },
  {
   "type": "Feature",
   "geometry": {
    "type": "Point",
    "coordinates": [
     3.1006,
     45.77885
    ]
   },
   "properties": {
    "id": "h7w2e6",
    "name": "SNCF station piano — Clermont-Ferrand",
    "city": "Clermont-Ferrand",
    "region": "Auvergne-Rhône-Alpes",
    "access": "public",
    "status": "active",
    "notes": "1 sighting(s) on pianos.pub\nPublic piano at 40 Avenue de l’Union Soviétique, 63000 Clermont-Ferrand. It is currently reported available. See its exact map, photos, 1 sighting, and…",
    "sources": [
     {
      "source": "pianos.pub",
      "ref": "u86fhznfgtqq"
     }
    ],
    "url": "https://openpianos.net/piano/h7w2e6",
    "created_at": "2026-08-27T15:23:31.811Z",
    "updated_at": "2026-08-27T15:23:31.811Z",
    "last_verified_at": null
   }
  },
  {
   "type": "Feature",
   "geometry": {
    "type": "Point",
    "coordinates": [
     145.83045,
     -31.49716
    ]
   },
   "properties": {
    "id": "5fh1df",
    "name": "Cobar Library Pop-Up Piano",
    "city": "Cobar",
    "region": "New South Wales",
    "access": "public",
    "status": "active",
    "notes": "1 sighting(s) on pianos.pub\nPublic piano at Marshall Street, Cobar, Australia. It is currently reported available. See its exact map, photos, 1 sighting, and community reports.",
    "sources": [
     {
      "source": "pianos.pub",
      "ref": "afrg4nrxax5h"
     }
    ],
    "url": "https://openpianos.net/piano/5fh1df",
    "created_at": "2026-08-27T15:23:36.130Z",
    "updated_at": "2026-08-27T15:23:36.130Z",
    "last_verified_at": null
   }
  },
  {
   "type": "Feature",
   "geometry": {
    "type": "Point",
    "coordinates": [
     -8.45822,
     51.90163
    ]
   },
   "properties": {
    "id": "9z6p9t",
    "name": "Public piano — Cork Kent station",
    "city": "Cork",
    "access": "public",
    "status": "active",
    "notes": "1 sighting(s) on pianos.pub\nPublic piano at Cork Kent station, Lower Glanmire Road, Ireland. It is currently reported available. See its exact map, photos, 1 sighting, and community…",
    "sources": [
     {
      "source": "pianos.pub",
      "ref": "qt5tgxy2mfmg"
     }
    ],
    "url": "https://openpianos.net/piano/9z6p9t",
    "created_at": "2026-08-27T15:23:22.975Z",
    "updated_at": "2026-08-27T15:23:22.975Z",
    "last_verified_at": null
   }
  },
  {
   "type": "Feature",
   "geometry": {
    "type": "Point",
    "coordinates": [
     -123.26472,
     44.56419
    ]
   },
   "properties": {
    "id": "nx66rp",
    "name": "First Christian Church pianos",
    "city": "Corvallis",
    "region": "Oregon",
    "access": "public",
    "status": "active",
    "notes": "1 sighting(s) on pianos.pub\nPublic piano at 602 SW Madison Ave, Corvallis, OR 97333. It is currently reported available. See its exact map, photos, 1 sighting, and community reports.",
    "sources": [
     {
      "source": "pianos.pub",
      "ref": "64esdzv337ge"
     }
    ],
    "url": "https://openpianos.net/piano/nx66rp",
    "created_at": "2026-08-27T15:23:18.266Z",
    "updated_at": "2026-08-27T15:23:18.266Z",
    "last_verified_at": null
   }
  },
  {
   "type": "Feature",
   "geometry": {
    "type": "Point",
    "coordinates": [
     -123.26996,
     44.56671
    ]
   },
   "properties": {
    "id": "e4785s",
    "name": "First United Methodist sanctuary concert Steinway",
    "city": "Corvallis",
    "region": "Oregon",
    "access": "public",
    "status": "active",
    "notes": "1 sighting(s) on pianos.pub\nPublic piano at 1165 NW Monroe Ave, Corvallis, OR 97330. It is currently reported available. See its exact map, photos, 1 sighting, and community reports.",
    "sources": [
     {
      "source": "pianos.pub",
      "ref": "7uy83cc6u4tm"
     }
    ],
    "url": "https://openpianos.net/piano/e4785s",
    "created_at": "2026-08-27T15:23:18.266Z",
    "updated_at": "2026-08-27T15:23:18.266Z",
    "last_verified_at": null
   }
  },
  {
   "type": "Feature",
   "geometry": {
    "type": "Point",
    "coordinates": [
     -7.11768,
     52.26626
    ]
   },
   "properties": {
    "id": "kzcyjh",
    "name": "Public piano — Waterford Plunkett station",
    "city": "County Waterford",
    "access": "public",
    "status": "active",
    "notes": "1 sighting(s) on pianos.pub\nPublic piano at Waterford Plunkett station, Terminus Street, Ireland. It is currently reported available. See its exact map, photos, 1 sighting, and community…",
    "sources": [
     {
      "source": "pianos.pub",
      "ref": "7wc2r55aazej"
     }
    ],
    "url": "https://openpianos.net/piano/kzcyjh",
    "created_at": "2026-08-27T15:23:18.266Z",
    "updated_at": "2026-08-27T15:23:18.266Z",
    "last_verified_at": null
   }
  },
  {
   "type": "Feature",
   "geometry": {
    "type": "Point",
    "coordinates": [
     2.24755,
     48.89834
    ]
   },
   "properties": {
    "id": "tty732",
    "name": "SNCF station piano — Bécon les Bruyères",
    "city": "Courbevoie",
    "region": "Île-de-France",
    "access": "public",
    "status": "active",
    "notes": "1 sighting(s) on pianos.pub\nPublic piano at Place de la Gare, 92400 Courbevoie. It is currently reported available. See its exact map, photos, 1 sighting, and community reports.",
    "sources": [
     {
      "source": "pianos.pub",
      "ref": "ffkppr3aaxaw"
     }
    ],
    "url": "https://openpianos.net/piano/tty732",
    "created_at": "2026-08-27T15:23:29.406Z",
    "updated_at": "2026-08-27T15:23:29.406Z",
    "last_verified_at": null
   }
  },
  {
   "type": "Feature",
   "geometry": {
    "type": "Point",
    "coordinates": [
     2.25569,
     48.89842
    ]
   },
   "properties": {
    "id": "8nhh7t",
    "name": "Station Piano — Bécon Les Bruyères",
    "city": "Courbevoie",
    "region": "Île-de-France",
    "access": "public",
    "status": "active",
    "notes": "1 sighting(s) on pianos.pub\nPublic piano at 92400, Quartier Cœur de Ville, France. It is currently reported available. See its exact map, photos, 1 sighting, and community reports.",
    "sources": [
     {
      "source": "pianos.pub",
      "ref": "yzgjthj8y9e6"
     }
    ],
    "url": "https://openpianos.net/piano/8nhh7t",
    "created_at": "2026-08-27T15:23:38.111Z",
    "updated_at": "2026-08-27T15:23:38.111Z",
    "last_verified_at": null
   }
  },
  {
   "type": "Feature",
   "geometry": {
    "type": "Point",
    "coordinates": [
     148.68998,
     -33.83447
    ]
   },
   "properties": {
    "id": "hwcj3v",
    "name": "Logan Court Pop-Up Piano",
    "city": "Cowra",
    "region": "New South Wales",
    "access": "public",
    "status": "active",
    "notes": "1 sighting(s) on pianos.pub\nPublic piano at Kendal Street, Taragala, Australia. It is currently reported available. See its exact map, photos, 1 sighting, and community reports.",
    "sources": [
     {
      "source": "pianos.pub",
      "ref": "t3z5cmdd6e9v"
     }
    ],
    "url": "https://openpianos.net/piano/hwcj3v",
    "created_at": "2026-08-27T15:23:38.111Z",
    "updated_at": "2026-08-27T15:23:38.111Z",
    "last_verified_at": null
   }
  },
  {
   "type": "Feature",
   "geometry": {
    "type": "Point",
    "coordinates": [
     -0.17899,
     51.16069
    ]
   },
   "properties": {
    "id": "hcc6st",
    "name": "Gatwick Airport North Terminal Departure lounge",
    "city": "Crawley",
    "region": "England",
    "access": "public",
    "status": "active",
    "notes": "1 sighting(s) on pianos.pub\nPublic piano at JD Sports, Pier Five Road East, United Kingdom. It is currently reported available. See its exact map, photos, 1 sighting, and community…",
    "sources": [
     {
      "source": "pianos.pub",
      "ref": "98hnttbpm454"
     }
    ],
    "url": "https://openpianos.net/piano/hcc6st",
    "created_at": "2026-08-27T15:23:20.513Z",
    "updated_at": "2026-08-27T15:23:20.513Z",
    "last_verified_at": null
   }
  },
  {
   "type": "Feature",
   "geometry": {
    "type": "Point",
    "coordinates": [
     -121.99627,
     37.82033
    ]
   },
   "properties": {
    "id": "1cz064",
    "name": "Danville Community Piano — Community Center",
    "city": "Danville",
    "region": "California",
    "access": "public",
    "status": "active",
    "notes": "1 sighting(s) on pianos.pub\nPublic piano at 420 Front St, Danville, CA 94526. It is currently reported available. See its exact map, photos, 1 sighting, and community reports.",
    "sources": [
     {
      "source": "pianos.pub",
      "ref": "n5nxm4szk6vg"
     }
    ],
    "url": "https://openpianos.net/piano/1cz064",
    "created_at": "2026-08-27T15:23:22.975Z",
    "updated_at": "2026-08-27T15:23:22.975Z",
    "last_verified_at": null
   }
  },
  {
   "type": "Feature",
   "geometry": {
    "type": "Point",
    "coordinates": [
     -121.99963,
     37.82174
    ]
   },
   "properties": {
    "id": "8gnvkp",
    "name": "Danville Community Piano — Senior Center",
    "city": "Danville",
    "region": "California",
    "access": "public",
    "status": "active",
    "notes": "1 sighting(s) on pianos.pub\nPublic piano at 115 E Prospect Ave, Danville, CA 94526. It is currently reported available. See its exact map, photos, 1 sighting, and community reports.",
    "sources": [
     {
      "source": "pianos.pub",
      "ref": "jdjrzsjxzkz3"
     }
    ],
    "url": "https://openpianos.net/piano/8gnvkp",
    "created_at": "2026-08-27T15:23:20.513Z",
    "updated_at": "2026-08-27T15:23:20.513Z",
    "last_verified_at": null
   }
  },
  {
   "type": "Feature",
   "geometry": {
    "type": "Point",
    "coordinates": [
     -72.01448,
     45.7851
    ]
   },
   "properties": {
    "id": "hwwg37",
    "name": "Sur le trottoir",
    "city": "Danville",
    "region": "Québec",
    "access": "public",
    "status": "active",
    "notes": "1 sighting(s) on pianos.pub\nPublic piano at 17, Rue Grove, Canada. It is currently reported available. See its exact map, photos, 1 sighting, and community reports.",
    "sources": [
     {
      "source": "pianos.pub",
      "ref": "qxabjk22vzaa"
     }
    ],
    "url": "https://openpianos.net/piano/hwwg37",
    "created_at": "2026-08-27T15:23:22.975Z",
    "updated_at": "2026-08-27T15:23:22.975Z",
    "last_verified_at": null
   }
  },
  {
   "type": "Feature",
   "geometry": {
    "type": "Point",
    "coordinates": [
     -123.08683,
     49.09357
    ]
   },
   "properties": {
    "id": "xvf2h2",
    "name": "Delta Public Piano — Elliott Street Wharf",
    "city": "Delta",
    "region": "British Columbia",
    "access": "public",
    "status": "active",
    "notes": "1 sighting(s) on pianos.pub\nPublic piano at 5000 Elliott St, Delta, BC. It is currently reported available. See its exact map, photos, 1 sighting, and community reports.",
    "sources": [
     {
      "source": "pianos.pub",
      "ref": "8aqtfs8z4rt6"
     }
    ],
    "url": "https://openpianos.net/piano/xvf2h2",
    "created_at": "2026-08-27T15:23:18.266Z",
    "updated_at": "2026-08-27T15:23:18.266Z",
    "last_verified_at": null
   }
  },
  {
   "type": "Feature",
   "geometry": {
    "type": "Point",
    "coordinates": [
     117.35525,
     -34.96068
    ]
   },
   "properties": {
    "id": "krb9mc",
    "name": "Denmark Civic Centre Pop-Up Piano",
    "city": "Denmark",
    "region": "Western Australia",
    "access": "public",
    "status": "active",
    "notes": "1 sighting(s) on pianos.pub\nPublic piano at Strickland Street, Denmark, Australia. It is currently reported available. See its exact map, photos, 1 sighting, and community reports.",
    "sources": [
     {
      "source": "pianos.pub",
      "ref": "rdrn7q7ek757"
     }
    ],
    "url": "https://openpianos.net/piano/krb9mc",
    "created_at": "2026-08-27T15:23:38.111Z",
    "updated_at": "2026-08-27T15:23:38.111Z",
    "last_verified_at": null
   }
  },
  {
   "type": "Feature",
   "geometry": {
    "type": "Point",
    "coordinates": [
     -93.63365,
     41.58504
    ]
   },
   "properties": {
    "id": "7x26fb",
    "name": "City Sounds 2026 — Black Cat Downtown",
    "city": "Des Moines",
    "region": "Iowa",
    "access": "public",
    "status": "active",
    "notes": "1 sighting(s) on pianos.pub\nPublic piano at 1301 Locust Street Suite D, Des Moines IA 50309. It is currently reported available. See its exact map, photos, 1 sighting, and community…",
    "sources": [
     {
      "source": "pianos.pub",
      "ref": "5ncpfsnwanta"
     }
    ],
    "url": "https://openpianos.net/piano/7x26fb",
    "created_at": "2026-08-27T15:23:18.266Z",
    "updated_at": "2026-08-27T15:23:18.266Z",
    "last_verified_at": null
   }
  },
  {
   "type": "Feature",
   "geometry": {
    "type": "Point",
    "coordinates": [
     -93.61143,
     41.5906
    ]
   },
   "properties": {
    "id": "629xrt",
    "name": "City Sounds 2026 — RAYGUN",
    "city": "Des Moines",
    "region": "Iowa",
    "access": "public",
    "status": "active",
    "notes": "1 sighting(s) on pianos.pub\nPublic piano at 505 E Grand Avenue, Des Moines IA 50309. It is currently reported available. See its exact map, photos, 1 sighting, and community reports.",
    "sources": [
     {
      "source": "pianos.pub",
      "ref": "2rpnfkw4r436"
     }
    ],
    "url": "https://openpianos.net/piano/629xrt",
    "created_at": "2026-08-27T15:23:18.266Z",
    "updated_at": "2026-08-27T15:23:18.266Z",
    "last_verified_at": null
   }
  },
  {
   "type": "Feature",
   "geometry": {
    "type": "Point",
    "coordinates": [
     -93.65823,
     41.58601
    ]
   },
   "properties": {
    "id": "0xr9sk",
    "name": "City Sounds 2026 — Ted’s Coney Island",
    "city": "Des Moines",
    "region": "Iowa",
    "access": "public",
    "status": "active",
    "notes": "1 sighting(s) on pianos.pub\nPublic piano at 3020 Ingersoll Avenue, Des Moines IA 50312. It is currently reported available. See its exact map, photos, 1 sighting, and community reports.",
    "sources": [
     {
      "source": "pianos.pub",
      "ref": "84udy82ybg6x"
     }
    ],
    "url": "https://openpianos.net/piano/0xr9sk",
    "created_at": "2026-08-27T15:23:18.266Z",
    "updated_at": "2026-08-27T15:23:18.266Z",
    "last_verified_at": null
   }
  },
  {
   "type": "Feature",
   "geometry": {
    "type": "Point",
    "coordinates": [
     -93.62624,
     41.5865
    ]
   },
   "properties": {
    "id": "xnyk5g",
    "name": "City Sounds — Local Bites Food Court",
    "city": "Des Moines",
    "region": "Iowa",
    "access": "public",
    "status": "active",
    "notes": "1 sighting(s) on pianos.pub\nPublic piano at 700 Locust St, Des Moines, IA 50309. It is currently reported available. See its exact map, photos, 1 sighting, and community reports.",
    "sources": [
     {
      "source": "pianos.pub",
      "ref": "uebfyezm23bb"
     }
    ],
    "url": "https://openpianos.net/piano/xnyk5g",
    "created_at": "2026-08-27T15:23:22.975Z",
    "updated_at": "2026-08-27T15:23:22.975Z",
    "last_verified_at": null
   }
  },
  {
   "type": "Feature",
   "geometry": {
    "type": "Point",
    "coordinates": [
     -93.62386,
     41.62773
    ]
   },
   "properties": {
    "id": "jjg8sh",
    "name": "City Sounds — Scoops by Beth",
    "city": "Des Moines",
    "region": "Iowa",
    "access": "public",
    "status": "active",
    "notes": "1 sighting(s) on pianos.pub\nPublic piano at 523 Euclid Ave, Des Moines, IA 50313. It is currently reported available. See its exact map, photos, 1 sighting, and community reports.",
    "sources": [
     {
      "source": "pianos.pub",
      "ref": "zwx4rykcxmbp"
     }
    ],
    "url": "https://openpianos.net/piano/jjg8sh",
    "created_at": "2026-08-27T15:23:25.058Z",
    "updated_at": "2026-08-27T15:23:25.058Z",
    "last_verified_at": null
   }
  },
  {
   "type": "Feature",
   "geometry": {
    "type": "Point",
    "coordinates": [
     -93.64963,
     41.59944
    ]
   },
   "properties": {
    "id": "pxeee8",
    "name": "City Sounds — xBk Live",
    "city": "Des Moines",
    "region": "Iowa",
    "access": "public",
    "status": "active",
    "notes": "1 sighting(s) on pianos.pub\nPublic piano at 1159 24th St, Des Moines, IA 50311. It is currently reported available. See its exact map, photos, 1 sighting, and community reports.",
    "sources": [
     {
      "source": "pianos.pub",
      "ref": "nz6wy8j5udn2"
     }
    ],
    "url": "https://openpianos.net/piano/pxeee8",
    "created_at": "2026-08-27T15:23:22.975Z",
    "updated_at": "2026-08-27T15:23:22.975Z",
    "last_verified_at": null
   }
  },
  {
   "type": "Feature",
   "geometry": {
    "type": "Point",
    "coordinates": [
     -73.89685,
     45.53791
    ]
   },
   "properties": {
    "id": "gv7h5k",
    "name": "Piano public de l’École de musique Lilianne",
    "city": "Deux-Montagnes",
    "region": "Québec",
    "access": "public",
    "status": "active",
    "notes": "1 sighting(s) on pianos.pub\nPublic piano at 1401 chemin d’Oka, Deux-Montagnes, QC. It is currently reported available. See its exact map, photos, 1 sighting, and community reports.",
    "sources": [
     {
      "source": "pianos.pub",
      "ref": "r526qnpjtrq7"
     }
    ],
    "url": "https://openpianos.net/piano/gv7h5k",
    "created_at": "2026-08-27T15:23:22.975Z",
    "updated_at": "2026-08-27T15:23:22.975Z",
    "last_verified_at": null
   }
  },
  {
   "type": "Feature",
   "geometry": {
    "type": "Point",
    "coordinates": [
     5.02854,
     47.32341
    ]
   },
   "properties": {
    "id": "3k1q44",
    "name": "SNCF station piano — Dijon",
    "city": "Dijon",
    "region": "Bourgogne-Franche-Comté",
    "access": "public",
    "status": "active",
    "notes": "1 sighting(s) on pianos.pub\nPublic piano at 31 Cour de la Gare, 21000 Dijon. It is currently reported available. See its exact map, photos, 1 sighting, and community reports.",
    "sources": [
     {
      "source": "pianos.pub",
      "ref": "h4dxuqdmmfux"
     }
    ],
    "url": "https://openpianos.net/piano/3k1q44",
    "created_at": "2026-08-27T15:23:29.406Z",
    "updated_at": "2026-08-27T15:23:29.406Z",
    "last_verified_at": null
   }
  },
  {
   "type": "Feature",
   "geometry": {
    "type": "Point",
    "coordinates": [
     -73.77247,
     45.45373
    ]
   },
   "properties": {
    "id": "vrnq7d",
    "name": "Street Piano — Surrey Aquatic and Community Centre",
    "city": "Dorval",
    "region": "Québec",
    "access": "public",
    "status": "active",
    "notes": "1 sighting(s) on pianos.pub\nPublic piano at 1945, Avenue Parkfield, Canada. It is currently reported available. See its exact map, photos, 1 sighting, and community reports.",
    "sources": [
     {
      "source": "pianos.pub",
      "ref": "r6wmzveteuvx"
     }
    ],
    "url": "https://openpianos.net/piano/vrnq7d",
    "created_at": "2026-08-27T15:23:38.111Z",
    "updated_at": "2026-08-27T15:23:38.111Z",
    "last_verified_at": null
   }
  },
  {
   "type": "Feature",
   "geometry": {
    "type": "Point",
    "coordinates": [
     5.95333,
     47.30727
    ]
   },
   "properties": {
    "id": "7kzpbv",
    "name": "SNCF station piano — Besançon Franche-Comté TGV",
    "city": "Doubs",
    "region": "Bourgogne-Franche-Comté",
    "access": "public",
    "status": "active",
    "notes": "1 sighting(s) on pianos.pub\nPublic piano at Route Départementale 1 – Lieu-dit Grand-Bois Le Pasquier, 25870 Auxon-Dessus. It is currently reported available. See its exact map, photos, 1…",
    "sources": [
     {
      "source": "pianos.pub",
      "ref": "xnd8wpdh6p49"
     }
    ],
    "url": "https://openpianos.net/piano/7kzpbv",
    "created_at": "2026-08-27T15:23:31.811Z",
    "updated_at": "2026-08-27T15:23:31.811Z",
    "last_verified_at": null
   }
  },
  {
   "type": "Feature",
   "geometry": {
    "type": "Point",
    "coordinates": [
     5.9712,
     47.30057
    ]
   },
   "properties": {
    "id": "a6nf3e",
    "name": "Station Piano — Besançon Franche-Comté TGV",
    "city": "Doubs",
    "region": "Bourgogne-Franche-Comté",
    "access": "public",
    "status": "active",
    "notes": "1 sighting(s) on pianos.pub\nPublic piano at Auxon-Dessus, Les Auxons, France. It is currently reported available. See its exact map, photos, 1 sighting, and community reports.",
    "sources": [
     {
      "source": "pianos.pub",
      "ref": "tuxnabrn6e49"
     }
    ],
    "url": "https://openpianos.net/piano/a6nf3e",
    "created_at": "2026-08-27T15:23:38.111Z",
    "updated_at": "2026-08-27T15:23:38.111Z",
    "last_verified_at": null
   }
  },
  {
   "type": "Feature",
   "geometry": {
    "type": "Point",
    "coordinates": [
     -72.4864,
     45.88457
    ]
   },
   "properties": {
    "id": "aajhah",
    "name": "Espace Frédérick-George-Heriot public piano",
    "city": "Drummondville",
    "region": "Québec",
    "access": "public",
    "status": "active",
    "notes": "1 sighting(s) on pianos.pub\nPublic piano at 276 rue Heriot, Drummondville QC J2C 1K1. It is currently reported available. See its exact map, photos, 1 sighting, and community reports.",
    "sources": [
     {
      "source": "pianos.pub",
      "ref": "36cyzr278u5t"
     }
    ],
    "url": "https://openpianos.net/piano/aajhah",
    "created_at": "2026-08-27T15:23:18.266Z",
    "updated_at": "2026-08-27T15:23:18.266Z",
    "last_verified_at": null
   }
  },
  {
   "type": "Feature",
   "geometry": {
    "type": "Point",
    "coordinates": [
     -72.50068,
     45.87715
    ]
   },
   "properties": {
    "id": "8aa068",
    "name": "Maison des arts Desjardins public piano",
    "city": "Drummondville",
    "region": "Québec",
    "access": "public",
    "status": "active",
    "notes": "1 sighting(s) on pianos.pub\nPublic piano at 175 rue Ringuet, Drummondville QC J2C 2P7. It is currently reported available. See its exact map, photos, 1 sighting, and community reports.",
    "sources": [
     {
      "source": "pianos.pub",
      "ref": "34w35f7mxhn9"
     }
    ],
    "url": "https://openpianos.net/piano/8aa068",
    "created_at": "2026-08-27T15:23:18.266Z",
    "updated_at": "2026-08-27T15:23:18.266Z",
    "last_verified_at": null
   }
  },
  {
   "type": "Feature",
   "geometry": {
    "type": "Point",
    "coordinates": [
     -72.47645,
     45.86283
    ]
   },
   "properties": {
    "id": "a2j7th",
    "name": "Parc Notre-Dame-de-L’Assomption public piano",
    "city": "Drummondville",
    "region": "Québec",
    "access": "public",
    "status": "active",
    "notes": "1 sighting(s) on pianos.pub\nPublic piano at 1185 rue Saint-Edgar, Drummondville QC. It is currently reported available. See its exact map, photos, 1 sighting, and community reports.",
    "sources": [
     {
      "source": "pianos.pub",
      "ref": "9v8ytutbd57q"
     }
    ],
    "url": "https://openpianos.net/piano/a2j7th",
    "created_at": "2026-08-27T15:23:20.513Z",
    "updated_at": "2026-08-27T15:23:20.513Z",
    "last_verified_at": null
   }
  },
  {
   "type": "Feature",
   "geometry": {
    "type": "Point",
    "coordinates": [
     -72.48592,
     45.89077
    ]
   },
   "properties": {
    "id": "nsnfhq",
    "name": "Promenade Rivia/Montplaisir public piano",
    "city": "Drummondville",
    "region": "Québec",
    "access": "public",
    "status": "active",
    "notes": "1 sighting(s) on pianos.pub\nPublic piano at Near 1530 rue Montplaisir, Drummondville QC. It is currently reported available. See its exact map, photos, 1 sighting, and community reports.",
    "sources": [
     {
      "source": "pianos.pub",
      "ref": "69k3vemxvkbn"
     }
    ],
    "url": "https://openpianos.net/piano/nsnfhq",
    "created_at": "2026-08-27T15:23:18.266Z",
    "updated_at": "2026-08-27T15:23:18.266Z",
    "last_verified_at": null
   }
  },
  {
   "type": "Feature",
   "geometry": {
    "type": "Point",
    "coordinates": [
     -72.48672,
     45.91524
    ]
   },
   "properties": {
    "id": "1d433c",
    "name": "Promenade Rivia/Parc des Voltigeurs public piano",
    "city": "Drummondville",
    "region": "Québec",
    "access": "public",
    "status": "active",
    "notes": "1 sighting(s) on pianos.pub\nPublic piano at 1985 boulevard Foucault, Drummondville QC J2B 7T5. It is currently reported available. See its exact map, photos, 1 sighting, and community…",
    "sources": [
     {
      "source": "pianos.pub",
      "ref": "ze4f6hcf6dmk"
     }
    ],
    "url": "https://openpianos.net/piano/1d433c",
    "created_at": "2026-08-27T15:23:25.058Z",
    "updated_at": "2026-08-27T15:23:25.058Z",
    "last_verified_at": null
   }
  },
  {
   "type": "Feature",
   "geometry": {
    "type": "Point",
    "coordinates": [
     -72.48501,
     45.9179
    ]
   },
   "properties": {
    "id": "4xbxfw",
    "name": "Promenade Rivia/Parc des Voltigeurs public piano",
    "city": "Drummondville",
    "region": "Québec",
    "access": "public",
    "status": "active",
    "notes": "1 sighting(s) on pianos.pub\nPublic piano at 1985 boulevard Foucault, Drummondville QC J2B 7T5. It is currently reported available. See its exact map, photos, 1 sighting, and community…",
    "sources": [
     {
      "source": "pianos.pub",
      "ref": "xdzxsktavrqp"
     }
    ],
    "url": "https://openpianos.net/piano/4xbxfw",
    "created_at": "2026-08-27T15:23:25.058Z",
    "updated_at": "2026-08-27T15:23:25.058Z",
    "last_verified_at": null
   }
  },
  {
   "type": "Feature",
   "geometry": {
    "type": "Point",
    "coordinates": [
     4.97843,
     44.99193
    ]
   },
   "properties": {
    "id": "62740h",
    "name": "SNCF station piano — Valence TGV Rhône-Alpes Sud",
    "city": "Drôme",
    "region": "Auvergne-Rhône-Alpes",
    "access": "public",
    "status": "active",
    "notes": "1 sighting(s) on pianos.pub\nPublic piano at BP 19952 Alixan, 26300 Alixan. It is currently reported available. See its exact map, photos, 1 sighting, and community reports.",
    "sources": [
     {
      "source": "pianos.pub",
      "ref": "yh64t4pe4bk2"
     }
    ],
    "url": "https://openpianos.net/piano/62740h",
    "created_at": "2026-08-27T15:23:31.811Z",
    "updated_at": "2026-08-27T15:23:31.811Z",
    "last_verified_at": null
   }
  },
  {
   "type": "Feature",
   "geometry": {
    "type": "Point",
    "coordinates": [
     5.02645,
     44.97501
    ]
   },
   "properties": {
    "id": "kpxrj6",
    "name": "Station Piano — Valence TGV Rhône-Alpes Sud",
    "city": "Drôme",
    "region": "Auvergne-Rhône-Alpes",
    "access": "public",
    "status": "active",
    "notes": "1 sighting(s) on pianos.pub\nPublic piano at Alixan, Valence, France. It is currently reported available. See its exact map, photos, 1 sighting, and community reports.",
    "sources": [
     {
      "source": "pianos.pub",
      "ref": "mvp8sunrp5p9"
     }
    ],
    "url": "https://openpianos.net/piano/kpxrj6",
    "created_at": "2026-08-27T15:23:38.111Z",
    "updated_at": "2026-08-27T15:23:38.111Z",
    "last_verified_at": null
   }
  },
  {
   "type": "Feature",
   "geometry": {
    "type": "Point",
    "coordinates": [
     -6.24714,
     53.35272
    ]
   },
   "properties": {
    "id": "610hfh",
    "name": "Public piano — Dublin Connolly station",
    "city": "Dublin",
    "access": "public",
    "status": "active",
    "notes": "1 sighting(s) on pianos.pub\nPublic piano at Dublin Connolly station, Amiens Street, Ireland. It is currently reported available. See its exact map, photos, 1 sighting, and community…",
    "sources": [
     {
      "source": "pianos.pub",
      "ref": "3vw9vz3v59gv"
     }
    ],
    "url": "https://openpianos.net/piano/610hfh",
    "created_at": "2026-08-27T15:23:18.266Z",
    "updated_at": "2026-08-27T15:23:18.266Z",
    "last_verified_at": null
   }
  },
  {
   "type": "Feature",
   "geometry": {
    "type": "Point",
    "coordinates": [
     -6.29352,
     53.34614
    ]
   },
   "properties": {
    "id": "fc1qk7",
    "name": "Public piano — Dublin Heuston station",
    "city": "Dublin",
    "access": "public",
    "status": "active",
    "notes": "1 sighting(s) on pianos.pub\nPublic piano at Dublin Heuston station, St Johns Road West, Ireland. It is currently reported available. See its exact map, photos, 1 sighting, and community…",
    "sources": [
     {
      "source": "pianos.pub",
      "ref": "e3cjks2t8zkx"
     }
    ],
    "url": "https://openpianos.net/piano/fc1qk7",
    "created_at": "2026-08-27T15:23:20.513Z",
    "updated_at": "2026-08-27T15:23:20.513Z",
    "last_verified_at": null
   }
  },
  {
   "type": "Feature",
   "geometry": {
    "type": "Point",
    "coordinates": [
     -2.96921,
     56.45754
    ]
   },
   "properties": {
    "id": "k4esww",
    "name": "Right next to the door",
    "city": "Dundee",
    "region": "Alba / Scotland",
    "access": "public",
    "status": "active",
    "notes": "1 sighting(s) on pianos.pub\nPublic piano at South Union Street, Central Waterfront, United Kingdom. It is currently reported available. See its exact map, photos, 1 sighting, and…",
    "sources": [
     {
      "source": "pianos.pub",
      "ref": "tgy6ybgfbxm5"
     }
    ],
    "url": "https://openpianos.net/piano/k4esww",
    "created_at": "2026-08-27T15:23:22.975Z",
    "updated_at": "2026-08-27T15:23:22.975Z",
    "last_verified_at": null
   }
  },
  {
   "type": "Feature",
   "geometry": {
    "type": "Point",
    "coordinates": [
     -107.8734,
     37.28374
    ]
   },
   "properties": {
    "id": "gztgmq",
    "name": "Durango Street Pianos - Durango Public Library",
    "city": "Durango",
    "region": "Colorado",
    "access": "public",
    "status": "active",
    "notes": "1 sighting(s) on pianos.pub\nPublic piano at 1900, East 3rd Avenue, United States. It is currently reported available. See its exact map, photos, 1 sighting, and community reports.",
    "sources": [
     {
      "source": "pianos.pub",
      "ref": "px5xj68q33y4"
     }
    ],
    "url": "https://openpianos.net/piano/gztgmq",
    "created_at": "2026-08-27T15:23:22.975Z",
    "updated_at": "2026-08-27T15:23:22.975Z",
    "last_verified_at": null
   }
  },
  {
   "type": "Feature",
   "geometry": {
    "type": "Point",
    "coordinates": [
     -107.88037,
     37.2741
    ]
   },
   "properties": {
    "id": "zav9hc",
    "name": "Durango Street Pianos - Maria's",
    "city": "Durango",
    "region": "Colorado",
    "access": "public",
    "status": "active",
    "notes": "1 sighting(s) on pianos.pub\nPublic piano at Main Avenue, Durango, United States. It is currently reported available. See its exact map, photos, 1 sighting, and community reports.",
    "sources": [
     {
      "source": "pianos.pub",
      "ref": "xpnwhhnng3kc"
     }
    ],
    "url": "https://openpianos.net/piano/zav9hc",
    "created_at": "2026-08-27T15:23:25.058Z",
    "updated_at": "2026-08-27T15:23:25.058Z",
    "last_verified_at": null
   }
  },
  {
   "type": "Feature",
   "geometry": {
    "type": "Point",
    "coordinates": [
     6.78301,
     51.23999
    ]
   },
   "properties": {
    "id": "rccrmx",
    "name": "Derendorf Library e-piano",
    "city": "Düsseldorf",
    "region": "Nordrhein-Westfalen",
    "access": "public",
    "status": "active",
    "notes": "1 sighting(s) on pianos.pub\nPublic piano at Blücherstraße 10, 40477 Düsseldorf. It is currently reported available. See its exact map, photos, 1 sighting, and community reports.",
    "sources": [
     {
      "source": "pianos.pub",
      "ref": "xhtzc2ykc8r2"
     }
    ],
    "url": "https://openpianos.net/piano/rccrmx",
    "created_at": "2026-08-27T15:23:31.811Z",
    "updated_at": "2026-08-27T15:23:31.811Z",
    "last_verified_at": null
   }
  },
  {
   "type": "Feature",
   "geometry": {
    "type": "Point",
    "coordinates": [
     6.79334,
     51.2223
    ]
   },
   "properties": {
    "id": "fxmkj5",
    "name": "KAP1 Music Library e-piano",
    "city": "Düsseldorf",
    "region": "Nordrhein-Westfalen",
    "access": "public",
    "status": "active",
    "notes": "1 sighting(s) on pianos.pub\nPublic piano at Konrad-Adenauer-Platz 1, 40210 Düsseldorf. It is currently reported available. See its exact map, photos, 1 sighting, and community reports.",
    "sources": [
     {
      "source": "pianos.pub",
      "ref": "q65xez4skta9"
     }
    ],
    "url": "https://openpianos.net/piano/fxmkj5",
    "created_at": "2026-08-27T15:23:29.406Z",
    "updated_at": "2026-08-27T15:23:29.406Z",
    "last_verified_at": null
   }
  },
  {
   "type": "Feature",
   "geometry": {
    "type": "Point",
    "coordinates": [
     6.75337,
     51.23109
    ]
   },
   "properties": {
    "id": "kvg7xe",
    "name": "Oberkassel Library e-piano",
    "city": "Düsseldorf",
    "region": "Nordrhein-Westfalen",
    "access": "public",
    "status": "active",
    "notes": "1 sighting(s) on pianos.pub\nPublic piano at Luegallee 65, 40545 Düsseldorf. It is currently reported available. See its exact map, photos, 1 sighting, and community reports.",
    "sources": [
     {
      "source": "pianos.pub",
      "ref": "bkr2rz4ur9j3"
     }
    ],
    "url": "https://openpianos.net/piano/kvg7xe",
    "created_at": "2026-08-27T15:23:27.028Z",
    "updated_at": "2026-08-27T15:23:27.028Z",
    "last_verified_at": null
   }
  },
  {
   "type": "Feature",
   "geometry": {
    "type": "Point",
    "coordinates": [
     6.81801,
     51.18899
    ]
   },
   "properties": {
    "id": "jwvyh9",
    "name": "Wersten Library e-piano",
    "city": "Düsseldorf",
    "region": "Nordrhein-Westfalen",
    "access": "public",
    "status": "active",
    "notes": "1 sighting(s) on pianos.pub\nPublic piano at Liebfrauenstraße 1, 40591 Düsseldorf. It is currently reported available. See its exact map, photos, 1 sighting, and community reports.",
    "sources": [
     {
      "source": "pianos.pub",
      "ref": "pagswy6v354m"
     }
    ],
    "url": "https://openpianos.net/piano/jwvyh9",
    "created_at": "2026-08-27T15:23:29.406Z",
    "updated_at": "2026-08-27T15:23:29.406Z",
    "last_verified_at": null
   }
  },
  {
   "type": "Feature",
   "geometry": {
    "type": "Point",
    "coordinates": [
     2.2775,
     48.992
    ]
   },
   "properties": {
    "id": "2jwewn",
    "name": "Maurice Genevoix Media Library public piano",
    "city": "Eaubonne",
    "region": "Île-de-France",
    "access": "public",
    "status": "active",
    "notes": "1 sighting(s) on pianos.pub\nPublic piano at Médiathèque Maurice Genevoix, place du 11 Novembre, France. It is currently reported available. See its exact map, photos, 1 sighting, and…",
    "sources": [
     {
      "source": "pianos.pub",
      "ref": "8qsgznuamazz"
     }
    ],
    "url": "https://openpianos.net/piano/2jwewn",
    "created_at": "2026-08-27T15:23:18.266Z",
    "updated_at": "2026-08-27T15:23:18.266Z",
    "last_verified_at": null
   }
  },
  {
   "type": "Feature",
   "geometry": {
    "type": "Point",
    "coordinates": [
     5.47977,
     51.44317
    ]
   },
   "properties": {
    "id": "azznv7",
    "name": "NS station piano — Eindhoven Centraal",
    "city": "Eindhoven",
    "region": "Noord-Brabant",
    "access": "public",
    "status": "active",
    "notes": "1 sighting(s) on pianos.pub\nPublic piano at Stationsplein 22, 5611 AC Eindhoven. It is currently reported available. See its exact map, photos, 1 sighting, and community reports.",
    "sources": [
     {
      "source": "pianos.pub",
      "ref": "nu73g5b3cqyv"
     }
    ],
    "url": "https://openpianos.net/piano/azznv7",
    "created_at": "2026-08-27T15:23:29.406Z",
    "updated_at": "2026-08-27T15:23:29.406Z",
    "last_verified_at": null
   }
  },
  {
   "type": "Feature",
   "geometry": {
    "type": "Point",
    "coordinates": [
     -123.08159,
     44.02704
    ]
   },
   "properties": {
    "id": "6x4bwr",
    "name": "Amazon Community Center piano",
    "city": "Eugene",
    "region": "Oregon",
    "access": "public",
    "status": "active",
    "notes": "1 sighting(s) on pianos.pub\nPublic piano at 2700 Hilyard St, Eugene, OR 97405. It is currently reported available. See its exact map, photos, 1 sighting, and community reports.",
    "sources": [
     {
      "source": "pianos.pub",
      "ref": "ysx9e98u5mnq"
     }
    ],
    "url": "https://openpianos.net/piano/6x4bwr",
    "created_at": "2026-08-27T15:23:25.058Z",
    "updated_at": "2026-08-27T15:23:25.058Z",
    "last_verified_at": null
   }
  },
  {
   "type": "Feature",
   "geometry": {
    "type": "Point",
    "coordinates": [
     -123.07455,
     44.04418
    ]
   },
   "properties": {
    "id": "8gx7a6",
    "name": "Erb Memorial Union main-level piano",
    "city": "Eugene",
    "region": "Oregon",
    "access": "public",
    "status": "active",
    "notes": "1 sighting(s) on pianos.pub\nPublic piano at 1395 University St, Eugene, OR 97403. It is currently reported available. See its exact map, photos, 1 sighting, and community reports.",
    "sources": [
     {
      "source": "pianos.pub",
      "ref": "nps2bc7s3xfu"
     }
    ],
    "url": "https://openpianos.net/piano/8gx7a6",
    "created_at": "2026-08-27T15:23:22.975Z",
    "updated_at": "2026-08-27T15:23:22.975Z",
    "last_verified_at": null
   }
  },
  {
   "type": "Feature",
   "geometry": {
    "type": "Point",
    "coordinates": [
     -123.08159,
     44.03132
    ]
   },
   "properties": {
    "id": "4wnt5c",
    "name": "Hilyard Community Center piano",
    "city": "Eugene",
    "region": "Oregon",
    "access": "public",
    "status": "active",
    "notes": "1 sighting(s) on pianos.pub\nPublic piano at 2580 Hilyard St, Eugene, OR 97405. It is currently reported available. See its exact map, photos, 1 sighting, and community reports.",
    "sources": [
     {
      "source": "pianos.pub",
      "ref": "59ang2v9kbb5"
     }
    ],
    "url": "https://openpianos.net/piano/4wnt5c",
    "created_at": "2026-08-27T15:23:18.266Z",
    "updated_at": "2026-08-27T15:23:18.266Z",
    "last_verified_at": null
   }
  },
  {
   "type": "Feature",
   "geometry": {
    "type": "Point",
    "coordinates": [
     -123.03354,
     44.01404
    ]
   },
   "properties": {
    "id": "syyqzw",
    "name": "Lane Community College Center Building piano",
    "city": "Eugene",
    "region": "Oregon",
    "access": "public",
    "status": "active",
    "notes": "1 sighting(s) on pianos.pub\nPublic piano at 4000 E 30th Ave, Eugene, OR 97405. It is currently reported available. See its exact map, photos, 1 sighting, and community reports.",
    "sources": [
     {
      "source": "pianos.pub",
      "ref": "x2nhqu9yk456"
     }
    ],
    "url": "https://openpianos.net/piano/syyqzw",
    "created_at": "2026-08-27T15:23:25.058Z",
    "updated_at": "2026-08-27T15:23:25.058Z",
    "last_verified_at": null
   }
  },
  {
   "type": "Feature",
   "geometry": {
    "type": "Point",
    "coordinates": [
     -123.10832,
     44.05468
    ]
   },
   "properties": {
    "id": "78sscf",
    "name": "New Day Bakery piano",
    "city": "Eugene",
    "region": "Oregon",
    "access": "public",
    "status": "active",
    "notes": "1 sighting(s) on pianos.pub\nPublic piano at 449 Blair Blvd, Eugene, OR 97402. It is currently reported available. See its exact map, photos, 1 sighting, and community reports.",
    "sources": [
     {
      "source": "pianos.pub",
      "ref": "3ecm2b5a6bfc"
     }
    ],
    "url": "https://openpianos.net/piano/78sscf",
    "created_at": "2026-08-27T15:23:18.266Z",
    "updated_at": "2026-08-27T15:23:18.266Z",
    "last_verified_at": null
   }
  },
  {
   "type": "Feature",
   "geometry": {
    "type": "Point",
    "coordinates": [
     -123.13721,
     44.08502
    ]
   },
   "properties": {
    "id": "e51y8x",
    "name": "River Road Park community-center piano",
    "city": "Eugene",
    "region": "Oregon",
    "access": "public",
    "status": "active",
    "notes": "1 sighting(s) on pianos.pub\nPublic piano at 1400 Lake Dr, Eugene, OR 97404. It is currently reported available. See its exact map, photos, 1 sighting, and community reports.",
    "sources": [
     {
      "source": "pianos.pub",
      "ref": "r75d2rv79zzh"
     }
    ],
    "url": "https://openpianos.net/piano/e51y8x",
    "created_at": "2026-08-27T15:23:22.975Z",
    "updated_at": "2026-08-27T15:23:22.975Z",
    "last_verified_at": null
   }
  },
  {
   "type": "Feature",
   "geometry": {
    "type": "Point",
    "coordinates": [
     -122.20759,
     47.98154
    ]
   },
   "properties": {
    "id": "nsrrem",
    "name": "Intertwined",
    "city": "Everett",
    "region": "Washington",
    "access": "public",
    "status": "active",
    "notes": "1 sighting(s) on pianos.pub\nPublic piano at 2710 Wetmore Avenue, Everett WA 98201. It is currently reported available. See its exact map, photos, 1 sighting, and community reports.",
    "sources": [
     {
      "source": "pianos.pub",
      "ref": "239xg5nefx76"
     }
    ],
    "url": "https://openpianos.net/piano/nsrrem",
    "created_at": "2026-08-27T15:23:18.266Z",
    "updated_at": "2026-08-27T15:23:18.266Z",
    "last_verified_at": null
   }
  },
  {
   "type": "Feature",
   "geometry": {
    "type": "Point",
    "coordinates": [
     -122.23838,
     47.91237
    ]
   },
   "properties": {
    "id": "xtw3ae",
    "name": "Play Me A Tune in the Rolling Hills",
    "city": "Everett",
    "region": "Washington",
    "access": "public",
    "status": "active",
    "notes": "1 sighting(s) on pianos.pub\nPublic piano at 9512 Evergreen Way, Everett WA 98204. It is currently reported available. See its exact map, photos, 1 sighting, and community reports.",
    "sources": [
     {
      "source": "pianos.pub",
      "ref": "rg45zy2c37zk"
     }
    ],
    "url": "https://openpianos.net/piano/xtw3ae",
    "created_at": "2026-08-27T15:23:22.975Z",
    "updated_at": "2026-08-27T15:23:22.975Z",
    "last_verified_at": null
   }
  },
  {
   "type": "Feature",
   "geometry": {
    "type": "Point",
    "coordinates": [
     -122.21332,
     47.98041
    ]
   },
   "properties": {
    "id": "bn1jp2",
    "name": "Street Concerto No. 1",
    "city": "Everett",
    "region": "Washington",
    "access": "public",
    "status": "active",
    "notes": "1 sighting(s) on pianos.pub\nPublic piano at 2804 Grand Avenue, Everett WA 98201. It is currently reported available. See its exact map, photos, 1 sighting, and community reports.",
    "sources": [
     {
      "source": "pianos.pub",
      "ref": "um3gjef97zqd"
     }
    ],
    "url": "https://openpianos.net/piano/bn1jp2",
    "created_at": "2026-08-27T15:23:22.975Z",
    "updated_at": "2026-08-27T15:23:22.975Z",
    "last_verified_at": null
   }
  },
  {
   "type": "Feature",
   "geometry": {
    "type": "Point",
    "coordinates": [
     -122.20302,
     47.9786
    ]
   },
   "properties": {
    "id": "pvas76",
    "name": "Street Tat-tunes",
    "city": "Everett",
    "region": "Washington",
    "access": "public",
    "status": "active",
    "notes": "1 sighting(s) on pianos.pub\nPublic piano at 2000 Hewitt Avenue, Everett WA 98201. It is currently reported available. See its exact map, photos, 1 sighting, and community reports.",
    "sources": [
     {
      "source": "pianos.pub",
      "ref": "bdmbbg6r99dn"
     }
    ],
    "url": "https://openpianos.net/piano/pvas76",
    "created_at": "2026-08-27T15:23:20.513Z",
    "updated_at": "2026-08-27T15:23:20.513Z",
    "last_verified_at": null
   }
  },
  {
   "type": "Feature",
   "geometry": {
    "type": "Point",
    "coordinates": [
     -122.20961,
     47.97741
    ]
   },
   "properties": {
    "id": "evh4pv",
    "name": "Tickle My Keys",
    "city": "Everett",
    "region": "Washington",
    "access": "public",
    "status": "active",
    "notes": "1 sighting(s) on pianos.pub\nPublic piano at 1502 Wall Street, Everett WA 98201. It is currently reported available. See its exact map, photos, 1 sighting, and community reports.",
    "sources": [
     {
      "source": "pianos.pub",
      "ref": "er9u452kv4a4"
     }
    ],
    "url": "https://openpianos.net/piano/evh4pv",
    "created_at": "2026-08-27T15:23:20.513Z",
    "updated_at": "2026-08-27T15:23:20.513Z",
    "last_verified_at": null
   }
  },
  {
   "type": "Feature",
   "geometry": {
    "type": "Point",
    "coordinates": [
     -72.9771,
     45.28559
    ]
   },
   "properties": {
    "id": "869gtq",
    "name": "Piano public du parc Conrad-Blain",
    "city": "Farnham",
    "region": "Québec",
    "access": "public",
    "status": "active",
    "notes": "1 sighting(s) on pianos.pub\nPublic piano at 615 rue Meigs, Farnham, QC. It is currently reported available. See its exact map, photos, 1 sighting, and community reports.",
    "sources": [
     {
      "source": "pianos.pub",
      "ref": "e3fn5cn7mtt3"
     }
    ],
    "url": "https://openpianos.net/piano/869gtq",
    "created_at": "2026-08-27T15:23:20.513Z",
    "updated_at": "2026-08-27T15:23:20.513Z",
    "last_verified_at": null
   }
  },
  {
   "type": "Feature",
   "geometry": {
    "type": "Point",
    "coordinates": [
     11.25612,
     43.76923
    ]
   },
   "properties": {
    "id": "x5kzxe",
    "name": "open from 4.30pm to 6.30pm",
    "city": "Firenze",
    "region": "Toscana",
    "access": "public",
    "status": "active",
    "notes": "1 sighting(s) on pianos.pub\nPublic piano at Cortile di Michelozzo, Piazza della Signoria, Italia. It is currently reported available. See its exact map, photos, 1 sighting, and community…",
    "sources": [
     {
      "source": "pianos.pub",
      "ref": "b76d22mb4e8m"
     }
    ],
    "url": "https://openpianos.net/piano/x5kzxe",
    "created_at": "2026-08-27T15:23:20.513Z",
    "updated_at": "2026-08-27T15:23:20.513Z",
    "last_verified_at": null
   }
  },
  {
   "type": "Feature",
   "geometry": {
    "type": "Point",
    "coordinates": [
     7.15498,
     46.80071
    ]
   },
   "properties": {
    "id": "exx0wr",
    "name": "Centre Fries free-access piano",
    "city": "Fribourg - Freiburg",
    "region": "Fribourg/Freiburg",
    "access": "public",
    "status": "active",
    "notes": "1 sighting(s) on pianos.pub\nPublic piano at Centre Fries, Rue Guillaume-Techtermann 8, Switzerland. It is currently reported available. See its exact map, photos, 1 sighting, and…",
    "sources": [
     {
      "source": "pianos.pub",
      "ref": "ugtp7h5kt8rc"
     }
    ],
    "url": "https://openpianos.net/piano/exx0wr",
    "created_at": "2026-08-27T15:23:22.975Z",
    "updated_at": "2026-08-27T15:23:22.975Z",
    "last_verified_at": null
   }
  },
  {
   "type": "Feature",
   "geometry": {
    "type": "Point",
    "coordinates": [
     4.50596,
     43.81749
    ]
   },
   "properties": {
    "id": "3vpvwx",
    "name": "SNCF station piano — Nîmes Pont du Gard",
    "city": "Gard",
    "region": "Occitanie",
    "access": "public",
    "status": "active",
    "notes": "1 sighting(s) on pianos.pub\nPublic piano at Mas Larrier – Connelle Nord, 30129 Manduel. It is currently reported available. See its exact map, photos, 1 sighting, and community reports.",
    "sources": [
     {
      "source": "pianos.pub",
      "ref": "j3cxc2pv3qan"
     }
    ],
    "url": "https://openpianos.net/piano/3vpvwx",
    "created_at": "2026-08-27T15:23:29.406Z",
    "updated_at": "2026-08-27T15:23:29.406Z",
    "last_verified_at": null
   }
  },
  {
   "type": "Feature",
   "geometry": {
    "type": "Point",
    "coordinates": [
     4.49752,
     43.81617
    ]
   },
   "properties": {
    "id": "7d6yd9",
    "name": "Station Piano — Nîmes Pont du Gard",
    "city": "Gard",
    "region": "Occitanie",
    "access": "public",
    "status": "active",
    "notes": "1 sighting(s) on pianos.pub\nPublic piano at 30129, Manduel, France. It is currently reported available. See its exact map, photos, 1 sighting, and community reports.",
    "sources": [
     {
      "source": "pianos.pub",
      "ref": "va8xsdv2pyxw"
     }
    ],
    "url": "https://openpianos.net/piano/7d6yd9",
    "created_at": "2026-08-27T15:23:38.111Z",
    "updated_at": "2026-08-27T15:23:38.111Z",
    "last_verified_at": null
   }
  },
  {
   "type": "Feature",
   "geometry": {
    "type": "Point",
    "coordinates": [
     144.38151,
     -38.16011
    ]
   },
   "properties": {
    "id": "h1n9k7",
    "name": "Eastern Hub Geelong Pop-Up Piano",
    "city": "Geelong",
    "region": "Victoria",
    "access": "public",
    "status": "active",
    "notes": "1 sighting(s) on pianos.pub\nPublic piano at McKillop Street, East Geelong, Australia. It is currently reported available. See its exact map, photos, 1 sighting, and community reports.",
    "sources": [
     {
      "source": "pianos.pub",
      "ref": "bj5ntnye8vtk"
     }
    ],
    "url": "https://openpianos.net/piano/h1n9k7",
    "created_at": "2026-08-27T15:23:36.130Z",
    "updated_at": "2026-08-27T15:23:36.130Z",
    "last_verified_at": null
   }
  },
  {
   "type": "Feature",
   "geometry": {
    "type": "Point",
    "coordinates": [
     3.72074,
     51.06248
    ]
   },
   "properties": {
    "id": "p5xc1m",
    "name": "Doutreligne Baby Grand - Inkomhal AZ St. Lucas",
    "city": "Gent",
    "region": "Oost-Vlaanderen",
    "access": "public",
    "status": "active",
    "notes": "1 sighting(s) on pianos.pub\nPublic piano at 1, Groenebriel, België / Belgique / Belgien. It is currently reported available. See its exact map, photos, 1 sighting, and community reports.",
    "sources": [
     {
      "source": "pianos.pub",
      "ref": "xspfx352w6wx"
     }
    ],
    "url": "https://openpianos.net/piano/p5xc1m",
    "created_at": "2026-08-27T15:23:25.058Z",
    "updated_at": "2026-08-27T15:23:25.058Z",
    "last_verified_at": null
   }
  },
  {
   "type": "Feature",
   "geometry": {
    "type": "Point",
    "coordinates": [
     3.7013,
     51.02652
    ]
   },
   "properties": {
    "id": "0b04he",
    "name": "Doutreligne Master- Inkomhal AZ Maria Middelares",
    "city": "Gent",
    "region": "Oost-Vlaanderen",
    "access": "public",
    "status": "active",
    "notes": "1 sighting(s) on pianos.pub\nPublic piano at 1026, Kortrijksesteenweg, België / Belgique / Belgien. It is currently reported available. See its exact map, photos, 1 sighting, and…",
    "sources": [
     {
      "source": "pianos.pub",
      "ref": "er6ppkzq4ghq"
     }
    ],
    "url": "https://openpianos.net/piano/0b04he",
    "created_at": "2026-08-27T15:23:20.513Z",
    "updated_at": "2026-08-27T15:23:20.513Z",
    "last_verified_at": null
   }
  },
  {
   "type": "Feature",
   "geometry": {
    "type": "Point",
    "coordinates": [
     114.60565,
     -28.77567
    ]
   },
   "properties": {
    "id": "x1ggq9",
    "name": "Regional Sounds Pop-Up Piano",
    "city": "Geraldton",
    "region": "Western Australia",
    "access": "public",
    "status": "active",
    "notes": "1 sighting(s) on pianos.pub\nPublic piano at 246, Marine Terrace, Australia. It is currently reported available. See its exact map, photos, 1 sighting, and community reports.",
    "sources": [
     {
      "source": "pianos.pub",
      "ref": "fg7f99sv4zk2"
     }
    ],
    "url": "https://openpianos.net/piano/x1ggq9",
    "created_at": "2026-08-27T15:23:36.130Z",
    "updated_at": "2026-08-27T15:23:36.130Z",
    "last_verified_at": null
   }
  },
  {
   "type": "Feature",
   "geometry": {
    "type": "Point",
    "coordinates": [
     -4.25189,
     55.862
    ]
   },
   "properties": {
    "id": "93dp9v",
    "name": "Next to a sitting room near the gates",
    "city": "Glasgow",
    "region": "Alba / Scotland",
    "access": "public",
    "status": "active",
    "notes": "1 sighting(s) on pianos.pub\nPublic piano at 38, George Square, United Kingdom. It is currently reported available. See its exact map, photos, 1 sighting, and community reports.",
    "sources": [
     {
      "source": "pianos.pub",
      "ref": "zetn2vhuntxe"
     }
    ],
    "url": "https://openpianos.net/piano/93dp9v",
    "created_at": "2026-08-27T15:23:25.058Z",
    "updated_at": "2026-08-27T15:23:25.058Z",
    "last_verified_at": null
   }
  },
  {
   "type": "Feature",
   "geometry": {
    "type": "Point",
    "coordinates": [
     4.9701,
     51.83411
    ]
   },
   "properties": {
    "id": "5exqkh",
    "name": "NS station piano — Gorinchem",
    "city": "Gorinchem",
    "region": "Zuid-Holland",
    "access": "public",
    "status": "active",
    "notes": "1 sighting(s) on pianos.pub\nPublic piano at Stationsweg 1, 4205 AA Gorinchem. It is currently reported available. See its exact map, photos, 1 sighting, and community reports.",
    "sources": [
     {
      "source": "pianos.pub",
      "ref": "thnkwd4en92z"
     }
    ],
    "url": "https://openpianos.net/piano/5exqkh",
    "created_at": "2026-08-27T15:23:31.811Z",
    "updated_at": "2026-08-27T15:23:31.811Z",
    "last_verified_at": null
   }
  },
  {
   "type": "Feature",
   "geometry": {
    "type": "Point",
    "coordinates": [
     151.34539,
     -33.42746
    ]
   },
   "properties": {
    "id": "94dcrv",
    "name": "FunHaus Factory Pop-Up Piano",
    "city": "Gosford",
    "region": "New South Wales",
    "access": "public",
    "status": "active",
    "notes": "1 sighting(s) on pianos.pub\nPublic piano at Donnison Street, Gosford, Australia. It is currently reported available. See its exact map, photos, 1 sighting, and community reports.",
    "sources": [
     {
      "source": "pianos.pub",
      "ref": "vez9rw8jtsdx"
     }
    ],
    "url": "https://openpianos.net/piano/94dcrv",
    "created_at": "2026-08-27T15:23:38.111Z",
    "updated_at": "2026-08-27T15:23:38.111Z",
    "last_verified_at": null
   }
  },
  {
   "type": "Feature",
   "geometry": {
    "type": "Point",
    "coordinates": [
     -71.68442,
     42.20598
    ]
   },
   "properties": {
    "id": "zaaag0",
    "name": "Grafton Public Library Steinway",
    "city": "Grafton",
    "region": "Massachusetts",
    "access": "public",
    "status": "active",
    "notes": "1 sighting(s) on pianos.pub\nPublic piano at Grafton Public Library, 35 Grafton Common, United States. It is currently reported available. See its exact map, photos, 1 sighting, and…",
    "sources": [
     {
      "source": "pianos.pub",
      "ref": "7k76yvs4zdfn"
     }
    ],
    "url": "https://openpianos.net/piano/zaaag0",
    "created_at": "2026-08-27T15:23:18.266Z",
    "updated_at": "2026-08-27T15:23:18.266Z",
    "last_verified_at": null
   }
  },
  {
   "type": "Feature",
   "geometry": {
    "type": "Point",
    "coordinates": [
     -0.12682,
     51.53364
    ]
   },
   "properties": {
    "id": "ehk9ad",
    "name": "St Pancras public piano — south arcade",
    "city": "Greater London",
    "region": "England",
    "access": "public",
    "status": "active",
    "notes": "1 sighting(s) on pianos.pub\nPublic piano at Pancras Road, London N1C 4QP. It is currently reported available. See its exact map, photos, 1 sighting, and community reports.",
    "sources": [
     {
      "source": "pianos.pub",
      "ref": "7hwyavmqjhs2"
     }
    ],
    "url": "https://openpianos.net/piano/ehk9ad",
    "created_at": "2026-08-27T15:23:27.028Z",
    "updated_at": "2026-08-27T15:23:27.028Z",
    "last_verified_at": null
   }
  },
  {
   "type": "Feature",
   "geometry": {
    "type": "Point",
    "coordinates": [
     5.71408,
     45.19251
    ]
   },
   "properties": {
    "id": "san5fe",
    "name": "SNCF station piano — Grenoble",
    "city": "Grenoble",
    "region": "Auvergne-Rhône-Alpes",
    "access": "public",
    "status": "active",
    "notes": "1 sighting(s) on pianos.pub\nPublic piano at 1 Place de la Gare, 38000 Grenoble. It is currently reported available. See its exact map, photos, 1 sighting, and community reports.",
    "sources": [
     {
      "source": "pianos.pub",
      "ref": "uem5427uf78x"
     }
    ],
    "url": "https://openpianos.net/piano/san5fe",
    "created_at": "2026-08-27T15:23:31.811Z",
    "updated_at": "2026-08-27T15:23:31.811Z",
    "last_verified_at": null
   }
  },
  {
   "type": "Feature",
   "geometry": {
    "type": "Point",
    "coordinates": [
     11.97957,
     57.69794
    ]
   },
   "properties": {
    "id": "g1bqhp",
    "name": "City Library",
    "city": "Göteborg",
    "access": "public",
    "status": "active",
    "notes": "1 sighting(s) on pianos.pub\nPublic piano at Roots, 3, Sverige. It is currently reported available. See its exact map, photos, 1 sighting, and community reports.",
    "sources": [
     {
      "source": "pianos.pub",
      "ref": "39wht9wkrbe4"
     }
    ],
    "url": "https://openpianos.net/piano/g1bqhp",
    "created_at": "2026-08-27T15:23:18.266Z",
    "updated_at": "2026-08-27T15:23:18.266Z",
    "last_verified_at": null
   }
  },
  {
   "type": "Feature",
   "geometry": {
    "type": "Point",
    "coordinates": [
     10.00902,
     53.54968
    ]
   },
   "properties": {
    "id": "wg4xm1",
    "name": "Hamburg Central Library e-piano",
    "city": "Hamburg",
    "access": "public",
    "status": "active",
    "notes": "1 sighting(s) on pianos.pub\nPublic piano at Hühnerposten 1, entrance Arno-Schmidt-Platz, 20097 Hamburg. It is currently reported available. See its exact map, photos, 1 sighting, and…",
    "sources": [
     {
      "source": "pianos.pub",
      "ref": "4842bh5yjw9v"
     }
    ],
    "url": "https://openpianos.net/piano/wg4xm1",
    "created_at": "2026-08-27T15:23:27.028Z",
    "updated_at": "2026-08-27T15:23:27.028Z",
    "last_verified_at": null
   }
  },
  {
   "type": "Feature",
   "geometry": {
    "type": "Point",
    "coordinates": [
     175.2842,
     -37.78873
    ]
   },
   "properties": {
    "id": "k71jkc",
    "name": "outside the Trek'n' travel",
    "city": "Hamilton City",
    "region": "Waikato",
    "access": "public",
    "status": "active",
    "notes": "1 sighting(s) on pianos.pub\nPublic piano at Vice Vape Co., 221, New Zealand / Aotearoa. It is currently reported available. See its exact map, photos, 1 sighting, and community reports.",
    "sources": [
     {
      "source": "pianos.pub",
      "ref": "bjx26xhuc557"
     }
    ],
    "url": "https://openpianos.net/piano/k71jkc",
    "created_at": "2026-08-27T15:23:20.513Z",
    "updated_at": "2026-08-27T15:23:20.513Z",
    "last_verified_at": null
   }
  },
  {
   "type": "Feature",
   "geometry": {
    "type": "Point",
    "coordinates": [
     -0.00434,
     42.87211
    ]
   },
   "properties": {
    "id": "135eec",
    "name": "Hotel Les Templiers",
    "city": "Hautes-Pyrénées",
    "region": "Occitanie",
    "access": "public",
    "status": "active",
    "notes": "1 sighting(s) on pianos.pub\nPublic piano at Rue de la Poste, Le Doumet, France. It is currently reported available. See its exact map, photos, 1 sighting, and community reports.",
    "sources": [
     {
      "source": "pianos.pub",
      "ref": "ftatycuefgxp"
     }
    ],
    "url": "https://openpianos.net/piano/135eec",
    "created_at": "2026-08-27T15:23:20.513Z",
    "updated_at": "2026-08-27T15:23:20.513Z",
    "last_verified_at": null
   }
  },
  {
   "type": "Feature",
   "geometry": {
    "type": "Point",
    "coordinates": [
     5.97725,
     50.89123
    ]
   },
   "properties": {
    "id": "k6pqsc",
    "name": "NS station piano — Heerlen",
    "city": "Heerlen",
    "region": "Limburg",
    "access": "public",
    "status": "active",
    "notes": "1 sighting(s) on pianos.pub\nPublic piano at Spoorsingel 46, 6412 AC Heerlen. It is currently reported available. See its exact map, photos, 1 sighting, and community reports.",
    "sources": [
     {
      "source": "pianos.pub",
      "ref": "t24sgr5e62es"
     }
    ],
    "url": "https://openpianos.net/piano/k6pqsc",
    "created_at": "2026-08-27T15:23:31.811Z",
    "updated_at": "2026-08-27T15:23:31.811Z",
    "last_verified_at": null
   }
  },
  {
   "type": "Feature",
   "geometry": {
    "type": "Point",
    "coordinates": [
     9.22144,
     49.14603
    ]
   },
   "properties": {
    "id": "h48v22",
    "name": "Heilbronn City Library e-piano",
    "city": "Heilbronn",
    "region": "Baden-Württemberg",
    "access": "public",
    "status": "active",
    "notes": "1 sighting(s) on pianos.pub\nPublic piano at Berliner Platz 12, 74072 Heilbronn. It is currently reported available. See its exact map, photos, 1 sighting, and community reports.",
    "sources": [
     {
      "source": "pianos.pub",
      "ref": "npx9esq29b49"
     }
    ],
    "url": "https://openpianos.net/piano/h48v22",
    "created_at": "2026-08-27T15:23:29.406Z",
    "updated_at": "2026-08-27T15:23:29.406Z",
    "last_verified_at": null
   }
  },
  {
   "type": "Feature",
   "geometry": {
    "type": "Point",
    "coordinates": [
     24.93798,
     60.17394
    ]
   },
   "properties": {
    "id": "4fn2yk",
    "name": "Oodi acoustic-instruments studio piano",
    "city": "Helsinki",
    "region": "Uusimaa",
    "access": "public",
    "status": "active",
    "notes": "1 sighting(s) on pianos.pub\nPublic piano at Töölönlahdenkatu 4, 00100 Helsinki. It is currently reported available. See its exact map, photos, 1 sighting, and community reports.",
    "sources": [
     {
      "source": "pianos.pub",
      "ref": "fjuysebwwmt2"
     }
    ],
    "url": "https://openpianos.net/piano/4fn2yk",
    "created_at": "2026-08-27T15:23:29.406Z",
    "updated_at": "2026-08-27T15:23:29.406Z",
    "last_verified_at": null
   }
  },
  {
   "type": "Feature",
   "geometry": {
    "type": "Point",
    "coordinates": [
     24.94622,
     60.16625
    ]
   },
   "properties": {
    "id": "gt24d3",
    "name": "Rikhardinkatu Library Clavinova",
    "city": "Helsinki",
    "region": "Uusimaa",
    "access": "public",
    "status": "active",
    "notes": "1 sighting(s) on pianos.pub\nPublic piano at Rikhardinkatu 3, 00130 Helsinki. It is currently reported available. See its exact map, photos, 1 sighting, and community reports.",
    "sources": [
     {
      "source": "pianos.pub",
      "ref": "qsn3cjahsa88"
     }
    ],
    "url": "https://openpianos.net/piano/gt24d3",
    "created_at": "2026-08-27T15:23:29.406Z",
    "updated_at": "2026-08-27T15:23:29.406Z",
    "last_verified_at": null
   }
  },
  {
   "type": "Feature",
   "geometry": {
    "type": "Point",
    "coordinates": [
     7.42869,
     51.39775
    ]
   },
   "properties": {
    "id": "8tvt3m",
    "name": "EDEKA / Bäckerei Büsch",
    "city": "Herdecke",
    "region": "Nordrhein-Westfalen",
    "access": "public",
    "status": "active",
    "notes": "1 sighting(s) on pianos.pub\nPublic piano at Edeka, 7, Deutschland. It is currently reported available. See its exact map, photos, 1 sighting, and community reports.",
    "sources": [
     {
      "source": "pianos.pub",
      "ref": "hat94xmp2z33"
     }
    ],
    "url": "https://openpianos.net/piano/8tvt3m",
    "created_at": "2026-08-27T15:23:20.513Z",
    "updated_at": "2026-08-27T15:23:20.513Z",
    "last_verified_at": null
   }
  },
  {
   "type": "Feature",
   "geometry": {
    "type": "Point",
    "coordinates": [
     5.18127,
     52.22649
    ]
   },
   "properties": {
    "id": "fp5h2g",
    "name": "NS station piano — Hilversum",
    "city": "Hilversum",
    "region": "Noord-Holland",
    "access": "public",
    "status": "active",
    "notes": "1 sighting(s) on pianos.pub\nPublic piano at Stationsplein 2, 1211 EX Hilversum. It is currently reported available. See its exact map, photos, 1 sighting, and community reports.",
    "sources": [
     {
      "source": "pianos.pub",
      "ref": "e97jd99qus3q"
     }
    ],
    "url": "https://openpianos.net/piano/fp5h2g",
    "created_at": "2026-08-27T15:23:29.406Z",
    "updated_at": "2026-08-27T15:23:29.406Z",
    "last_verified_at": null
   }
  },
  {
   "type": "Feature",
   "geometry": {
    "type": "Point",
    "coordinates": [
     6.473,
     52.73348
    ]
   },
   "properties": {
    "id": "t2gmaz",
    "name": "NS station piano — Hoogeveen",
    "city": "Hoogeveen",
    "region": "Drenthe",
    "access": "public",
    "status": "active",
    "notes": "1 sighting(s) on pianos.pub\nPublic piano at Stationsplein 1, 7901 AA Hoogeveen. It is currently reported available. See its exact map, photos, 1 sighting, and community reports.",
    "sources": [
     {
      "source": "pianos.pub",
      "ref": "7d3ubgj77tk7"
     }
    ],
    "url": "https://openpianos.net/piano/t2gmaz",
    "created_at": "2026-08-27T15:23:27.028Z",
    "updated_at": "2026-08-27T15:23:27.028Z",
    "last_verified_at": null
   }
  },
  {
   "type": "Feature",
   "geometry": {
    "type": "Point",
    "coordinates": [
     -71.56439,
     42.38884
    ]
   },
   "properties": {
    "id": "men349",
    "name": "On one of the upper floors",
    "city": "Hudson",
    "region": "Massachusetts",
    "access": "public",
    "status": "active",
    "notes": "1 sighting(s) on pianos.pub\nPublic piano at Wild Hare Café, Restaurant & Brewery, United States. It is currently reported available. See its exact map, photos, 1 sighting, and community…",
    "sources": [
     {
      "source": "pianos.pub",
      "ref": "tm5749jhksvq"
     }
    ],
    "url": "https://openpianos.net/piano/men349",
    "created_at": "2026-08-27T15:23:22.975Z",
    "updated_at": "2026-08-27T15:23:22.975Z",
    "last_verified_at": null
   }
  },
  {
   "type": "Feature",
   "geometry": {
    "type": "Point",
    "coordinates": [
     -4.06384,
     57.53978
    ]
   },
   "properties": {
    "id": "rx14jf",
    "name": "Inverness Airport public piano",
    "city": "Inverness",
    "region": "Alba / Scotland",
    "access": "public",
    "status": "active",
    "notes": "1 sighting(s) on pianos.pub\nPublic piano at Inverness Airport, Dalcross, United Kingdom. It is currently reported available. See its exact map, photos, 1 sighting, and community reports.",
    "sources": [
     {
      "source": "pianos.pub",
      "ref": "j7cwtkgjq6eu"
     }
    ],
    "url": "https://openpianos.net/piano/rx14jf",
    "created_at": "2026-08-27T15:23:20.513Z",
    "updated_at": "2026-08-27T15:23:20.513Z",
    "last_verified_at": null
   }
  },
  {
   "type": "Feature",
   "geometry": {
    "type": "Point",
    "coordinates": [
     11.58415,
     50.92584
    ]
   },
   "properties": {
    "id": "eyp3cx",
    "name": "Ernst-Abbe-Bücherei Jena Zentrum",
    "city": "Jena",
    "region": "Thüringen",
    "access": "public",
    "status": "active",
    "notes": "1 sighting(s) on pianos.pub\nPublic piano at Ernst-Abbe-Bücherei, 2, Deutschland. It is currently reported available. See its exact map, photos, 1 sighting, and community reports.",
    "sources": [
     {
      "source": "pianos.pub",
      "ref": "ndcwrrrxzyny"
     }
    ],
    "url": "https://openpianos.net/piano/eyp3cx",
    "created_at": "2026-08-27T15:23:22.975Z",
    "updated_at": "2026-08-27T15:23:22.975Z",
    "last_verified_at": null
   }
  },
  {
   "type": "Feature",
   "geometry": {
    "type": "Point",
    "coordinates": [
     132.26364,
     -14.46202
    ]
   },
   "properties": {
    "id": "6f2f3t",
    "name": "Katherine Regional Arts Pop-Up Piano",
    "city": "Katherine",
    "access": "public",
    "status": "active",
    "notes": "1 sighting(s) on pianos.pub\nPublic piano at Katherine Regional Arts, J19/19 Second Street, Australia. It is currently reported available. See its exact map, photos, 1 sighting, and…",
    "sources": [
     {
      "source": "pianos.pub",
      "ref": "wdn49b68naxc"
     }
    ],
    "url": "https://openpianos.net/piano/6f2f3t",
    "created_at": "2026-08-27T15:23:31.811Z",
    "updated_at": "2026-08-27T15:23:31.811Z",
    "last_verified_at": null
   }
  },
  {
   "type": "Feature",
   "geometry": {
    "type": "Point",
    "coordinates": [
     101.723,
     3.13476
    ]
   },
   "properties": {
    "id": "ykscg3",
    "name": "Book Xcess",
    "city": "Kuala Lumpur",
    "access": "public",
    "status": "active",
    "notes": "1 sighting(s) on pianos.pub\nPublic piano at Victoria's Secret, 6, Malaysia. It is currently reported available. See its exact map, photos, 1 sighting, and community reports.",
    "sources": [
     {
      "source": "pianos.pub",
      "ref": "8e9bxp4w7jrn"
     }
    ],
    "url": "https://openpianos.net/piano/ykscg3",
    "created_at": "2026-08-27T15:23:18.266Z",
    "updated_at": "2026-08-27T15:23:18.266Z",
    "last_verified_at": null
   }
  },
  {
   "type": "Feature",
   "geometry": {
    "type": "Point",
    "coordinates": [
     101.71198,
     3.14635
    ]
   },
   "properties": {
    "id": "qe6r75",
    "name": "Lobby",
    "city": "Kuala Lumpur",
    "access": "public",
    "status": "active",
    "notes": "1 sighting(s) on pianos.pub\nPublic piano at Alpha HTTB, 50, Malaysia. It is currently reported available. See its exact map, photos, 1 sighting, and community reports.",
    "sources": [
     {
      "source": "pianos.pub",
      "ref": "uvxbpgkg5mz5"
     }
    ],
    "url": "https://openpianos.net/piano/qe6r75",
    "created_at": "2026-08-27T15:23:22.975Z",
    "updated_at": "2026-08-27T15:23:22.975Z",
    "last_verified_at": null
   }
  },
  {
   "type": "Feature",
   "geometry": {
    "type": "Point",
    "coordinates": [
     6.95656,
     50.93712
    ]
   },
   "properties": {
    "id": "4ac5g0",
    "name": "Interim Central Library Grotrian-Steinweg grand",
    "city": "Köln",
    "region": "Nordrhein-Westfalen",
    "access": "public",
    "status": "active",
    "notes": "1 sighting(s) on pianos.pub\nPublic piano at Hohe Straße 68–82, 50667 Köln. It is currently reported available. See its exact map, photos, 1 sighting, and community reports.",
    "sources": [
     {
      "source": "pianos.pub",
      "ref": "vfh8h6t9vx2x"
     }
    ],
    "url": "https://openpianos.net/piano/4ac5g0",
    "created_at": "2026-08-27T15:23:31.811Z",
    "updated_at": "2026-08-27T15:23:31.811Z",
    "last_verified_at": null
   }
  },
  {
   "type": "Feature",
   "geometry": {
    "type": "Point",
    "coordinates": [
     6.95163,
     50.97282
    ]
   },
   "properties": {
    "id": "bhnbpa",
    "name": "Nippes Library e-piano",
    "city": "Köln",
    "region": "Nordrhein-Westfalen",
    "access": "public",
    "status": "active",
    "notes": "1 sighting(s) on pianos.pub\nPublic piano at Bezirksrathaus Nippes, Neusser Straße 450, 50733 Köln. It is currently reported available. See its exact map, photos, 1 sighting, and…",
    "sources": [
     {
      "source": "pianos.pub",
      "ref": "vmcxj9cb7brh"
     }
    ],
    "url": "https://openpianos.net/piano/bhnbpa",
    "created_at": "2026-08-27T15:23:31.811Z",
    "updated_at": "2026-08-27T15:23:31.811Z",
    "last_verified_at": null
   }
  },
  {
   "type": "Feature",
   "geometry": {
    "type": "Point",
    "coordinates": [
     7.05506,
     50.88476
    ]
   },
   "properties": {
    "id": "rzvr43",
    "name": "Porz Library e-piano",
    "city": "Köln",
    "region": "Nordrhein-Westfalen",
    "access": "public",
    "status": "active",
    "notes": "1 sighting(s) on pianos.pub\nPublic piano at Bezirksrathaus Porz/Bildungszentrum, Alfred-Moritz-Platz 1, 51143 Köln. It is currently reported available. See its exact map, photos, 1…",
    "sources": [
     {
      "source": "pianos.pub",
      "ref": "xzeuybzw5ncx"
     }
    ],
    "url": "https://openpianos.net/piano/rzvr43",
    "created_at": "2026-08-27T15:23:31.811Z",
    "updated_at": "2026-08-27T15:23:31.811Z",
    "last_verified_at": null
   }
  },
  {
   "type": "Feature",
   "geometry": {
    "type": "Point",
    "coordinates": [
     -2.38871,
     47.28836
    ]
   },
   "properties": {
    "id": "zsg9fn",
    "name": "SNCF station piano — La Baule-Escoublac",
    "city": "La Baule-Escoublac",
    "region": "Pays de la Loire",
    "access": "public",
    "status": "active",
    "notes": "1 sighting(s) on pianos.pub\nPublic piano at Place Rhin et Danube, 44500 La Baule-Escoublac. It is currently reported available. See its exact map, photos, 1 sighting, and community…",
    "sources": [
     {
      "source": "pianos.pub",
      "ref": "dq5czwfngcy9"
     }
    ],
    "url": "https://openpianos.net/piano/zsg9fn",
    "created_at": "2026-08-27T15:23:29.406Z",
    "updated_at": "2026-08-27T15:23:29.406Z",
    "last_verified_at": null
   }
  },
  {
   "type": "Feature",
   "geometry": {
    "type": "Point",
    "coordinates": [
     -2.35355,
     47.29083
    ]
   },
   "properties": {
    "id": "pqfv2e",
    "name": "Station Piano — La Baule-Escoublac",
    "city": "La Baule-Escoublac",
    "region": "Pays de la Loire",
    "access": "public",
    "status": "active",
    "notes": "1 sighting(s) on pianos.pub\nPublic piano at 44500, La Baule-Escoublac, France. It is currently reported available. See its exact map, photos, 1 sighting, and community reports.",
    "sources": [
     {
      "source": "pianos.pub",
      "ref": "k8y3eq7wju3n"
     }
    ],
    "url": "https://openpianos.net/piano/pqfv2e",
    "created_at": "2026-08-27T15:23:38.111Z",
    "updated_at": "2026-08-27T15:23:38.111Z",
    "last_verified_at": null
   }
  },
  {
   "type": "Feature",
   "geometry": {
    "type": "Point",
    "coordinates": [
     -76.30612,
     40.03964
    ]
   },
   "properties": {
    "id": "mwc3js",
    "name": "Keys for the City — Lancaster Art Vault",
    "city": "Lancaster",
    "region": "Pennsylvania",
    "access": "public",
    "status": "active",
    "notes": "1 sighting(s) on pianos.pub\nPublic piano at 100 N Queen Street, Lancaster PA 17603. It is currently reported available. See its exact map, photos, 1 sighting, and community reports.",
    "sources": [
     {
      "source": "pianos.pub",
      "ref": "2nx42ct3vkuc"
     }
    ],
    "url": "https://openpianos.net/piano/mwc3js",
    "created_at": "2026-08-27T15:23:18.266Z",
    "updated_at": "2026-08-27T15:23:18.266Z",
    "last_verified_at": null
   }
  },
  {
   "type": "Feature",
   "geometry": {
    "type": "Point",
    "coordinates": [
     -76.31243,
     40.04681
    ]
   },
   "properties": {
    "id": "g5xt3a",
    "name": "Keys for the City — Lancaster Arts Hotel",
    "city": "Lancaster",
    "region": "Pennsylvania",
    "access": "public",
    "status": "active",
    "notes": "1 sighting(s) on pianos.pub\nPublic piano at 300 Harrisburg Avenue, Lancaster PA 17603. It is currently reported available. See its exact map, photos, 1 sighting, and community reports.",
    "sources": [
     {
      "source": "pianos.pub",
      "ref": "xqnebcvse7ts"
     }
    ],
    "url": "https://openpianos.net/piano/g5xt3a",
    "created_at": "2026-08-27T15:23:25.058Z",
    "updated_at": "2026-08-27T15:23:25.058Z",
    "last_verified_at": null
   }
  },
  {
   "type": "Feature",
   "geometry": {
    "type": "Point",
    "coordinates": [
     -76.30142,
     40.04111
    ]
   },
   "properties": {
    "id": "jn9dga",
    "name": "Keys for the City — Musser Park",
    "city": "Lancaster",
    "region": "Pennsylvania",
    "access": "public",
    "status": "active",
    "notes": "1 sighting(s) on pianos.pub\nPublic piano at 135 N Lime Street, Lancaster PA 17602. It is currently reported available. See its exact map, photos, 1 sighting, and community reports.",
    "sources": [
     {
      "source": "pianos.pub",
      "ref": "q63acmevrtfu"
     }
    ],
    "url": "https://openpianos.net/piano/jn9dga",
    "created_at": "2026-08-27T15:23:22.975Z",
    "updated_at": "2026-08-27T15:23:22.975Z",
    "last_verified_at": null
   }
  },
  {
   "type": "Feature",
   "geometry": {
    "type": "Point",
    "coordinates": [
     -76.33901,
     40.06717
    ]
   },
   "properties": {
    "id": "092vp2",
    "name": "Keys for the City — Park City Mall",
    "city": "Lancaster",
    "region": "Pennsylvania",
    "access": "public",
    "status": "active",
    "notes": "1 sighting(s) on pianos.pub\nPublic piano at 142 Park City Center, Lancaster PA 17601. It is currently reported unavailable. See its exact map, photos, 1 sighting, and community reports.",
    "sources": [
     {
      "source": "pianos.pub",
      "ref": "p8k36bkr85ds"
     }
    ],
    "url": "https://openpianos.net/piano/092vp2",
    "created_at": "2026-08-27T15:23:22.975Z",
    "updated_at": "2026-08-27T15:23:22.975Z",
    "last_verified_at": null
   }
  },
  {
   "type": "Feature",
   "geometry": {
    "type": "Point",
    "coordinates": [
     -76.29864,
     40.03864
    ]
   },
   "properties": {
    "id": "xnsay0",
    "name": "Keys for the City — Tenfold",
    "city": "Lancaster",
    "region": "Pennsylvania",
    "access": "public",
    "status": "active",
    "notes": "1 sighting(s) on pianos.pub\nPublic piano at 308 E King Street, Lancaster PA 17602. It is currently reported available. See its exact map, photos, 1 sighting, and community reports.",
    "sources": [
     {
      "source": "pianos.pub",
      "ref": "xzkrt3xd5y9s"
     }
    ],
    "url": "https://openpianos.net/piano/xnsay0",
    "created_at": "2026-08-27T15:23:25.058Z",
    "updated_at": "2026-08-27T15:23:25.058Z",
    "last_verified_at": null
   }
  },
  {
   "type": "Feature",
   "geometry": {
    "type": "Point",
    "coordinates": [
     3.91017,
     43.59147
    ]
   },
   "properties": {
    "id": "1jtv0x",
    "name": "SNCF station piano — Montpellier Sud de France",
    "city": "Lattes",
    "region": "Occitanie",
    "access": "public",
    "status": "active",
    "notes": "1 sighting(s) on pianos.pub\nPublic piano at Rue de la Fontaine de la Banquière, 34000 Montpellier. It is currently reported available. See its exact map, photos, 1 sighting, and…",
    "sources": [
     {
      "source": "pianos.pub",
      "ref": "x68r8q3nbnpc"
     }
    ],
    "url": "https://openpianos.net/piano/1jtv0x",
    "created_at": "2026-08-27T15:23:31.811Z",
    "updated_at": "2026-08-27T15:23:31.811Z",
    "last_verified_at": null
   }
  },
  {
   "type": "Feature",
   "geometry": {
    "type": "Point",
    "coordinates": [
     -73.78503,
     45.61505
    ]
   },
   "properties": {
    "id": "5tpc8h",
    "name": "Piano du Vieux-Sainte-Rose",
    "city": "Laval",
    "region": "Québec",
    "access": "public",
    "status": "active",
    "notes": "1 sighting(s) on pianos.pub\nPublic piano at 187 boulevard Sainte-Rose, Laval, QC. It is currently reported available. See its exact map, photos, 1 sighting, and community reports.",
    "sources": [
     {
      "source": "pianos.pub",
      "ref": "een3tcytrdf6"
     }
    ],
    "url": "https://openpianos.net/piano/5tpc8h",
    "created_at": "2026-08-27T15:23:20.513Z",
    "updated_at": "2026-08-27T15:23:20.513Z",
    "last_verified_at": null
   }
  },
  {
   "type": "Feature",
   "geometry": {
    "type": "Point",
    "coordinates": [
     -73.69941,
     45.5506
    ]
   },
   "properties": {
    "id": "9m4y4q",
    "name": "Piano du parc Bernard-Landry",
    "city": "Laval",
    "region": "Québec",
    "access": "public",
    "status": "active",
    "notes": "1 sighting(s) on pianos.pub\nPublic piano at 5 avenue du Crochet, Laval, QC. It is currently reported available. See its exact map, photos, 1 sighting, and community reports.",
    "sources": [
     {
      "source": "pianos.pub",
      "ref": "j3u5fnqvba5d"
     }
    ],
    "url": "https://openpianos.net/piano/9m4y4q",
    "created_at": "2026-08-27T15:23:20.513Z",
    "updated_at": "2026-08-27T15:23:20.513Z",
    "last_verified_at": null
   }
  },
  {
   "type": "Feature",
   "geometry": {
    "type": "Point",
    "coordinates": [
     0.12516,
     49.49251
    ]
   },
   "properties": {
    "id": "ge6bkx",
    "name": "SNCF station piano — Le Havre",
    "city": "Le Havre",
    "region": "Normandie",
    "access": "public",
    "status": "active",
    "notes": "1 sighting(s) on pianos.pub\nPublic piano at 12 Rue Magellan, 76600 Le Havre. It is currently reported available. See its exact map, photos, 1 sighting, and community reports.",
    "sources": [
     {
      "source": "pianos.pub",
      "ref": "6uqqpz46ybnw"
     }
    ],
    "url": "https://openpianos.net/piano/ge6bkx",
    "created_at": "2026-08-27T15:23:27.028Z",
    "updated_at": "2026-08-27T15:23:27.028Z",
    "last_verified_at": null
   }
  },
  {
   "type": "Feature",
   "geometry": {
    "type": "Point",
    "coordinates": [
     0.19258,
     47.99569
    ]
   },
   "properties": {
    "id": "a9f9bt",
    "name": "Self-service public piano — Le Mans",
    "city": "Le Mans",
    "region": "Pays de la Loire",
    "access": "public",
    "status": "active",
    "notes": "1 sighting(s) on pianos.pub\nPublic piano at Le Mans railway station, Le Mans, France. It is currently reported available. See its exact map, photos, 1 sighting, and community reports.",
    "sources": [
     {
      "source": "pianos.pub",
      "ref": "kg2nngfqjwjs"
     }
    ],
    "url": "https://openpianos.net/piano/a9f9bt",
    "created_at": "2026-08-27T15:23:20.513Z",
    "updated_at": "2026-08-27T15:23:20.513Z",
    "last_verified_at": null
   }
  },
  {
   "type": "Feature",
   "geometry": {
    "type": "Point",
    "coordinates": [
     0.19248,
     48.00972
    ]
   },
   "properties": {
    "id": "n047pz",
    "name": "Station Piano — Le Mans",
    "city": "Le Mans",
    "region": "Pays de la Loire",
    "access": "public",
    "status": "active",
    "notes": "1 sighting(s) on pianos.pub\nPublic piano at 72000, Le Mans, France. It is currently reported available. See its exact map, photos, 1 sighting, and community reports.",
    "sources": [
     {
      "source": "pianos.pub",
      "ref": "f7bzkgf7bcrj"
     }
    ],
    "url": "https://openpianos.net/piano/n047pz",
    "created_at": "2026-08-27T15:23:36.130Z",
    "updated_at": "2026-08-27T15:23:36.130Z",
    "last_verified_at": null
   }
  },
  {
   "type": "Feature",
   "geometry": {
    "type": "Point",
    "coordinates": [
     -76.1107,
     40.04016
    ]
   },
   "properties": {
    "id": "d6axby",
    "name": "Keys for the City — Kitchen Kettle Village",
    "city": "Leacock Township",
    "region": "Pennsylvania",
    "access": "public",
    "status": "active",
    "notes": "1 sighting(s) on pianos.pub\nPublic piano at 3529 Old Philadelphia Pike, Intercourse PA 17534. It is currently reported available. See its exact map, photos, 1 sighting, and community…",
    "sources": [
     {
      "source": "pianos.pub",
      "ref": "wcuna4758cv3"
     }
    ],
    "url": "https://openpianos.net/piano/d6axby",
    "created_at": "2026-08-27T15:23:25.058Z",
    "updated_at": "2026-08-27T15:23:25.058Z",
    "last_verified_at": null
   }
  },
  {
   "type": "Feature",
   "geometry": {
    "type": "Point",
    "coordinates": [
     -76.10718,
     40.03848
    ]
   },
   "properties": {
    "id": "vhksvw",
    "name": "Keys for the City — Kitchen Kettle Village",
    "city": "Leacock Township",
    "region": "Pennsylvania",
    "access": "public",
    "status": "active",
    "notes": "1 sighting(s) on pianos.pub\nPublic piano at 3529 Old Philadelphia Pike, Intercourse PA 17534. It is currently reported available. See its exact map, photos, 1 sighting, and community…",
    "sources": [
     {
      "source": "pianos.pub",
      "ref": "553jqwpn9szk"
     }
    ],
    "url": "https://openpianos.net/piano/vhksvw",
    "created_at": "2026-08-27T15:23:18.266Z",
    "updated_at": "2026-08-27T15:23:18.266Z",
    "last_verified_at": null
   }
  },
  {
   "type": "Feature",
   "geometry": {
    "type": "Point",
    "coordinates": [
     -1.53578,
     53.79731
    ]
   },
   "properties": {
    "id": "ygxsr1",
    "name": "Leeds Piano Trail — Leeds Bus Station",
    "city": "Leeds",
    "region": "England",
    "access": "public",
    "status": "active",
    "notes": "1 sighting(s) on pianos.pub\nPublic piano at Leeds Bus Station, Dyer Street, United Kingdom. It is currently reported available. See its exact map, photos, 1 sighting, and community…",
    "sources": [
     {
      "source": "pianos.pub",
      "ref": "5jjg56tqbwpq"
     }
    ],
    "url": "https://openpianos.net/piano/ygxsr1",
    "created_at": "2026-08-27T15:23:18.266Z",
    "updated_at": "2026-08-27T15:23:18.266Z",
    "last_verified_at": null
   }
  },
  {
   "type": "Feature",
   "geometry": {
    "type": "Point",
    "coordinates": [
     -1.55536,
     53.80226
    ]
   },
   "properties": {
    "id": "5kdzth",
    "name": "Leeds Piano Trail — Leeds Children's Hospital",
    "city": "Leeds",
    "region": "England",
    "access": "public",
    "status": "active",
    "notes": "1 sighting(s) on pianos.pub\nPublic piano at Leeds Children's Hospital, Great George Street, United Kingdom. It is currently reported available. See its exact map, photos, 1 sighting, and…",
    "sources": [
     {
      "source": "pianos.pub",
      "ref": "q6kpdbkbf9rx"
     }
    ],
    "url": "https://openpianos.net/piano/5kdzth",
    "created_at": "2026-08-27T15:23:22.975Z",
    "updated_at": "2026-08-27T15:23:22.975Z",
    "last_verified_at": null
   }
  },
  {
   "type": "Feature",
   "geometry": {
    "type": "Point",
    "coordinates": [
     -1.5469,
     53.80157
    ]
   },
   "properties": {
    "id": "w144fs",
    "name": "Leeds Piano Trail — Leeds City Museum",
    "city": "Leeds",
    "region": "England",
    "access": "public",
    "status": "active",
    "notes": "1 sighting(s) on pianos.pub\nPublic piano at Leeds City Museum, Millennium Square, United Kingdom. It is currently reported available. See its exact map, photos, 1 sighting, and community…",
    "sources": [
     {
      "source": "pianos.pub",
      "ref": "22565733vf4f"
     }
    ],
    "url": "https://openpianos.net/piano/w144fs",
    "created_at": "2026-08-27T15:23:18.266Z",
    "updated_at": "2026-08-27T15:23:18.266Z",
    "last_verified_at": null
   }
  },
  {
   "type": "Feature",
   "geometry": {
    "type": "Point",
    "coordinates": [
     -1.78421,
     46.50585
    ]
   },
   "properties": {
    "id": "359599",
    "name": "SNCF station piano — Les Sables-d’Olonne",
    "city": "Les Sables-d'Olonne",
    "region": "Pays de la Loire",
    "access": "public",
    "status": "active",
    "notes": "1 sighting(s) on pianos.pub\nPublic piano at Rue de la Bauduère, 85100 Les Sables-d’Olonne. It is currently reported available. See its exact map, photos, 1 sighting, and community reports.",
    "sources": [
     {
      "source": "pianos.pub",
      "ref": "b4j78skader4"
     }
    ],
    "url": "https://openpianos.net/piano/359599",
    "created_at": "2026-08-27T15:23:27.028Z",
    "updated_at": "2026-08-27T15:23:27.028Z",
    "last_verified_at": null
   }
  },
  {
   "type": "Feature",
   "geometry": {
    "type": "Point",
    "coordinates": [
     -1.78105,
     46.49992
    ]
   },
   "properties": {
    "id": "k1pshm",
    "name": "Self-service public piano — Les Sables-d'Olonne",
    "city": "Les Sables-d'Olonne",
    "region": "Pays de la Loire",
    "access": "public",
    "status": "active",
    "notes": "1 sighting(s) on pianos.pub\nPublic piano at Les Sables-d'Olonne railway station, Les Sables-d'Olonne, France. It is currently reported available. See its exact map, photos, 1 sighting,…",
    "sources": [
     {
      "source": "pianos.pub",
      "ref": "z3n963kmn9fh"
     }
    ],
    "url": "https://openpianos.net/piano/k1pshm",
    "created_at": "2026-08-27T15:23:25.058Z",
    "updated_at": "2026-08-27T15:23:25.058Z",
    "last_verified_at": null
   }
  },
  {
   "type": "Feature",
   "geometry": {
    "type": "Point",
    "coordinates": [
     -1.79285,
     46.50102
    ]
   },
   "properties": {
    "id": "5877tf",
    "name": "Station Piano — Les Sables-d'Olonne",
    "city": "Les Sables-d'Olonne",
    "region": "Pays de la Loire",
    "access": "public",
    "status": "active",
    "notes": "1 sighting(s) on pianos.pub\nPublic piano at 85100, Les Sables-d'Olonne, France. It is currently reported available. See its exact map, photos, 1 sighting, and community reports.",
    "sources": [
     {
      "source": "pianos.pub",
      "ref": "jennjh9xwy33"
     }
    ],
    "url": "https://openpianos.net/piano/5877tf",
    "created_at": "2026-08-27T15:23:36.130Z",
    "updated_at": "2026-08-27T15:23:36.130Z",
    "last_verified_at": null
   }
  },
  {
   "type": "Feature",
   "geometry": {
    "type": "Point",
    "coordinates": [
     3.07126,
     50.63711
    ]
   },
   "properties": {
    "id": "g41cyc",
    "name": "SNCF station piano — Lille Flandres",
    "city": "Lille",
    "region": "Hauts-de-France",
    "access": "public",
    "status": "active",
    "notes": "1 sighting(s) on pianos.pub\nPublic piano at Place des Buisses, 59000 Lille. It is currently reported available. See its exact map, photos, 1 sighting, and community reports.",
    "sources": [
     {
      "source": "pianos.pub",
      "ref": "c2xehk6hnxjk"
     }
    ],
    "url": "https://openpianos.net/piano/g41cyc",
    "created_at": "2026-08-27T15:23:27.028Z",
    "updated_at": "2026-08-27T15:23:27.028Z",
    "last_verified_at": null
   }
  },
  {
   "type": "Feature",
   "geometry": {
    "type": "Point",
    "coordinates": [
     3.07633,
     50.63025
    ]
   },
   "properties": {
    "id": "n59q8p",
    "name": "Station Piano — Lille Flandres",
    "city": "Lille",
    "region": "Hauts-de-France",
    "access": "public",
    "status": "active",
    "notes": "1 sighting(s) on pianos.pub\nPublic piano at 59000, Lille-Centre, France. It is currently reported available. See its exact map, photos, 1 sighting, and community reports.",
    "sources": [
     {
      "source": "pianos.pub",
      "ref": "58vgbkduhxj4"
     }
    ],
    "url": "https://openpianos.net/piano/n59q8p",
    "created_at": "2026-08-27T15:23:36.130Z",
    "updated_at": "2026-08-27T15:23:36.130Z",
    "last_verified_at": null
   }
  },
  {
   "type": "Feature",
   "geometry": {
    "type": "Point",
    "coordinates": [
     -8.62468,
     52.65888
    ]
   },
   "properties": {
    "id": "39f0v7",
    "name": "Public piano — Limerick Colbert station",
    "city": "Limerick",
    "access": "public",
    "status": "active",
    "notes": "1 sighting(s) on pianos.pub\nPublic piano at Limerick Colbert station, Parnell Street, Ireland. It is currently reported available. See its exact map, photos, 1 sighting, and community…",
    "sources": [
     {
      "source": "pianos.pub",
      "ref": "7skx868fv38e"
     }
    ],
    "url": "https://openpianos.net/piano/39f0v7",
    "created_at": "2026-08-27T15:23:18.266Z",
    "updated_at": "2026-08-27T15:23:18.266Z",
    "last_verified_at": null
   }
  },
  {
   "type": "Feature",
   "geometry": {
    "type": "Point",
    "coordinates": [
     1.26716,
     45.83622
    ]
   },
   "properties": {
    "id": "bparkq",
    "name": "SNCF station piano — Limoges Bénédictins",
    "city": "Limoges",
    "region": "Nouvelle-Aquitaine",
    "access": "public",
    "status": "active",
    "notes": "1 sighting(s) on pianos.pub\nPublic piano at 4 Place Maison Dieu, 87000 Limoges. It is currently reported available. See its exact map, photos, 1 sighting, and community reports.",
    "sources": [
     {
      "source": "pianos.pub",
      "ref": "mb6v4w2y6cqm"
     }
    ],
    "url": "https://openpianos.net/piano/bparkq",
    "created_at": "2026-08-27T15:23:29.406Z",
    "updated_at": "2026-08-27T15:23:29.406Z",
    "last_verified_at": null
   }
  },
  {
   "type": "Feature",
   "geometry": {
    "type": "Point",
    "coordinates": [
     -81.24862,
     42.98401
    ]
   },
   "properties": {
    "id": "zc428r",
    "name": "Dundas Place public piano",
    "city": "London",
    "region": "Ontario",
    "access": "public",
    "status": "active",
    "notes": "1 sighting(s) on pianos.pub\nPublic piano at Dundas Street between Richmond Street and Clarence Street, London ON. It is currently reported available. See its exact map, photos, 1…",
    "sources": [
     {
      "source": "pianos.pub",
      "ref": "2n53m57r9e59"
     }
    ],
    "url": "https://openpianos.net/piano/zc428r",
    "created_at": "2026-08-27T15:23:18.266Z",
    "updated_at": "2026-08-27T15:23:18.266Z",
    "last_verified_at": null
   }
  },
  {
   "type": "Feature",
   "geometry": {
    "type": "Point",
    "coordinates": [
     -81.33326,
     43.0016
    ]
   },
   "properties": {
    "id": "591w74",
    "name": "Hyde Park Village Green community piano",
    "city": "London",
    "region": "Ontario",
    "access": "public",
    "status": "active",
    "notes": "1 sighting(s) on pianos.pub\nPublic piano at 1695 Hyde Park Road, London ON N6H 5L7. It is currently reported available. See its exact map, photos, 1 sighting, and community reports.",
    "sources": [
     {
      "source": "pianos.pub",
      "ref": "qqtf9erpftcp"
     }
    ],
    "url": "https://openpianos.net/piano/591w74",
    "created_at": "2026-08-27T15:23:22.975Z",
    "updated_at": "2026-08-27T15:23:22.975Z",
    "last_verified_at": null
   }
  },
  {
   "type": "Feature",
   "geometry": {
    "type": "Point",
    "coordinates": [
     -118.12331,
     33.79449
    ]
   },
   "properties": {
    "id": "x85ffs",
    "name": "Third floor of the Sports Basement store",
    "city": "Long Beach",
    "region": "California",
    "access": "public",
    "status": "active",
    "notes": "1 sighting(s) on pianos.pub\nPublic piano at Sports Basement, Britton Drive, United States. It is currently reported available. See its exact map, photos, 1 sighting, and community reports.",
    "sources": [
     {
      "source": "pianos.pub",
      "ref": "n55uzum4zp2b"
     }
    ],
    "url": "https://openpianos.net/piano/x85ffs",
    "created_at": "2026-08-27T15:23:22.975Z",
    "updated_at": "2026-08-27T15:23:22.975Z",
    "last_verified_at": null
   }
  },
  {
   "type": "Feature",
   "geometry": {
    "type": "Point",
    "coordinates": [
     -118.42347,
     33.94327
    ]
   },
   "properties": {
    "id": "h81fwf",
    "name": "Terminal 7",
    "city": "Los Angeles",
    "region": "California",
    "access": "public",
    "status": "active",
    "notes": "1 sighting(s) on pianos.pub\nPublic piano at Los Angeles International Airport, Century Freeway, United States. It is currently reported available. See its exact map, photos, 1 sighting,…",
    "sources": [
     {
      "source": "pianos.pub",
      "ref": "3smwmd3fuph6"
     }
    ],
    "url": "https://openpianos.net/piano/h81fwf",
    "created_at": "2026-08-27T15:23:36.130Z",
    "updated_at": "2026-08-27T15:23:36.130Z",
    "last_verified_at": null
   }
  },
  {
   "type": "Feature",
   "geometry": {
    "type": "Point",
    "coordinates": [
     -0.37692,
     51.87944
    ]
   },
   "properties": {
    "id": "5zcvnr",
    "name": "London Luton Airport - Main Terminal Arrivals (Landside)",
    "city": "Luton",
    "region": "England",
    "access": "public",
    "status": "active",
    "notes": "1 sighting(s) on pianos.pub\nPublic piano at WHSmith, Private Road, United Kingdom. It is currently reported available. See its exact map, photos, 1 sighting, and community reports.",
    "sources": [
     {
      "source": "pianos.pub",
      "ref": "9u2qu7bcwc3m"
     }
    ],
    "url": "https://openpianos.net/piano/5zcvnr",
    "created_at": "2026-08-27T15:23:20.513Z",
    "updated_at": "2026-08-27T15:23:20.513Z",
    "last_verified_at": null
   }
  },
  {
   "type": "Feature",
   "geometry": {
    "type": "Point",
    "coordinates": [
     4.85107,
     45.74588
    ]
   },
   "properties": {
    "id": "v917dj",
    "name": "Public piano — Parc Blandan",
    "city": "Lyon",
    "region": "Auvergne-Rhône-Alpes",
    "access": "public",
    "status": "active",
    "notes": "1 sighting(s) on pianos.pub\nPublic piano at Parc Blandan, 37 rue du Repos, France. It is currently reported unavailable. See its exact map, photos, 1 sighting, and community reports.",
    "sources": [
     {
      "source": "pianos.pub",
      "ref": "pjq8yg5da3ey"
     }
    ],
    "url": "https://openpianos.net/piano/v917dj",
    "created_at": "2026-08-27T15:23:22.975Z",
    "updated_at": "2026-08-27T15:23:22.975Z",
    "last_verified_at": null
   }
  },
  {
   "type": "Feature",
   "geometry": {
    "type": "Point",
    "coordinates": [
     4.85939,
     45.76037
    ]
   },
   "properties": {
    "id": "mrfm10",
    "name": "SNCF station piano — Lyon Part Dieu",
    "city": "Lyon",
    "region": "Auvergne-Rhône-Alpes",
    "access": "public",
    "status": "active",
    "notes": "1 sighting(s) on pianos.pub\nPublic piano at 5 Place Charles Béraudier, 69003 Lyon. It is currently reported available. See its exact map, photos, 1 sighting, and community reports.",
    "sources": [
     {
      "source": "pianos.pub",
      "ref": "esp896xa5j3w"
     }
    ],
    "url": "https://openpianos.net/piano/mrfm10",
    "created_at": "2026-08-27T15:23:29.406Z",
    "updated_at": "2026-08-27T15:23:29.406Z",
    "last_verified_at": null
   }
  },
  {
   "type": "Feature",
   "geometry": {
    "type": "Point",
    "coordinates": [
     4.82572,
     45.74862
    ]
   },
   "properties": {
    "id": "0fdtnh",
    "name": "SNCF station piano — Lyon Perrache",
    "city": "Lyon",
    "region": "Auvergne-Rhône-Alpes",
    "access": "public",
    "status": "active",
    "notes": "1 sighting(s) on pianos.pub\nPublic piano at 14 Cours de Verdun, 69002 Lyon. It is currently reported available. See its exact map, photos, 1 sighting, and community reports.",
    "sources": [
     {
      "source": "pianos.pub",
      "ref": "z93nej4e5bgc"
     }
    ],
    "url": "https://openpianos.net/piano/0fdtnh",
    "created_at": "2026-08-27T15:23:31.811Z",
    "updated_at": "2026-08-27T15:23:31.811Z",
    "last_verified_at": null
   }
  },
  {
   "type": "Feature",
   "geometry": {
    "type": "Point",
    "coordinates": [
     4.82709,
     45.7661
    ]
   },
   "properties": {
    "id": "rjkk73",
    "name": "SNCF station piano — Lyon Saint-Paul",
    "city": "Lyon",
    "region": "Auvergne-Rhône-Alpes",
    "access": "public",
    "status": "active",
    "notes": "1 sighting(s) on pianos.pub\nPublic piano at 11 bis Place Saint-Paul, 69005 Lyon. It is currently reported available. See its exact map, photos, 1 sighting, and community reports.",
    "sources": [
     {
      "source": "pianos.pub",
      "ref": "g67ua4ykc7rf"
     }
    ],
    "url": "https://openpianos.net/piano/rjkk73",
    "created_at": "2026-08-27T15:23:29.406Z",
    "updated_at": "2026-08-27T15:23:29.406Z",
    "last_verified_at": null
   }
  },
  {
   "type": "Feature",
   "geometry": {
    "type": "Point",
    "coordinates": [
     5.70525,
     50.85018
    ]
   },
   "properties": {
    "id": "pm1y66",
    "name": "NS station piano — Maastricht",
    "city": "Maastricht",
    "region": "Limburg",
    "access": "public",
    "status": "active",
    "notes": "1 sighting(s) on pianos.pub\nPublic piano at Stationsplein 27, 6221 BT Maastricht. It is currently reported available. See its exact map, photos, 1 sighting, and community reports.",
    "sources": [
     {
      "source": "pianos.pub",
      "ref": "97zeph52zrm4"
     }
    ],
    "url": "https://openpianos.net/piano/pm1y66",
    "created_at": "2026-08-27T15:23:27.028Z",
    "updated_at": "2026-08-27T15:23:27.028Z",
    "last_verified_at": null
   }
  },
  {
   "type": "Feature",
   "geometry": {
    "type": "Point",
    "coordinates": [
     -3.71061,
     40.42738
    ]
   },
   "properties": {
    "id": "2c6091",
    "name": "Víctor Espinós individual piano room 1",
    "city": "Madrid",
    "region": "Comunidad de Madrid",
    "access": "public",
    "status": "active",
    "notes": "1 sighting(s) on pianos.pub\nPublic piano at Centro Cultural Conde Duque, floor 2 north courtyard, 28015 Madrid. It is currently reported available. See its exact map, photos, 1 sighting,…",
    "sources": [
     {
      "source": "pianos.pub",
      "ref": "3sg7uj4re7ww"
     }
    ],
    "url": "https://openpianos.net/piano/2c6091",
    "created_at": "2026-08-27T15:23:27.028Z",
    "updated_at": "2026-08-27T15:23:27.028Z",
    "last_verified_at": null
   }
  },
  {
   "type": "Feature",
   "geometry": {
    "type": "Point",
    "coordinates": [
     -1.26937,
     49.65476
    ]
   },
   "properties": {
    "id": "ms6gqw",
    "name": "SNCF station piano — Le Mans",
    "city": "Manche",
    "region": "Normandie",
    "access": "public",
    "status": "active",
    "notes": "1 sighting(s) on pianos.pub\nPublic piano at Place du 8 Mai 1945, 72000 Le Mans. It is currently reported available. See its exact map, photos, 1 sighting, and community reports.",
    "sources": [
     {
      "source": "pianos.pub",
      "ref": "q3s6brf33pbe"
     }
    ],
    "url": "https://openpianos.net/piano/ms6gqw",
    "created_at": "2026-08-27T15:23:29.406Z",
    "updated_at": "2026-08-27T15:23:29.406Z",
    "last_verified_at": null
   }
  },
  {
   "type": "Feature",
   "geometry": {
    "type": "Point",
    "coordinates": [
     -76.39443,
     40.16396
    ]
   },
   "properties": {
    "id": "4yrg3b",
    "name": "Keys for the City — Manheim Mini Park",
    "city": "Manheim",
    "region": "Pennsylvania",
    "access": "public",
    "status": "active",
    "notes": "1 sighting(s) on pianos.pub\nPublic piano at 15 E High Street, Manheim PA 17545. It is currently reported available. See its exact map, photos, 1 sighting, and community reports.",
    "sources": [
     {
      "source": "pianos.pub",
      "ref": "acys9r9dndy8"
     }
    ],
    "url": "https://openpianos.net/piano/4yrg3b",
    "created_at": "2026-08-27T15:23:20.513Z",
    "updated_at": "2026-08-27T15:23:20.513Z",
    "last_verified_at": null
   }
  },
  {
   "type": "Feature",
   "geometry": {
    "type": "Point",
    "coordinates": [
     -76.3081,
     40.05455
    ]
   },
   "properties": {
    "id": "mn61s0",
    "name": "Keys for the City — Lancaster Amtrak",
    "city": "Manheim Township",
    "region": "Pennsylvania",
    "access": "public",
    "status": "active",
    "notes": "1 sighting(s) on pianos.pub\nPublic piano at 53 McGovern Avenue, Lancaster PA 17602. It is currently reported available. See its exact map, photos, 1 sighting, and community reports.",
    "sources": [
     {
      "source": "pianos.pub",
      "ref": "pska4q6t5wux"
     }
    ],
    "url": "https://openpianos.net/piano/mn61s0",
    "created_at": "2026-08-27T15:23:22.975Z",
    "updated_at": "2026-08-27T15:23:22.975Z",
    "last_verified_at": null
   }
  },
  {
   "type": "Feature",
   "geometry": {
    "type": "Point",
    "coordinates": [
     3.5224,
     50.34195
    ]
   },
   "properties": {
    "id": "ttnmc9",
    "name": "Station Piano — Valenciennes",
    "city": "Marly",
    "region": "Hauts-de-France",
    "access": "public",
    "status": "active",
    "notes": "1 sighting(s) on pianos.pub\nPublic piano at 59300, Marly, France. It is currently reported available. See its exact map, photos, 1 sighting, and community reports.",
    "sources": [
     {
      "source": "pianos.pub",
      "ref": "xr6b99gbd2wy"
     }
    ],
    "url": "https://openpianos.net/piano/ttnmc9",
    "created_at": "2026-08-27T15:23:38.111Z",
    "updated_at": "2026-08-27T15:23:38.111Z",
    "last_verified_at": null
   }
  },
  {
   "type": "Feature",
   "geometry": {
    "type": "Point",
    "coordinates": [
     3.99832,
     49.21466
    ]
   },
   "properties": {
    "id": "btejr5",
    "name": "SNCF station piano — Champagne-Ardenne TGV",
    "city": "Marne",
    "region": "Grand Est",
    "access": "public",
    "status": "active",
    "notes": "1 sighting(s) on pianos.pub\nPublic piano at Rond-Point de l’Europe, 51430 Bezannes. It is currently reported available. See its exact map, photos, 1 sighting, and community reports.",
    "sources": [
     {
      "source": "pianos.pub",
      "ref": "kyfembg34e3p"
     }
    ],
    "url": "https://openpianos.net/piano/btejr5",
    "created_at": "2026-08-27T15:23:29.406Z",
    "updated_at": "2026-08-27T15:23:29.406Z",
    "last_verified_at": null
   }
  },
  {
   "type": "Feature",
   "geometry": {
    "type": "Point",
    "coordinates": [
     4.04145,
     49.16684
    ]
   },
   "properties": {
    "id": "kfvq6q",
    "name": "SNCF station piano — Reims",
    "city": "Marne",
    "region": "Grand Est",
    "access": "public",
    "status": "active",
    "notes": "1 sighting(s) on pianos.pub\nPublic piano at Place de la Gare, 51100 Reims. It is currently reported available. See its exact map, photos, 1 sighting, and community reports.",
    "sources": [
     {
      "source": "pianos.pub",
      "ref": "zymptx96r7hk"
     }
    ],
    "url": "https://openpianos.net/piano/kfvq6q",
    "created_at": "2026-08-27T15:23:31.811Z",
    "updated_at": "2026-08-27T15:23:31.811Z",
    "last_verified_at": null
   }
  },
  {
   "type": "Feature",
   "geometry": {
    "type": "Point",
    "coordinates": [
     3.99013,
     49.23005
    ]
   },
   "properties": {
    "id": "b2j1jj",
    "name": "Station Piano — Champagne-Ardenne TGV",
    "city": "Marne",
    "region": "Grand Est",
    "access": "public",
    "status": "active",
    "notes": "1 sighting(s) on pianos.pub\nPublic piano at 51430, Bezannes, France. It is currently reported available. See its exact map, photos, 1 sighting, and community reports.",
    "sources": [
     {
      "source": "pianos.pub",
      "ref": "3uvg5ztxz7ck"
     }
    ],
    "url": "https://openpianos.net/piano/b2j1jj",
    "created_at": "2026-08-27T15:23:36.130Z",
    "updated_at": "2026-08-27T15:23:36.130Z",
    "last_verified_at": null
   }
  },
  {
   "type": "Feature",
   "geometry": {
    "type": "Point",
    "coordinates": [
     5.38163,
     43.30248
    ]
   },
   "properties": {
    "id": "q84mfw",
    "name": "SNCF station piano — Marseille Saint-Charles",
    "city": "Marseille",
    "region": "Provence-Alpes-Côte d'Azur",
    "access": "public",
    "status": "active",
    "notes": "1 sighting(s) on pianos.pub\nPublic piano at Square Narvik, 13001 Marseille. It is currently reported available. See its exact map, photos, 1 sighting, and community reports.",
    "sources": [
     {
      "source": "pianos.pub",
      "ref": "mt64tmpw92u9"
     }
    ],
    "url": "https://openpianos.net/piano/q84mfw",
    "created_at": "2026-08-27T15:23:29.406Z",
    "updated_at": "2026-08-27T15:23:29.406Z",
    "last_verified_at": null
   }
  },
  {
   "type": "Feature",
   "geometry": {
    "type": "Point",
    "coordinates": [
     5.38372,
     43.30601
    ]
   },
   "properties": {
    "id": "865v26",
    "name": "Station Piano — Marseille Saint Charles",
    "city": "Marseille",
    "region": "Provence-Alpes-Côte d'Azur",
    "access": "public",
    "status": "active",
    "notes": "1 sighting(s) on pianos.pub\nPublic piano at 13001, Marseille 3e Arrondissement, France. It is currently reported available. See its exact map, photos, 1 sighting, and community reports.",
    "sources": [
     {
      "source": "pianos.pub",
      "ref": "526ctk624v54"
     }
    ],
    "url": "https://openpianos.net/piano/865v26",
    "created_at": "2026-08-27T15:23:36.130Z",
    "updated_at": "2026-08-27T15:23:36.130Z",
    "last_verified_at": null
   }
  },
  {
   "type": "Feature",
   "geometry": {
    "type": "Point",
    "coordinates": [
     2.26202,
     48.72594
    ]
   },
   "properties": {
    "id": "2bqwpp",
    "name": "SNCF station piano — Massy TGV",
    "city": "Massy",
    "region": "Île-de-France",
    "access": "public",
    "status": "active",
    "notes": "1 sighting(s) on pianos.pub\nPublic piano at 38 Avenue Carnot, 91300 Massy. It is currently reported available. See its exact map, photos, 1 sighting, and community reports.",
    "sources": [
     {
      "source": "pianos.pub",
      "ref": "268g9gpufp5r"
     }
    ],
    "url": "https://openpianos.net/piano/2bqwpp",
    "created_at": "2026-08-27T15:23:27.028Z",
    "updated_at": "2026-08-27T15:23:27.028Z",
    "last_verified_at": null
   }
  },
  {
   "type": "Feature",
   "geometry": {
    "type": "Point",
    "coordinates": [
     -88.72101,
     40.74303
    ]
   },
   "properties": {
    "id": "3nfn26",
    "name": "Chenoa Public Library electronic piano",
    "city": "McLean County",
    "region": "Illinois",
    "access": "public",
    "status": "active",
    "notes": "1 sighting(s) on pianos.pub\nPublic piano at Chenoa Public Library, 230 South Green Street, United States. It is currently reported available. See its exact map, photos, 1 sighting, and…",
    "sources": [
     {
      "source": "pianos.pub",
      "ref": "xb6dqeqe6gnt"
     }
    ],
    "url": "https://openpianos.net/piano/3nfn26",
    "created_at": "2026-08-27T15:23:25.058Z",
    "updated_at": "2026-08-27T15:23:25.058Z",
    "last_verified_at": null
   }
  },
  {
   "type": "Feature",
   "geometry": {
    "type": "Point",
    "coordinates": [
     -72.99752,
     40.82772
    ]
   },
   "properties": {
    "id": "wn8w9x",
    "name": "Medford Branch North+South Rooms piano",
    "city": "Medford",
    "region": "New York",
    "access": "public",
    "status": "active",
    "notes": "1 sighting(s) on pianos.pub\nPublic piano at 2151 Horseblock Road, Medford NY 11763. It is currently reported available. See its exact map, photos, 1 sighting, and community reports.",
    "sources": [
     {
      "source": "pianos.pub",
      "ref": "jgrfbbvn2vum"
     }
    ],
    "url": "https://openpianos.net/piano/wn8w9x",
    "created_at": "2026-08-27T15:23:20.513Z",
    "updated_at": "2026-08-27T15:23:20.513Z",
    "last_verified_at": null
   }
  },
  {
   "type": "Feature",
   "geometry": {
    "type": "Point",
    "coordinates": [
     145.10529,
     -37.82072
    ]
   },
   "properties": {
    "id": "8wbhfc",
    "name": "Mont Albert Heritage Plaza Pop-Up Piano",
    "city": "Melbourne",
    "region": "Victoria",
    "access": "public",
    "status": "active",
    "notes": "1 sighting(s) on pianos.pub\nPublic piano at 18-20, Hamilton Street, Australia. It is currently reported available. See its exact map, photos, 1 sighting, and community reports.",
    "sources": [
     {
      "source": "pianos.pub",
      "ref": "4eyrjy762md7"
     }
    ],
    "url": "https://openpianos.net/piano/8wbhfc",
    "created_at": "2026-08-27T15:23:36.130Z",
    "updated_at": "2026-08-27T15:23:36.130Z",
    "last_verified_at": null
   }
  },
  {
   "type": "Feature",
   "geometry": {
    "type": "Point",
    "coordinates": [
     145.05298,
     -37.93718
    ]
   },
   "properties": {
    "id": "sf0n65",
    "name": "St Catherine's Parish Pop-Up Piano",
    "city": "Melbourne",
    "region": "Victoria",
    "access": "public",
    "status": "active",
    "notes": "1 sighting(s) on pianos.pub\nPublic piano at 4, Buchan Street, Australia. It is currently reported available. See its exact map, photos, 1 sighting, and community reports.",
    "sources": [
     {
      "source": "pianos.pub",
      "ref": "m763mhwuytg5"
     }
    ],
    "url": "https://openpianos.net/piano/sf0n65",
    "created_at": "2026-08-27T15:23:38.111Z",
    "updated_at": "2026-08-27T15:23:38.111Z",
    "last_verified_at": null
   }
  },
  {
   "type": "Feature",
   "geometry": {
    "type": "Point",
    "coordinates": [
     138.18699,
     -32.82636
    ]
   },
   "properties": {
    "id": "jjrf57",
    "name": "Melrose Pop-Up Piano",
    "city": "Melrose",
    "region": "South Australia",
    "access": "public",
    "status": "active",
    "notes": "1 sighting(s) on pianos.pub\nPublic piano at Melrose CPA, 3, Australia. It is currently reported available. See its exact map, photos, 1 sighting, and community reports.",
    "sources": [
     {
      "source": "pianos.pub",
      "ref": "3afu7s6vktpu"
     }
    ],
    "url": "https://openpianos.net/piano/jjrf57",
    "created_at": "2026-08-27T15:23:34.036Z",
    "updated_at": "2026-08-27T15:23:34.036Z",
    "last_verified_at": null
   }
  },
  {
   "type": "Feature",
   "geometry": {
    "type": "Point",
    "coordinates": [
     6.89755,
     47.58587
    ]
   },
   "properties": {
    "id": "t5233t",
    "name": "SNCF station piano — Belfort–Montbéliard TGV",
    "city": "Meroux-Moval",
    "region": "Bourgogne-Franche-Comté",
    "access": "public",
    "status": "active",
    "notes": "1 sighting(s) on pianos.pub\nPublic piano at Route Nationale 1019, 90400 Meroux. It is currently reported available. See its exact map, photos, 1 sighting, and community reports.",
    "sources": [
     {
      "source": "pianos.pub",
      "ref": "8pfdcc9cmpru"
     }
    ],
    "url": "https://openpianos.net/piano/t5233t",
    "created_at": "2026-08-27T15:23:27.028Z",
    "updated_at": "2026-08-27T15:23:27.028Z",
    "last_verified_at": null
   }
  },
  {
   "type": "Feature",
   "geometry": {
    "type": "Point",
    "coordinates": [
     6.88173,
     47.59494
    ]
   },
   "properties": {
    "id": "kt87a9",
    "name": "Station Piano — Belfort - Montbéliard TGV",
    "city": "Meroux-Moval",
    "region": "Bourgogne-Franche-Comté",
    "access": "public",
    "status": "active",
    "notes": "1 sighting(s) on pianos.pub\nPublic piano at 90400, Meroux, France. It is currently reported available. See its exact map, photos, 1 sighting, and community reports.",
    "sources": [
     {
      "source": "pianos.pub",
      "ref": "uwse2q85urfr"
     }
    ],
    "url": "https://openpianos.net/piano/kt87a9",
    "created_at": "2026-08-27T15:23:38.111Z",
    "updated_at": "2026-08-27T15:23:38.111Z",
    "last_verified_at": null
   }
  },
  {
   "type": "Feature",
   "geometry": {
    "type": "Point",
    "coordinates": [
     9.18926,
     45.4499
    ]
   },
   "properties": {
    "id": "dyvrmm",
    "name": "Bocconi University public piano",
    "city": "Milano",
    "region": "Lombardia",
    "access": "public",
    "status": "active",
    "notes": "1 sighting(s) on pianos.pub\nPublic piano at Bocconi University, Via Roberto Sarfatti 25, Italy. It is currently reported available. See its exact map, photos, 1 sighting, and community…",
    "sources": [
     {
      "source": "pianos.pub",
      "ref": "yf3jmx5m7p43"
     }
    ],
    "url": "https://openpianos.net/piano/dyvrmm",
    "created_at": "2026-08-27T15:23:25.058Z",
    "updated_at": "2026-08-27T15:23:25.058Z",
    "last_verified_at": null
   }
  },
  {
   "type": "Feature",
   "geometry": {
    "type": "Point",
    "coordinates": [
     142.16066,
     -34.18488
    ]
   },
   "properties": {
    "id": "hakbf3",
    "name": "Mildura City Heart Pop-Up Piano",
    "city": "Mildura",
    "region": "Victoria",
    "access": "public",
    "status": "active",
    "notes": "1 sighting(s) on pianos.pub\nPublic piano at Langtree Mall, Mildura, Australia. It is currently reported available. See its exact map, photos, 1 sighting, and community reports.",
    "sources": [
     {
      "source": "pianos.pub",
      "ref": "hdx2bpxtuktt"
     }
    ],
    "url": "https://openpianos.net/piano/hakbf3",
    "created_at": "2026-08-27T15:23:36.130Z",
    "updated_at": "2026-08-27T15:23:36.130Z",
    "last_verified_at": null
   }
  },
  {
   "type": "Feature",
   "geometry": {
    "type": "Point",
    "coordinates": [
     -122.22078,
     47.86132
    ]
   },
   "properties": {
    "id": "q9q1ny",
    "name": "Pianos on Main — Artisan Custom Framing",
    "city": "Mill Creek",
    "region": "Washington",
    "access": "public",
    "status": "active",
    "notes": "1 sighting(s) on pianos.pub\nPublic piano at 15118 Main Street, Mill Creek WA 98012. It is currently reported available. See its exact map, photos, 1 sighting, and community reports.",
    "sources": [
     {
      "source": "pianos.pub",
      "ref": "hjfdj6qb7vbz"
     }
    ],
    "url": "https://openpianos.net/piano/q9q1ny",
    "created_at": "2026-08-27T15:23:20.513Z",
    "updated_at": "2026-08-27T15:23:20.513Z",
    "last_verified_at": null
   }
  },
  {
   "type": "Feature",
   "geometry": {
    "type": "Point",
    "coordinates": [
     -122.22072,
     47.85636
    ]
   },
   "properties": {
    "id": "pthfp3",
    "name": "Pianos on Main — The Jewelry Source",
    "city": "Mill Creek",
    "region": "Washington",
    "access": "public",
    "status": "active",
    "notes": "1 sighting(s) on pianos.pub\nPublic piano at 15603 Main Street, Mill Creek WA 98012. It is currently reported available. See its exact map, photos, 1 sighting, and community reports.",
    "sources": [
     {
      "source": "pianos.pub",
      "ref": "hu9ps5wtvxar"
     }
    ],
    "url": "https://openpianos.net/piano/pthfp3",
    "created_at": "2026-08-27T15:23:20.513Z",
    "updated_at": "2026-08-27T15:23:20.513Z",
    "last_verified_at": null
   }
  },
  {
   "type": "Feature",
   "geometry": {
    "type": "Point",
    "coordinates": [
     -76.35862,
     40.00068
    ]
   },
   "properties": {
    "id": "eaxnyn",
    "name": "Keys for the City — Winter Center",
    "city": "Millersville",
    "region": "Pennsylvania",
    "access": "public",
    "status": "active",
    "notes": "1 sighting(s) on pianos.pub\nPublic piano at 60 W Cottage Avenue, Millersville PA 17551. It is currently reported available. See its exact map, photos, 1 sighting, and community reports.",
    "sources": [
     {
      "source": "pianos.pub",
      "ref": "cmyet9xv759j"
     }
    ],
    "url": "https://openpianos.net/piano/eaxnyn",
    "created_at": "2026-08-27T15:23:20.513Z",
    "updated_at": "2026-08-27T15:23:20.513Z",
    "last_verified_at": null
   }
  },
  {
   "type": "Feature",
   "geometry": {
    "type": "Point",
    "coordinates": [
     7.42033,
     43.73783
    ]
   },
   "properties": {
    "id": "mwf8bq",
    "name": "SNCF station piano — Monaco–Monte-Carlo Hall Fontvieille",
    "city": "Monaco",
    "access": "public",
    "status": "active",
    "notes": "1 sighting(s) on pianos.pub\nPublic piano at Pont Sainte Dévote, 98000 Monaco. It is currently reported available. See its exact map, photos, 1 sighting, and community reports.",
    "sources": [
     {
      "source": "pianos.pub",
      "ref": "jgby4ectrsd9"
     }
    ],
    "url": "https://openpianos.net/piano/mwf8bq",
    "created_at": "2026-08-27T15:23:29.406Z",
    "updated_at": "2026-08-27T15:23:29.406Z",
    "last_verified_at": null
   }
  },
  {
   "type": "Feature",
   "geometry": {
    "type": "Point",
    "coordinates": [
     1.3415,
     44.01439
    ]
   },
   "properties": {
    "id": "9cmgb1",
    "name": "Self-service public piano — Montauban Ville Bourbon",
    "city": "Montauban",
    "region": "Occitanie",
    "access": "public",
    "status": "active",
    "notes": "1 sighting(s) on pianos.pub\nPublic piano at Montauban Ville Bourbon railway station, Montauban, France. It is currently reported available. See its exact map, photos, 1 sighting, and…",
    "sources": [
     {
      "source": "pianos.pub",
      "ref": "px65zfuae5rn"
     }
    ],
    "url": "https://openpianos.net/piano/9cmgb1",
    "created_at": "2026-08-27T15:23:22.975Z",
    "updated_at": "2026-08-27T15:23:22.975Z",
    "last_verified_at": null
   }
  },
  {
   "type": "Feature",
   "geometry": {
    "type": "Point",
    "coordinates": [
     1.3641,
     44.02228
    ]
   },
   "properties": {
    "id": "we43ky",
    "name": "Station Piano — Montauban Ville Bourbon",
    "city": "Montauban",
    "region": "Occitanie",
    "access": "public",
    "status": "active",
    "notes": "1 sighting(s) on pianos.pub\nPublic piano at 82000, Montauban, France. It is currently reported available. See its exact map, photos, 1 sighting, and community reports.",
    "sources": [
     {
      "source": "pianos.pub",
      "ref": "5e4qjr3zbndz"
     }
    ],
    "url": "https://openpianos.net/piano/we43ky",
    "created_at": "2026-08-27T15:23:36.130Z",
    "updated_at": "2026-08-27T15:23:36.130Z",
    "last_verified_at": null
   }
  },
  {
   "type": "Feature",
   "geometry": {
    "type": "Point",
    "coordinates": [
     3.88041,
     43.60501
    ]
   },
   "properties": {
    "id": "78xgec",
    "name": "SNCF station piano — Montpellier Saint-Roch",
    "city": "Montpellier",
    "region": "Occitanie",
    "access": "public",
    "status": "active",
    "notes": "1 sighting(s) on pianos.pub\nPublic piano at Place Auguste Gibert, 34000 Montpellier. It is currently reported available. See its exact map, photos, 1 sighting, and community reports.",
    "sources": [
     {
      "source": "pianos.pub",
      "ref": "ttvcs8burbnz"
     }
    ],
    "url": "https://openpianos.net/piano/78xgec",
    "created_at": "2026-08-27T15:23:31.811Z",
    "updated_at": "2026-08-27T15:23:31.811Z",
    "last_verified_at": null
   }
  },
  {
   "type": "Feature",
   "geometry": {
    "type": "Point",
    "coordinates": [
     3.92462,
     43.59479
    ]
   },
   "properties": {
    "id": "627e6n",
    "name": "Self-service public piano — Montpellier Sud de France",
    "city": "Montpellier",
    "region": "Occitanie",
    "access": "public",
    "status": "active",
    "notes": "1 sighting(s) on pianos.pub\nPublic piano at Montpellier Sud de France railway station, Montpellier, France. It is currently reported available. See its exact map, photos, 1 sighting, and…",
    "sources": [
     {
      "source": "pianos.pub",
      "ref": "zfq8pgyd5z9h"
     }
    ],
    "url": "https://openpianos.net/piano/627e6n",
    "created_at": "2026-08-27T15:23:25.058Z",
    "updated_at": "2026-08-27T15:23:25.058Z",
    "last_verified_at": null
   }
  },
  {
   "type": "Feature",
   "geometry": {
    "type": "Point",
    "coordinates": [
     3.88465,
     43.60817
    ]
   },
   "properties": {
    "id": "f44s4v",
    "name": "Station Piano — Montpellier Sud de France",
    "city": "Montpellier",
    "region": "Occitanie",
    "access": "public",
    "status": "active",
    "notes": "1 sighting(s) on pianos.pub\nPublic piano at 34000, Centre, France. It is currently reported available. See its exact map, photos, 1 sighting, and community reports.",
    "sources": [
     {
      "source": "pianos.pub",
      "ref": "52p753gyd8mk"
     }
    ],
    "url": "https://openpianos.net/piano/f44s4v",
    "created_at": "2026-08-27T15:23:36.130Z",
    "updated_at": "2026-08-27T15:23:36.130Z",
    "last_verified_at": null
   }
  },
  {
   "type": "Feature",
   "geometry": {
    "type": "Point",
    "coordinates": [
     -73.56629,
     45.528
    ]
   },
   "properties": {
    "id": "8mkx88",
    "name": "Avenue Émile-Duployé public piano",
    "city": "Montréal",
    "region": "Québec",
    "access": "public",
    "status": "active",
    "notes": "1 sighting(s) on pianos.pub\nPublic piano at Avenue Émile-Duployé, Parc La Fontaine, Montréal QC. It is currently reported available. See its exact map, photos, 1 sighting, and community…",
    "sources": [
     {
      "source": "pianos.pub",
      "ref": "q83zf6475m2b"
     }
    ],
    "url": "https://openpianos.net/piano/8mkx88",
    "created_at": "2026-08-27T15:23:29.406Z",
    "updated_at": "2026-08-27T15:23:29.406Z",
    "last_verified_at": null
   }
  },
  {
   "type": "Feature",
   "geometry": {
    "type": "Point",
    "coordinates": [
     -73.51906,
     45.5802
    ]
   },
   "properties": {
    "id": "sar98f",
    "name": "Avenue Émile-Duployé public piano",
    "city": "Montréal",
    "region": "Québec",
    "access": "public",
    "status": "active",
    "notes": "1 sighting(s) on pianos.pub\nPublic piano at Avenue Émile-Duployé, Parc La Fontaine, Montréal QC. It is currently reported available. See its exact map, photos, 1 sighting, and community…",
    "sources": [
     {
      "source": "pianos.pub",
      "ref": "va6vxmpbrz4s"
     }
    ],
    "url": "https://openpianos.net/piano/sar98f",
    "created_at": "2026-08-27T15:23:22.975Z",
    "updated_at": "2026-08-27T15:23:22.975Z",
    "last_verified_at": null
   }
  },
  {
   "type": "Feature",
   "geometry": {
    "type": "Point",
    "coordinates": [
     -73.60174,
     45.52162
    ]
   },
   "properties": {
    "id": "pw0sen",
    "name": "Bibliothèque Mordecai-Richler public piano",
    "city": "Montréal",
    "region": "Québec",
    "access": "public",
    "status": "active",
    "notes": "1 sighting(s) on pianos.pub\nPublic piano at 5434 avenue du Parc, Montréal QC H2V 4G7. It is currently reported available. See its exact map, photos, 1 sighting, and community reports.",
    "sources": [
     {
      "source": "pianos.pub",
      "ref": "cfe26tcgryz2"
     }
    ],
    "url": "https://openpianos.net/piano/pw0sen",
    "created_at": "2026-08-27T15:23:27.028Z",
    "updated_at": "2026-08-27T15:23:27.028Z",
    "last_verified_at": null
   }
  },
  {
   "type": "Feature",
   "geometry": {
    "type": "Point",
    "coordinates": [
     -73.57596,
     45.53976
    ]
   },
   "properties": {
    "id": "83v230",
    "name": "Centre du Plateau public piano",
    "city": "Montréal",
    "region": "Québec",
    "access": "public",
    "status": "active",
    "notes": "1 sighting(s) on pianos.pub\nPublic piano at 2275 boulevard Saint-Joseph E, Montréal QC H2H 1G4. It is currently reported available. See its exact map, photos, 1 sighting, and community…",
    "sources": [
     {
      "source": "pianos.pub",
      "ref": "7rz7z33qkh3t"
     }
    ],
    "url": "https://openpianos.net/piano/83v230",
    "created_at": "2026-08-27T15:23:27.028Z",
    "updated_at": "2026-08-27T15:23:27.028Z",
    "last_verified_at": null
   }
  },
  {
   "type": "Feature",
   "geometry": {
    "type": "Point",
    "coordinates": [
     -73.58569,
     45.53162
    ]
   },
   "properties": {
    "id": "70mcmw",
    "name": "Chalet du parc Sir-Wilfrid-Laurier public piano",
    "city": "Montréal",
    "region": "Québec",
    "access": "public",
    "status": "active",
    "notes": "1 sighting(s) on pianos.pub\nPublic piano at 1115 avenue Laurier E, Montréal QC H2J 1G8. It is currently reported available. See its exact map, photos, 1 sighting, and community reports.",
    "sources": [
     {
      "source": "pianos.pub",
      "ref": "n92p94anmamu"
     }
    ],
    "url": "https://openpianos.net/piano/70mcmw",
    "created_at": "2026-08-27T15:23:29.406Z",
    "updated_at": "2026-08-27T15:23:29.406Z",
    "last_verified_at": null
   }
  },
  {
   "type": "Feature",
   "geometry": {
    "type": "Point",
    "coordinates": [
     -73.78327,
     45.50477
    ]
   },
   "properties": {
    "id": "a1kgqy",
    "name": "Gerry-Robertson Community Centre public piano",
    "city": "Montréal",
    "region": "Québec",
    "access": "public",
    "status": "active",
    "notes": "1 sighting(s) on pianos.pub\nPublic piano at 9665 boulevard Gouin O, Montréal QC H8Y 1R4. It is currently reported available. See its exact map, photos, 1 sighting, and community reports.",
    "sources": [
     {
      "source": "pianos.pub",
      "ref": "8ugqpt8q85a2"
     }
    ],
    "url": "https://openpianos.net/piano/a1kgqy",
    "created_at": "2026-08-27T15:23:18.266Z",
    "updated_at": "2026-08-27T15:23:18.266Z",
    "last_verified_at": null
   }
  },
  {
   "type": "Feature",
   "geometry": {
    "type": "Point",
    "coordinates": [
     -73.56253,
     45.54495
    ]
   },
   "properties": {
    "id": "vqvz69",
    "name": "Indide Provigo in the second floor",
    "city": "Montréal",
    "region": "Québec",
    "access": "public",
    "status": "active",
    "notes": "1 sighting(s) on pianos.pub\nPublic piano at Starbucks, 2925, Canada. It is currently reported available. See its exact map, photos, 1 sighting, and community reports.",
    "sources": [
     {
      "source": "pianos.pub",
      "ref": "9rjwcj5ceme5"
     }
    ],
    "url": "https://openpianos.net/piano/vqvz69",
    "created_at": "2026-08-27T15:23:20.513Z",
    "updated_at": "2026-08-27T15:23:20.513Z",
    "last_verified_at": null
   }
  },
  {
   "type": "Feature",
   "geometry": {
    "type": "Point",
    "coordinates": [
     -73.58687,
     45.51741
    ]
   },
   "properties": {
    "id": "md1fes",
    "name": "Parc Jeanne-Mance public piano",
    "city": "Montréal",
    "region": "Québec",
    "access": "public",
    "status": "active",
    "notes": "1 sighting(s) on pianos.pub\nPublic piano at 4422 avenue de l’Esplanade, Montréal QC H2W 2N4. It is currently reported available. See its exact map, photos, 1 sighting, and community…",
    "sources": [
     {
      "source": "pianos.pub",
      "ref": "qwuey23vzm32"
     }
    ],
    "url": "https://openpianos.net/piano/md1fes",
    "created_at": "2026-08-27T15:23:31.811Z",
    "updated_at": "2026-08-27T15:23:31.811Z",
    "last_verified_at": null
   }
  },
  {
   "type": "Feature",
   "geometry": {
    "type": "Point",
    "coordinates": [
     -73.57196,
     45.53331
    ]
   },
   "properties": {
    "id": "zx0t3n",
    "name": "Parc des Compagnons-de-Saint-Laurent public piano",
    "city": "Montréal",
    "region": "Québec",
    "access": "public",
    "status": "active",
    "notes": "1 sighting(s) on pianos.pub\nPublic piano at 4375 rue Cartier, Montréal QC H2H 2N9. It is currently reported available. See its exact map, photos, 1 sighting, and community reports.",
    "sources": [
     {
      "source": "pianos.pub",
      "ref": "e3rxfpv72cv4"
     }
    ],
    "url": "https://openpianos.net/piano/zx0t3n",
    "created_at": "2026-08-27T15:23:29.406Z",
    "updated_at": "2026-08-27T15:23:29.406Z",
    "last_verified_at": null
   }
  },
  {
   "type": "Feature",
   "geometry": {
    "type": "Point",
    "coordinates": [
     -73.60806,
     45.51791
    ]
   },
   "properties": {
    "id": "32axfx",
    "name": "Piano numérique de la Bibliothèque Robert-Bourassa",
    "city": "Montréal",
    "region": "Québec",
    "access": "public",
    "status": "active",
    "notes": "1 sighting(s) on pianos.pub\nPublic piano at 41 avenue Saint-Just, Montréal, QC H2V 4T7. It is currently reported available. See its exact map, photos, 1 sighting, and community reports.",
    "sources": [
     {
      "source": "pianos.pub",
      "ref": "962gzgzf9d7k"
     }
    ],
    "url": "https://openpianos.net/piano/32axfx",
    "created_at": "2026-08-27T15:23:18.266Z",
    "updated_at": "2026-08-27T15:23:18.266Z",
    "last_verified_at": null
   }
  },
  {
   "type": "Feature",
   "geometry": {
    "type": "Point",
    "coordinates": [
     -73.60752,
     45.52101
    ]
   },
   "properties": {
    "id": "bnbs0b",
    "name": "Place Marcelle-Ferron public piano",
    "city": "Montréal",
    "region": "Québec",
    "access": "public",
    "status": "active",
    "notes": "1 sighting(s) on pianos.pub\nPublic piano at Avenue Bernard at avenue de l’Épée, Montréal QC H2V 1V4. It is currently reported available. See its exact map, photos, 1 sighting, and…",
    "sources": [
     {
      "source": "pianos.pub",
      "ref": "wxn4h8m9b5pr"
     }
    ],
    "url": "https://openpianos.net/piano/bnbs0b",
    "created_at": "2026-08-27T15:23:25.058Z",
    "updated_at": "2026-08-27T15:23:25.058Z",
    "last_verified_at": null
   }
  },
  {
   "type": "Feature",
   "geometry": {
    "type": "Point",
    "coordinates": [
     -73.59758,
     45.51746
    ]
   },
   "properties": {
    "id": "w3rney",
    "name": "Public Piano — Place Kate-McGarrigle",
    "city": "Montréal",
    "region": "Québec",
    "access": "public",
    "status": "active",
    "notes": "1 sighting(s) on pianos.pub\nPublic piano at Avenue Laurier Ouest near Avenue Querbes, Montréal, QC. It is currently reported available. See its exact map, photos, 1 sighting, and…",
    "sources": [
     {
      "source": "pianos.pub",
      "ref": "ax2dk3kzfus4"
     }
    ],
    "url": "https://openpianos.net/piano/w3rney",
    "created_at": "2026-08-27T15:23:27.028Z",
    "updated_at": "2026-08-27T15:23:27.028Z",
    "last_verified_at": null
   }
  },
  {
   "type": "Feature",
   "geometry": {
    "type": "Point",
    "coordinates": [
     7.3428,
     47.74249
    ]
   },
   "properties": {
    "id": "f15sxt",
    "name": "SNCF station piano — Mulhouse",
    "city": "Mulhouse",
    "region": "Grand Est",
    "access": "public",
    "status": "active",
    "notes": "1 sighting(s) on pianos.pub\nPublic piano at 14 Avenue du Général Leclerc, 68100 Mulhouse. It is currently reported available. See its exact map, photos, 1 sighting, and community reports.",
    "sources": [
     {
      "source": "pianos.pub",
      "ref": "r2f95zdhyj6s"
     }
    ],
    "url": "https://openpianos.net/piano/f15sxt",
    "created_at": "2026-08-27T15:23:31.811Z",
    "updated_at": "2026-08-27T15:23:31.811Z",
    "last_verified_at": null
   }
  },
  {
   "type": "Feature",
   "geometry": {
    "type": "Point",
    "coordinates": [
     152.00115,
     -26.67045
    ]
   },
   "properties": {
    "id": "sxttrd",
    "name": "Nanango Visitor Information Centre Pop-Up Piano",
    "city": "Nanango",
    "region": "Queensland",
    "access": "public",
    "status": "active",
    "notes": "1 sighting(s) on pianos.pub\nPublic piano at South Burnett Energy Centre, 41, Australia. It is currently reported available. See its exact map, photos, 1 sighting, and community reports.",
    "sources": [
     {
      "source": "pianos.pub",
      "ref": "3dx464udau2g"
     }
    ],
    "url": "https://openpianos.net/piano/sxttrd",
    "created_at": "2026-08-27T15:23:36.130Z",
    "updated_at": "2026-08-27T15:23:36.130Z",
    "last_verified_at": null
   }
  },
  {
   "type": "Feature",
   "geometry": {
    "type": "Point",
    "coordinates": [
     -1.56218,
     47.21119
    ]
   },
   "properties": {
    "id": "fb5a5e",
    "name": "Public piano — Médiathèque Jacques-Demy",
    "city": "Nantes",
    "region": "Pays de la Loire",
    "access": "public",
    "status": "active",
    "notes": "1 sighting(s) on pianos.pub\nPublic piano at Médiathèque Jacques-Demy, 24 quai de la Fosse, France. It is currently reported available. See its exact map, photos, 1 sighting, and…",
    "sources": [
     {
      "source": "pianos.pub",
      "ref": "5eg779zg6jhy"
     }
    ],
    "url": "https://openpianos.net/piano/fb5a5e",
    "created_at": "2026-08-27T15:23:18.266Z",
    "updated_at": "2026-08-27T15:23:18.266Z",
    "last_verified_at": null
   }
  },
  {
   "type": "Feature",
   "geometry": {
    "type": "Point",
    "coordinates": [
     -1.57409,
     47.26184
    ]
   },
   "properties": {
    "id": "rv5c0v",
    "name": "Public piano — Médiathèque Luce-Courville",
    "city": "Nantes",
    "region": "Pays de la Loire",
    "access": "public",
    "status": "active",
    "notes": "1 sighting(s) on pianos.pub\nPublic piano at Médiathèque Luce-Courville, 1 rue Eugène Thomas, France. It is currently reported available. See its exact map, photos, 1 sighting, and…",
    "sources": [
     {
      "source": "pianos.pub",
      "ref": "fhvj6u986484"
     }
    ],
    "url": "https://openpianos.net/piano/rv5c0v",
    "created_at": "2026-08-27T15:23:20.513Z",
    "updated_at": "2026-08-27T15:23:20.513Z",
    "last_verified_at": null
   }
  },
  {
   "type": "Feature",
   "geometry": {
    "type": "Point",
    "coordinates": [
     -1.53927,
     47.21822
    ]
   },
   "properties": {
    "id": "rvrdnn",
    "name": "SNCF station piano — Nantes",
    "city": "Nantes",
    "region": "Pays de la Loire",
    "access": "public",
    "status": "active",
    "notes": "1 sighting(s) on pianos.pub\nPublic piano at 27 Boulevard de Stalingrad, 44000 Nantes. It is currently reported available. See its exact map, photos, 1 sighting, and community reports.",
    "sources": [
     {
      "source": "pianos.pub",
      "ref": "q2u6rd8p42tt"
     }
    ],
    "url": "https://openpianos.net/piano/rvrdnn",
    "created_at": "2026-08-27T15:23:29.406Z",
    "updated_at": "2026-08-27T15:23:29.406Z",
    "last_verified_at": null
   }
  },
  {
   "type": "Feature",
   "geometry": {
    "type": "Point",
    "coordinates": [
     18.02593,
     40.18223
    ]
   },
   "properties": {
    "id": "4qhcnr",
    "name": "Se Dici Puglia Ristorante",
    "city": "Nardò",
    "region": "Puglia",
    "access": "public",
    "status": "active",
    "notes": "1 sighting(s) on pianos.pub\nPublic piano at Ristorante Se dici Puglia ristoriamo, Via Puglia, Italia. It is currently reported available. See its exact map, photos, 1 sighting, and…",
    "sources": [
     {
      "source": "pianos.pub",
      "ref": "q9pczfb8v8zp"
     }
    ],
    "url": "https://openpianos.net/piano/4qhcnr",
    "created_at": "2026-08-27T15:23:22.975Z",
    "updated_at": "2026-08-27T15:23:22.975Z",
    "last_verified_at": null
   }
  },
  {
   "type": "Feature",
   "geometry": {
    "type": "Point",
    "coordinates": [
     3.15123,
     46.98712
    ]
   },
   "properties": {
    "id": "jm25mc",
    "name": "SNCF station piano — Nevers",
    "city": "Nevers",
    "region": "Bourgogne-Franche-Comté",
    "access": "public",
    "status": "active",
    "notes": "1 sighting(s) on pianos.pub\nPublic piano at 10 Rue du Chemin de Fer, 58000 Nevers. It is currently reported available. See its exact map, photos, 1 sighting, and community reports.",
    "sources": [
     {
      "source": "pianos.pub",
      "ref": "wpchtts4cxkt"
     }
    ],
    "url": "https://openpianos.net/piano/jm25mc",
    "created_at": "2026-08-27T15:23:31.811Z",
    "updated_at": "2026-08-27T15:23:31.811Z",
    "last_verified_at": null
   }
  },
  {
   "type": "Feature",
   "geometry": {
    "type": "Point",
    "coordinates": [
     -74.01145,
     40.71154
    ]
   },
   "properties": {
    "id": "jnvpem",
    "name": "The Oculus off Fulton st and Church st found by @jden88keys",
    "city": "New York",
    "region": "New York",
    "access": "public",
    "status": "active",
    "notes": "1 sighting(s) on pianos.pub\nPublic piano at Kingdom Of Sweets, 185, United States. It is currently reported available. See its exact map, photos, 1 sighting, and community reports.",
    "sources": [
     {
      "source": "pianos.pub",
      "ref": "t5xj9d8u9y5h"
     }
    ],
    "url": "https://openpianos.net/piano/jnvpem",
    "created_at": "2026-08-27T15:23:22.975Z",
    "updated_at": "2026-08-27T15:23:22.975Z",
    "last_verified_at": null
   }
  },
  {
   "type": "Feature",
   "geometry": {
    "type": "Point",
    "coordinates": [
     -71.20695,
     42.34928
    ]
   },
   "properties": {
    "id": "bynfwv",
    "name": "Floral Symphony",
    "city": "Newton",
    "region": "Massachusetts",
    "access": "public",
    "status": "active",
    "notes": "1 sighting(s) on pianos.pub\nPublic piano at 345 Walnut Street, Newtonville MA 02460. It is currently reported available. See its exact map, photos, 1 sighting, and community reports.",
    "sources": [
     {
      "source": "pianos.pub",
      "ref": "wzguzcj8w6yq"
     }
    ],
    "url": "https://openpianos.net/piano/bynfwv",
    "created_at": "2026-08-27T15:23:25.058Z",
    "updated_at": "2026-08-27T15:23:25.058Z",
    "last_verified_at": null
   }
  },
  {
   "type": "Feature",
   "geometry": {
    "type": "Point",
    "coordinates": [
     -71.1854,
     42.35382
    ]
   },
   "properties": {
    "id": "b8d85z",
    "name": "Lightness",
    "city": "Newton",
    "region": "Massachusetts",
    "access": "public",
    "status": "active",
    "notes": "1 sighting(s) on pianos.pub\nPublic piano at 129 Church Street, Newton Corner MA 02458. It is currently reported available. See its exact map, photos, 1 sighting, and community reports.",
    "sources": [
     {
      "source": "pianos.pub",
      "ref": "ut2eh5jd25at"
     }
    ],
    "url": "https://openpianos.net/piano/b8d85z",
    "created_at": "2026-08-27T15:23:22.975Z",
    "updated_at": "2026-08-27T15:23:22.975Z",
    "last_verified_at": null
   }
  },
  {
   "type": "Feature",
   "geometry": {
    "type": "Point",
    "coordinates": [
     -71.22796,
     42.3494
    ]
   },
   "properties": {
    "id": "k1bqze",
    "name": "Lunar Life",
    "city": "Newton",
    "region": "Massachusetts",
    "access": "public",
    "status": "active",
    "notes": "1 sighting(s) on pianos.pub\nPublic piano at Washington Street at Cherry Street, West Newton MA 02465. It is currently reported available. See its exact map, photos, 1 sighting, and…",
    "sources": [
     {
      "source": "pianos.pub",
      "ref": "q5xnmcpu69yu"
     }
    ],
    "url": "https://openpianos.net/piano/k1bqze",
    "created_at": "2026-08-27T15:23:22.975Z",
    "updated_at": "2026-08-27T15:23:22.975Z",
    "last_verified_at": null
   }
  },
  {
   "type": "Feature",
   "geometry": {
    "type": "Point",
    "coordinates": [
     -71.20654,
     42.3258
    ]
   },
   "properties": {
    "id": "1evm5t",
    "name": "Pollinator Piano",
    "city": "Newton",
    "region": "Massachusetts",
    "access": "public",
    "status": "active",
    "notes": "1 sighting(s) on pianos.pub\nPublic piano at Walnut Street at Hyde Street, Newton Highlands MA 02461. It is currently reported available. See its exact map, photos, 1 sighting, and…",
    "sources": [
     {
      "source": "pianos.pub",
      "ref": "mjjdj3zg9pkb"
     }
    ],
    "url": "https://openpianos.net/piano/1evm5t",
    "created_at": "2026-08-27T15:23:20.513Z",
    "updated_at": "2026-08-27T15:23:20.513Z",
    "last_verified_at": null
   }
  },
  {
   "type": "Feature",
   "geometry": {
    "type": "Point",
    "coordinates": [
     -71.20648,
     42.3219
    ]
   },
   "properties": {
    "id": "8jjy38",
    "name": "Pollinator Piano",
    "city": "Newton",
    "region": "Massachusetts",
    "access": "public",
    "status": "active",
    "notes": "1 sighting(s) on pianos.pub\nPublic piano at Walnut St at Lincoln St, Newton Highlands, MA 02461. It is currently reported available. See its exact map, photos, 1 sighting, and community…",
    "sources": [
     {
      "source": "pianos.pub",
      "ref": "uuyfkcgqack7"
     }
    ],
    "url": "https://openpianos.net/piano/8jjy38",
    "created_at": "2026-08-27T15:23:31.811Z",
    "updated_at": "2026-08-27T15:23:31.811Z",
    "last_verified_at": null
   }
  },
  {
   "type": "Feature",
   "geometry": {
    "type": "Point",
    "coordinates": [
     -71.19476,
     42.33114
    ]
   },
   "properties": {
    "id": "y6nc5z",
    "name": "We Dream in Color",
    "city": "Newton",
    "region": "Massachusetts",
    "access": "public",
    "status": "active",
    "notes": "1 sighting(s) on pianos.pub\nPublic piano at 1221 Centre Street, Newton Centre MA 02459. It is currently reported available. See its exact map, photos, 1 sighting, and community reports.",
    "sources": [
     {
      "source": "pianos.pub",
      "ref": "5duq6eqzmb7h"
     }
    ],
    "url": "https://openpianos.net/piano/y6nc5z",
    "created_at": "2026-08-27T15:23:18.266Z",
    "updated_at": "2026-08-27T15:23:18.266Z",
    "last_verified_at": null
   }
  },
  {
   "type": "Feature",
   "geometry": {
    "type": "Point",
    "coordinates": [
     7.25899,
     43.70279
    ]
   },
   "properties": {
    "id": "52cv36",
    "name": "SNCF station piano — Nice",
    "city": "Nice",
    "region": "Provence-Alpes-Côte d'Azur",
    "access": "public",
    "status": "active",
    "notes": "1 sighting(s) on pianos.pub\nPublic piano at Avenue Thiers, 06000 Nice. It is currently reported available. See its exact map, photos, 1 sighting, and community reports.",
    "sources": [
     {
      "source": "pianos.pub",
      "ref": "jpundx2vccsw"
     }
    ],
    "url": "https://openpianos.net/piano/52cv36",
    "created_at": "2026-08-27T15:23:29.406Z",
    "updated_at": "2026-08-27T15:23:29.406Z",
    "last_verified_at": null
   }
  },
  {
   "type": "Feature",
   "geometry": {
    "type": "Point",
    "coordinates": [
     7.26476,
     43.70221
    ]
   },
   "properties": {
    "id": "k6s10b",
    "name": "Station Piano — Nice",
    "city": "Nice",
    "region": "Provence-Alpes-Côte d'Azur",
    "access": "public",
    "status": "active",
    "notes": "1 sighting(s) on pianos.pub\nPublic piano at 06000, Quartier Jean-Médecin, France. It is currently reported unavailable. See its exact map, photos, 1 sighting, and community reports.",
    "sources": [
     {
      "source": "pianos.pub",
      "ref": "bwebaezdavhm"
     }
    ],
    "url": "https://openpianos.net/piano/k6s10b",
    "created_at": "2026-08-27T15:23:36.130Z",
    "updated_at": "2026-08-27T15:23:36.130Z",
    "last_verified_at": null
   }
  },
  {
   "type": "Feature",
   "geometry": {
    "type": "Point",
    "coordinates": [
     5.8531,
     51.84319
    ]
   },
   "properties": {
    "id": "bcxjh4",
    "name": "NS station piano — Nijmegen",
    "city": "Nijmegen",
    "region": "Gelderland",
    "access": "public",
    "status": "active",
    "notes": "1 sighting(s) on pianos.pub\nPublic piano at Stationsplein 6, 6512 AB Nijmegen. It is currently reported available. See its exact map, photos, 1 sighting, and community reports.",
    "sources": [
     {
      "source": "pianos.pub",
      "ref": "u98jey4cb6u9"
     }
    ],
    "url": "https://openpianos.net/piano/bcxjh4",
    "created_at": "2026-08-27T15:23:31.811Z",
    "updated_at": "2026-08-27T15:23:31.811Z",
    "last_verified_at": null
   }
  },
  {
   "type": "Feature",
   "geometry": {
    "type": "Point",
    "coordinates": [
     149.1309,
     -35.27313
    ]
   },
   "properties": {
    "id": "y4340r",
    "name": "Ainslie Arts Centre Pop-Up Piano",
    "city": "North Canberra",
    "access": "public",
    "status": "active",
    "notes": "1 sighting(s) on pianos.pub\nPublic piano at Elouera Street, Braddon, Australia. It is currently reported available. See its exact map, photos, 1 sighting, and community reports.",
    "sources": [
     {
      "source": "pianos.pub",
      "ref": "8892r4ya597w"
     }
    ],
    "url": "https://openpianos.net/piano/y4340r",
    "created_at": "2026-08-27T15:23:36.130Z",
    "updated_at": "2026-08-27T15:23:36.130Z",
    "last_verified_at": null
   }
  },
  {
   "type": "Feature",
   "geometry": {
    "type": "Point",
    "coordinates": [
     4.36625,
     43.83237
    ]
   },
   "properties": {
    "id": "w84vx7",
    "name": "SNCF station piano — Nîmes",
    "city": "Nîmes",
    "region": "Occitanie",
    "access": "public",
    "status": "active",
    "notes": "1 sighting(s) on pianos.pub\nPublic piano at 1 Boulevard Sergent Triaire, 30000 Nîmes. It is currently reported available. See its exact map, photos, 1 sighting, and community reports.",
    "sources": [
     {
      "source": "pianos.pub",
      "ref": "77wxqts5qtyt"
     }
    ],
    "url": "https://openpianos.net/piano/w84vx7",
    "created_at": "2026-08-27T15:23:27.028Z",
    "updated_at": "2026-08-27T15:23:27.028Z",
    "last_verified_at": null
   }
  },
  {
   "type": "Feature",
   "geometry": {
    "type": "Point",
    "coordinates": [
     149.08707,
     -33.32121
    ]
   },
   "properties": {
    "id": "34scdw",
    "name": "Orange Hospital Pop-Up Piano",
    "city": "Orange",
    "region": "New South Wales",
    "access": "public",
    "status": "active",
    "notes": "1 sighting(s) on pianos.pub\nPublic piano at Forest Road, Bloomfield, Australia. It is currently reported available. See its exact map, photos, 1 sighting, and community reports.",
    "sources": [
     {
      "source": "pianos.pub",
      "ref": "d69avhs9e9u3"
     }
    ],
    "url": "https://openpianos.net/piano/34scdw",
    "created_at": "2026-08-27T15:23:36.130Z",
    "updated_at": "2026-08-27T15:23:36.130Z",
    "last_verified_at": null
   }
  },
  {
   "type": "Feature",
   "geometry": {
    "type": "Point",
    "coordinates": [
     2.36371,
     48.89491
    ]
   },
   "properties": {
    "id": "2ttvzb",
    "name": "Public piano — Bibliothèque Maurice Genevoix",
    "city": "Paris",
    "region": "Île-de-France",
    "access": "public",
    "status": "active",
    "notes": "1 sighting(s) on pianos.pub\nPublic piano at Bibliothèque Maurice Genevoix, 19 rue Tristan Tzara, France. It is currently reported available. See its exact map, photos, 1 sighting, and…",
    "sources": [
     {
      "source": "pianos.pub",
      "ref": "4zx2s5z9dq3s"
     }
    ],
    "url": "https://openpianos.net/piano/2ttvzb",
    "created_at": "2026-08-27T15:23:18.266Z",
    "updated_at": "2026-08-27T15:23:18.266Z",
    "last_verified_at": null
   }
  },
  {
   "type": "Feature",
   "geometry": {
    "type": "Point",
    "coordinates": [
     2.35768,
     48.8344
    ]
   },
   "properties": {
    "id": "xh6twj",
    "name": "SNCF station piano — Paris Austerlitz",
    "city": "Paris",
    "region": "Île-de-France",
    "access": "public",
    "status": "active",
    "notes": "1 sighting(s) on pianos.pub\nPublic piano at 7 bis Boulevard de l’Hôpital, 75013 Paris. It is currently reported available. See its exact map, photos, 1 sighting, and community reports.",
    "sources": [
     {
      "source": "pianos.pub",
      "ref": "6wghtsgchx84"
     }
    ],
    "url": "https://openpianos.net/piano/xh6twj",
    "created_at": "2026-08-27T15:23:27.028Z",
    "updated_at": "2026-08-27T15:23:27.028Z",
    "last_verified_at": null
   }
  },
  {
   "type": "Feature",
   "geometry": {
    "type": "Point",
    "coordinates": [
     2.37737,
     48.83927
    ]
   },
   "properties": {
    "id": "gxfzrj",
    "name": "SNCF station piano — Paris Bercy Bourgogne–Pays d’Auvergne",
    "city": "Paris",
    "region": "Île-de-France",
    "access": "public",
    "status": "active",
    "notes": "1 sighting(s) on pianos.pub\nPublic piano at 48 bis Boulevard de Bercy, 75012 Paris. It is currently reported available. See its exact map, photos, 1 sighting, and community reports.",
    "sources": [
     {
      "source": "pianos.pub",
      "ref": "4kskfz2y69kv"
     }
    ],
    "url": "https://openpianos.net/piano/gxfzrj",
    "created_at": "2026-08-27T15:23:27.028Z",
    "updated_at": "2026-08-27T15:23:27.028Z",
    "last_verified_at": null
   }
  },
  {
   "type": "Feature",
   "geometry": {
    "type": "Point",
    "coordinates": [
     2.35875,
     48.87639
    ]
   },
   "properties": {
    "id": "a0na8x",
    "name": "SNCF station piano — Paris Est",
    "city": "Paris",
    "region": "Île-de-France",
    "access": "public",
    "status": "active",
    "notes": "1 sighting(s) on pianos.pub\nPublic piano at Place du 11 Novembre 1918, 75010 Paris. It is currently reported available. See its exact map, photos, 1 sighting, and community reports.",
    "sources": [
     {
      "source": "pianos.pub",
      "ref": "6pgfd4xmjkvm"
     }
    ],
    "url": "https://openpianos.net/piano/a0na8x",
    "created_at": "2026-08-27T15:23:27.028Z",
    "updated_at": "2026-08-27T15:23:27.028Z",
    "last_verified_at": null
   }
  },
  {
   "type": "Feature",
   "geometry": {
    "type": "Point",
    "coordinates": [
     2.3729,
     48.8446
    ]
   },
   "properties": {
    "id": "08h0ny",
    "name": "SNCF station piano — Paris Gare de Lyon Hall 2",
    "city": "Paris",
    "region": "Île-de-France",
    "access": "public",
    "status": "active",
    "notes": "1 sighting(s) on pianos.pub\nPublic piano at 4 Place Louis Armand, 75012 Paris. It is currently reported available. See its exact map, photos, 1 sighting, and community reports.",
    "sources": [
     {
      "source": "pianos.pub",
      "ref": "z286dda3zsq2"
     }
    ],
    "url": "https://openpianos.net/piano/08h0ny",
    "created_at": "2026-08-27T15:23:31.811Z",
    "updated_at": "2026-08-27T15:23:31.811Z",
    "last_verified_at": null
   }
  },
  {
   "type": "Feature",
   "geometry": {
    "type": "Point",
    "coordinates": [
     2.35497,
     48.8804
    ]
   },
   "properties": {
    "id": "632qmd",
    "name": "SNCF station piano — Paris Gare du Nord Grandes Lignes",
    "city": "Paris",
    "region": "Île-de-France",
    "access": "public",
    "status": "active",
    "notes": "1 sighting(s) on pianos.pub\nPublic piano at 112 Rue de Maubeuge, 75010 Paris. It is currently reported available. See its exact map, photos, 1 sighting, and community reports.",
    "sources": [
     {
      "source": "pianos.pub",
      "ref": "3cr5qaf353td"
     }
    ],
    "url": "https://openpianos.net/piano/632qmd",
    "created_at": "2026-08-27T15:23:27.028Z",
    "updated_at": "2026-08-27T15:23:27.028Z",
    "last_verified_at": null
   }
  },
  {
   "type": "Feature",
   "geometry": {
    "type": "Point",
    "coordinates": [
     2.31907,
     48.84145
    ]
   },
   "properties": {
    "id": "6vf4vz",
    "name": "SNCF station piano — Paris Montparnasse",
    "city": "Paris",
    "region": "Île-de-France",
    "access": "public",
    "status": "active",
    "notes": "1 sighting(s) on pianos.pub\nPublic piano at 17 Boulevard de Vaugirard, 75015 Paris. It is currently reported available. See its exact map, photos, 1 sighting, and community reports.",
    "sources": [
     {
      "source": "pianos.pub",
      "ref": "zx3wqvfmn7e7"
     }
    ],
    "url": "https://openpianos.net/piano/6vf4vz",
    "created_at": "2026-08-27T15:23:31.811Z",
    "updated_at": "2026-08-27T15:23:31.811Z",
    "last_verified_at": null
   }
  },
  {
   "type": "Feature",
   "geometry": {
    "type": "Point",
    "coordinates": [
     2.32524,
     48.87653
    ]
   },
   "properties": {
    "id": "adz5z4",
    "name": "SNCF station piano — Paris Saint-Lazare",
    "city": "Paris",
    "region": "Île-de-France",
    "access": "public",
    "status": "active",
    "notes": "1 sighting(s) on pianos.pub\nPublic piano at 13 Rue d’Amsterdam, 75008 Paris. It is currently reported available. See its exact map, photos, 1 sighting, and community reports.",
    "sources": [
     {
      "source": "pianos.pub",
      "ref": "dsarazwy4sn3"
     }
    ],
    "url": "https://openpianos.net/piano/adz5z4",
    "created_at": "2026-08-27T15:23:29.406Z",
    "updated_at": "2026-08-27T15:23:29.406Z",
    "last_verified_at": null
   }
  },
  {
   "type": "Feature",
   "geometry": {
    "type": "Point",
    "coordinates": [
     2.65618,
     50.54957
    ]
   },
   "properties": {
    "id": "27dbw9",
    "name": "Station Piano — Béthune",
    "city": "Pas-de-Calais",
    "region": "Hauts-de-France",
    "access": "public",
    "status": "active",
    "notes": "1 sighting(s) on pianos.pub\nPublic piano at 62400, Essars, France. It is currently reported available. See its exact map, photos, 1 sighting, and community reports.",
    "sources": [
     {
      "source": "pianos.pub",
      "ref": "57bx3gheb5fk"
     }
    ],
    "url": "https://openpianos.net/piano/27dbw9",
    "created_at": "2026-08-27T15:23:36.130Z",
    "updated_at": "2026-08-27T15:23:36.130Z",
    "last_verified_at": null
   }
  },
  {
   "type": "Feature",
   "geometry": {
    "type": "Point",
    "coordinates": [
     -94.71338,
     45.38253
    ]
   },
   "properties": {
    "id": "g2dkt3",
    "name": "Paynesville Library electric piano",
    "city": "Paynesville",
    "region": "Minnesota",
    "access": "public",
    "status": "active",
    "notes": "1 sighting(s) on pianos.pub\nPublic piano at 119 Washburne Avenue, Paynesville MN 56362. It is currently reported available. See its exact map, photos, 1 sighting, and community reports.",
    "sources": [
     {
      "source": "pianos.pub",
      "ref": "2puq8f8kdp27"
     }
    ],
    "url": "https://openpianos.net/piano/g2dkt3",
    "created_at": "2026-08-27T15:23:18.266Z",
    "updated_at": "2026-08-27T15:23:18.266Z",
    "last_verified_at": null
   }
  },
  {
   "type": "Feature",
   "geometry": {
    "type": "Point",
    "coordinates": [
     115.9001,
     -31.9822
    ]
   },
   "properties": {
    "id": "4fv72e",
    "name": "Victoria Park Centre for the Arts Pop-Up Piano",
    "city": "Perth",
    "region": "Western Australia",
    "access": "public",
    "status": "active",
    "notes": "1 sighting(s) on pianos.pub\nPublic piano at Victoria Park Centre for the Arts, 12, Australia. It is currently reported available. See its exact map, photos, 1 sighting, and community…",
    "sources": [
     {
      "source": "pianos.pub",
      "ref": "bsxcn7yrm787"
     }
    ],
    "url": "https://openpianos.net/piano/4fv72e",
    "created_at": "2026-08-27T15:23:36.130Z",
    "updated_at": "2026-08-27T15:23:36.130Z",
    "last_verified_at": null
   }
  },
  {
   "type": "Feature",
   "geometry": {
    "type": "Point",
    "coordinates": [
     -73.81654,
     45.44861
    ]
   },
   "properties": {
    "id": "m70mff",
    "name": "Central Library reading-trail piano",
    "city": "Pointe-Claire",
    "region": "Québec",
    "access": "public",
    "status": "active",
    "notes": "1 sighting(s) on pianos.pub\nPublic piano at 100 avenue Douglas-Shand, Pointe-Claire QC H9R 4V1. It is currently reported available. See its exact map, photos, 1 sighting, and community…",
    "sources": [
     {
      "source": "pianos.pub",
      "ref": "vk9d98vac46b"
     }
    ],
    "url": "https://openpianos.net/piano/m70mff",
    "created_at": "2026-08-27T15:23:25.058Z",
    "updated_at": "2026-08-27T15:23:25.058Z",
    "last_verified_at": null
   }
  },
  {
   "type": "Feature",
   "geometry": {
    "type": "Point",
    "coordinates": [
     -73.80816,
     45.43447
    ]
   },
   "properties": {
    "id": "ygztcf",
    "name": "Stewart Hall public piano",
    "city": "Pointe-Claire",
    "region": "Québec",
    "access": "public",
    "status": "active",
    "notes": "1 sighting(s) on pianos.pub\nPublic piano at 176 chemin du Bord-du-Lac–Lakeshore, Pointe-Claire QC H9S 4L7. It is currently reported available. See its exact map, photos, 1 sighting, and…",
    "sources": [
     {
      "source": "pianos.pub",
      "ref": "v72xdb5seh38"
     }
    ],
    "url": "https://openpianos.net/piano/ygztcf",
    "created_at": "2026-08-27T15:23:22.975Z",
    "updated_at": "2026-08-27T15:23:22.975Z",
    "last_verified_at": null
   }
  },
  {
   "type": "Feature",
   "geometry": {
    "type": "Point",
    "coordinates": [
     0.33306,
     46.58152
    ]
   },
   "properties": {
    "id": "5594nq",
    "name": "SNCF station piano — Poitiers",
    "city": "Poitiers",
    "region": "Nouvelle-Aquitaine",
    "access": "public",
    "status": "active",
    "notes": "1 sighting(s) on pianos.pub\nPublic piano at 2 Boulevard Pont Achard, 86000 Poitiers. It is currently reported available. See its exact map, photos, 1 sighting, and community reports.",
    "sources": [
     {
      "source": "pianos.pub",
      "ref": "evk4vpgj646y"
     }
    ],
    "url": "https://openpianos.net/piano/5594nq",
    "created_at": "2026-08-27T15:23:29.406Z",
    "updated_at": "2026-08-27T15:23:29.406Z",
    "last_verified_at": null
   }
  },
  {
   "type": "Feature",
   "geometry": {
    "type": "Point",
    "coordinates": [
     6.05168,
     48.90156
    ]
   },
   "properties": {
    "id": "4a4aw7",
    "name": "SNCF station piano — Nancy",
    "city": "Pont-à-Mousson",
    "region": "Grand Est",
    "access": "public",
    "status": "active",
    "notes": "1 sighting(s) on pianos.pub\nPublic piano at 3 Place Thiers, 54000 Nancy. It is currently reported available. See its exact map, photos, 1 sighting, and community reports.",
    "sources": [
     {
      "source": "pianos.pub",
      "ref": "ywvdrhbwmxsk"
     }
    ],
    "url": "https://openpianos.net/piano/4a4aw7",
    "created_at": "2026-08-27T15:23:31.811Z",
    "updated_at": "2026-08-27T15:23:31.811Z",
    "last_verified_at": null
   }
  },
  {
   "type": "Feature",
   "geometry": {
    "type": "Point",
    "coordinates": [
     135.86323,
     -34.73117
    ]
   },
   "properties": {
    "id": "f0jm8p",
    "name": "Good Vibes Coffee Lounge",
    "city": "Port Lincoln",
    "region": "South Australia",
    "access": "public",
    "status": "active",
    "notes": "1 sighting(s) on pianos.pub\nPublic piano at St Andrews Terrace, Port Lincoln, Australia. It is currently reported available. See its exact map, photos, 1 sighting, and community reports.",
    "sources": [
     {
      "source": "pianos.pub",
      "ref": "879h8cadhhcg"
     }
    ],
    "url": "https://openpianos.net/piano/f0jm8p",
    "created_at": "2026-08-27T15:23:18.266Z",
    "updated_at": "2026-08-27T15:23:18.266Z",
    "last_verified_at": null
   }
  },
  {
   "type": "Feature",
   "geometry": {
    "type": "Point",
    "coordinates": [
     135.86141,
     -34.72139
    ]
   },
   "properties": {
    "id": "ctyp85",
    "name": "Port Lincoln Civic Hall Pop-Up Piano",
    "city": "Port Lincoln",
    "region": "South Australia",
    "access": "public",
    "status": "active",
    "notes": "1 sighting(s) on pianos.pub\nPublic piano at Tasman Terrace, Port Lincoln, Australia. It is currently reported available. See its exact map, photos, 1 sighting, and community reports.",
    "sources": [
     {
      "source": "pianos.pub",
      "ref": "zrn2wyx4nxp8"
     }
    ],
    "url": "https://openpianos.net/piano/ctyp85",
    "created_at": "2026-08-27T15:23:38.111Z",
    "updated_at": "2026-08-27T15:23:38.111Z",
    "last_verified_at": null
   }
  },
  {
   "type": "Feature",
   "geometry": {
    "type": "Point",
    "coordinates": [
     -122.58238,
     45.51923
    ]
   },
   "properties": {
    "id": "qbp76v",
    "name": "Piano Push Play piano at 7900 SE Stark Street",
    "city": "Portland",
    "region": "Oregon",
    "access": "public",
    "status": "active",
    "notes": "1 sighting(s) on pianos.pub\nPublic piano at 7900 SE Stark St, Portland, OR 97215. It is currently reported available. See its exact map, photos, 1 sighting, and community reports.",
    "sources": [
     {
      "source": "pianos.pub",
      "ref": "a5z4cxn476uy"
     }
    ],
    "url": "https://openpianos.net/piano/qbp76v",
    "created_at": "2026-08-27T15:23:20.513Z",
    "updated_at": "2026-08-27T15:23:20.513Z",
    "last_verified_at": null
   }
  },
  {
   "type": "Feature",
   "geometry": {
    "type": "Point",
    "coordinates": [
     -122.66349,
     45.46663
    ]
   },
   "properties": {
    "id": "62m2v3",
    "name": "Piano Push Play piano at Sellwood Riverfront Park",
    "city": "Portland",
    "region": "Oregon",
    "access": "public",
    "status": "active",
    "notes": "1 sighting(s) on pianos.pub\nPublic piano at 1221 SE Oaks Park Way, Portland, OR 97202. It is currently reported available. See its exact map, photos, 1 sighting, and community reports.",
    "sources": [
     {
      "source": "pianos.pub",
      "ref": "ct69d9v7sjwz"
     }
    ],
    "url": "https://openpianos.net/piano/62m2v3",
    "created_at": "2026-08-27T15:23:20.513Z",
    "updated_at": "2026-08-27T15:23:20.513Z",
    "last_verified_at": null
   }
  },
  {
   "type": "Feature",
   "geometry": {
    "type": "Point",
    "coordinates": [
     -122.68146,
     45.51868
    ]
   },
   "properties": {
    "id": "6ahjej",
    "name": "Piano Push Play — Director Park",
    "city": "Portland",
    "region": "Oregon",
    "access": "public",
    "status": "active",
    "notes": "1 sighting(s) on pianos.pub\nPublic piano at 815 SW Park Avenue, Portland OR 97205. It is currently reported available. See its exact map, photos, 1 sighting, and community reports.",
    "sources": [
     {
      "source": "pianos.pub",
      "ref": "gjw4evr2rqfx"
     }
    ],
    "url": "https://openpianos.net/piano/6ahjej",
    "created_at": "2026-08-27T15:23:20.513Z",
    "updated_at": "2026-08-27T15:23:20.513Z",
    "last_verified_at": null
   }
  },
  {
   "type": "Feature",
   "geometry": {
    "type": "Point",
    "coordinates": [
     -122.65408,
     45.49862
    ]
   },
   "properties": {
    "id": "1kdeq0",
    "name": "Rose City Coffee Co. upright piano",
    "city": "Portland",
    "region": "Oregon",
    "access": "public",
    "status": "active",
    "notes": "1 sighting(s) on pianos.pub\nPublic piano at 3370 SE Milwaukie Ave, Portland, OR 97202. It is currently reported available. See its exact map, photos, 1 sighting, and community reports.",
    "sources": [
     {
      "source": "pianos.pub",
      "ref": "cvqf89n6j7nn"
     }
    ],
    "url": "https://openpianos.net/piano/1kdeq0",
    "created_at": "2026-08-27T15:23:20.513Z",
    "updated_at": "2026-08-27T15:23:20.513Z",
    "last_verified_at": null
   }
  },
  {
   "type": "Feature",
   "geometry": {
    "type": "Point",
    "coordinates": [
     -8.60741,
     41.14902
    ]
   },
   "properties": {
    "id": "57aw8b",
    "name": "At the Bolhao Market",
    "city": "Porto",
    "access": "public",
    "status": "active",
    "notes": "1 sighting(s) on pianos.pub\nPublic piano at Rua do Encontro, Baixa do Porto, Portugal. It is currently reported available. See its exact map, photos, 1 sighting, and community reports.",
    "sources": [
     {
      "source": "pianos.pub",
      "ref": "3dax3m89bcad"
     }
    ],
    "url": "https://openpianos.net/piano/57aw8b",
    "created_at": "2026-08-27T15:23:18.266Z",
    "updated_at": "2026-08-27T15:23:18.266Z",
    "last_verified_at": null
   }
  },
  {
   "type": "Feature",
   "geometry": {
    "type": "Point",
    "coordinates": [
     14.43311,
     50.08782
    ]
   },
   "properties": {
    "id": "1q2gz6",
    "name": "Piana na ulici — Praha Masarykovo nádraží",
    "city": "Praha",
    "access": "public",
    "status": "active",
    "notes": "1 sighting(s) on pianos.pub\nPublic piano at Praha Masarykovo nádraží, Havlíčkova 1014/2, Czechia. It is currently reported available. See its exact map, photos, 1 sighting, and community…",
    "sources": [
     {
      "source": "pianos.pub",
      "ref": "jwrwnxfnvh4s"
     }
    ],
    "url": "https://openpianos.net/piano/1q2gz6",
    "created_at": "2026-08-27T15:23:20.513Z",
    "updated_at": "2026-08-27T15:23:20.513Z",
    "last_verified_at": null
   }
  },
  {
   "type": "Feature",
   "geometry": {
    "type": "Point",
    "coordinates": [
     -71.41711,
     41.82186
    ]
   },
   "properties": {
    "id": "5nj89e",
    "name": "Providence Public Library Piano Room",
    "city": "Providence",
    "region": "Rhode Island",
    "access": "public",
    "status": "active",
    "notes": "1 sighting(s) on pianos.pub\nPublic piano at 150 Empire Street, Providence RI 02903. It is currently reported available. See its exact map, photos, 1 sighting, and community reports.",
    "sources": [
     {
      "source": "pianos.pub",
      "ref": "xua78m6xtpj4"
     }
    ],
    "url": "https://openpianos.net/piano/5nj89e",
    "created_at": "2026-08-27T15:23:25.058Z",
    "updated_at": "2026-08-27T15:23:25.058Z",
    "last_verified_at": null
   }
  },
  {
   "type": "Feature",
   "geometry": {
    "type": "Point",
    "coordinates": [
     -71.22709,
     46.82415
    ]
   },
   "properties": {
    "id": "nrsnh9",
    "name": "Piano public de la Place Limouloise",
    "city": "Québec",
    "region": "Québec",
    "access": "public",
    "status": "active",
    "notes": "1 sighting(s) on pianos.pub\nPublic piano at 351 6e Rue, Québec, QC. It is currently reported available. See its exact map, photos, 1 sighting, and community reports.",
    "sources": [
     {
      "source": "pianos.pub",
      "ref": "mbt97pre9kga"
     }
    ],
    "url": "https://openpianos.net/piano/nrsnh9",
    "created_at": "2026-08-27T15:23:20.513Z",
    "updated_at": "2026-08-27T15:23:20.513Z",
    "last_verified_at": null
   }
  },
  {
   "type": "Feature",
   "geometry": {
    "type": "Point",
    "coordinates": [
     -71.22339,
     46.81486
    ]
   },
   "properties": {
    "id": "52t6qf",
    "name": "Saint-Roch public piano",
    "city": "Québec",
    "region": "Québec",
    "access": "public",
    "status": "active",
    "notes": "1 sighting(s) on pianos.pub\nPublic piano at Parvis de l’église Saint-Roch, 555 rue Saint-François E, Québec QC. It is currently reported available. See its exact map, photos, 1 sighting,…",
    "sources": [
     {
      "source": "pianos.pub",
      "ref": "g6n4ya3dyeny"
     }
    ],
    "url": "https://openpianos.net/piano/52t6qf",
    "created_at": "2026-08-27T15:23:20.513Z",
    "updated_at": "2026-08-27T15:23:20.513Z",
    "last_verified_at": null
   }
  },
  {
   "type": "Feature",
   "geometry": {
    "type": "Point",
    "coordinates": [
     -0.93277,
     51.42542
    ]
   },
   "properties": {
    "id": "0k3znr",
    "name": "Lower Earley Library Public Piano",
    "city": "Reading",
    "region": "England",
    "access": "public",
    "status": "active",
    "notes": "1 sighting(s) on pianos.pub\nPublic piano at Lower Earley Library, Chalfont Close, United Kingdom. It is currently reported available. See its exact map, photos, 1 sighting, and community…",
    "sources": [
     {
      "source": "pianos.pub",
      "ref": "h945kc7wgv4b"
     }
    ],
    "url": "https://openpianos.net/piano/0k3znr",
    "created_at": "2026-08-27T15:23:29.406Z",
    "updated_at": "2026-08-27T15:23:29.406Z",
    "last_verified_at": null
   }
  },
  {
   "type": "Feature",
   "geometry": {
    "type": "Point",
    "coordinates": [
     4.02444,
     49.25898
    ]
   },
   "properties": {
    "id": "6jpa2c",
    "name": "Self-service public piano — Reims",
    "city": "Reims",
    "region": "Grand Est",
    "access": "public",
    "status": "active",
    "notes": "1 sighting(s) on pianos.pub\nPublic piano at Reims railway station, Reims, France. It is currently reported available. See its exact map, photos, 1 sighting, and community reports.",
    "sources": [
     {
      "source": "pianos.pub",
      "ref": "js7rtktnv47e"
     }
    ],
    "url": "https://openpianos.net/piano/6jpa2c",
    "created_at": "2026-08-27T15:23:20.513Z",
    "updated_at": "2026-08-27T15:23:20.513Z",
    "last_verified_at": null
   }
  },
  {
   "type": "Feature",
   "geometry": {
    "type": "Point",
    "coordinates": [
     4.04311,
     49.25073
    ]
   },
   "properties": {
    "id": "wm93ga",
    "name": "Station Piano — Reims",
    "city": "Reims",
    "region": "Grand Est",
    "access": "public",
    "status": "active",
    "notes": "1 sighting(s) on pianos.pub\nPublic piano at 51100, Reims, France. It is currently reported available. See its exact map, photos, 1 sighting, and community reports.",
    "sources": [
     {
      "source": "pianos.pub",
      "ref": "z4tr7rfe6v7c"
     }
    ],
    "url": "https://openpianos.net/piano/wm93ga",
    "created_at": "2026-08-27T15:23:38.111Z",
    "updated_at": "2026-08-27T15:23:38.111Z",
    "last_verified_at": null
   }
  },
  {
   "type": "Feature",
   "geometry": {
    "type": "Point",
    "coordinates": [
     -1.70471,
     48.0985
    ]
   },
   "properties": {
    "id": "ddg47d",
    "name": "Public piano — Bibliothèque Antipode",
    "city": "Rennes",
    "region": "Bretagne",
    "access": "public",
    "status": "active",
    "notes": "1 sighting(s) on pianos.pub\nPublic piano at Bibliothèque Antipode, Parvis Agnès Varda, France. It is currently reported available. See its exact map, photos, 1 sighting, and community…",
    "sources": [
     {
      "source": "pianos.pub",
      "ref": "vcj2r8mqu3aj"
     }
    ],
    "url": "https://openpianos.net/piano/ddg47d",
    "created_at": "2026-08-27T15:23:22.975Z",
    "updated_at": "2026-08-27T15:23:22.975Z",
    "last_verified_at": null
   }
  },
  {
   "type": "Feature",
   "geometry": {
    "type": "Point",
    "coordinates": [
     -1.67469,
     48.10514
    ]
   },
   "properties": {
    "id": "4p5hyr",
    "name": "Public piano — Bibliothèque des Champs Libres",
    "city": "Rennes",
    "region": "Bretagne",
    "access": "public",
    "status": "active",
    "notes": "1 sighting(s) on pianos.pub\nPublic piano at Les Champs Libres, 10 cours des Alliés, France. It is currently reported available. See its exact map, photos, 1 sighting, and community…",
    "sources": [
     {
      "source": "pianos.pub",
      "ref": "rs5auuzbhmt5"
     }
    ],
    "url": "https://openpianos.net/piano/4p5hyr",
    "created_at": "2026-08-27T15:23:22.975Z",
    "updated_at": "2026-08-27T15:23:22.975Z",
    "last_verified_at": null
   }
  },
  {
   "type": "Feature",
   "geometry": {
    "type": "Point",
    "coordinates": [
     9.21049,
     48.49026
    ]
   },
   "properties": {
    "id": "88ksjs",
    "name": "Reutlingen Main Library digital piano",
    "city": "Reutlingen",
    "region": "Baden-Württemberg",
    "access": "public",
    "status": "active",
    "notes": "1 sighting(s) on pianos.pub\nPublic piano at Spendhausstraße 2, 72764 Reutlingen. It is currently reported available. See its exact map, photos, 1 sighting, and community reports.",
    "sources": [
     {
      "source": "pianos.pub",
      "ref": "e5j3pdxs9yac"
     }
    ],
    "url": "https://openpianos.net/piano/88ksjs",
    "created_at": "2026-08-27T15:23:29.406Z",
    "updated_at": "2026-08-27T15:23:29.406Z",
    "last_verified_at": null
   }
  },
  {
   "type": "Feature",
   "geometry": {
    "type": "Point",
    "coordinates": [
     5.07456,
     45.72134
    ]
   },
   "properties": {
    "id": "jwp5kz",
    "name": "SNCF station piano — Lyon Saint-Exupéry TGV",
    "city": "Rhône",
    "region": "Auvergne-Rhône-Alpes",
    "access": "public",
    "status": "active",
    "notes": "1 sighting(s) on pianos.pub\nPublic piano at 2 Rue de Grèce, 69124 Colombier-Saugnieu. It is currently reported available. See its exact map, photos, 1 sighting, and community reports.",
    "sources": [
     {
      "source": "pianos.pub",
      "ref": "dpe4v6spw83u"
     }
    ],
    "url": "https://openpianos.net/piano/jwp5kz",
    "created_at": "2026-08-27T15:23:29.406Z",
    "updated_at": "2026-08-27T15:23:29.406Z",
    "last_verified_at": null
   }
  },
  {
   "type": "Feature",
   "geometry": {
    "type": "Point",
    "coordinates": [
     -68.53003,
     48.45034
    ]
   },
   "properties": {
    "id": "2d7rkn",
    "name": "Piano public de la Place des Anciens-Combattants",
    "city": "Rimouski",
    "region": "Québec",
    "access": "public",
    "status": "active",
    "notes": "1 sighting(s) on pianos.pub\nPublic piano at Rue Saint-Germain Ouest between avenue de la Cathédrale and rue des Marins, Rimouski, QC G5L 8M4. It is currently reported available. See its…",
    "sources": [
     {
      "source": "pianos.pub",
      "ref": "qtwq55vwcdf2"
     }
    ],
    "url": "https://openpianos.net/piano/2d7rkn",
    "created_at": "2026-08-27T15:23:22.975Z",
    "updated_at": "2026-08-27T15:23:22.975Z",
    "last_verified_at": null
   }
  },
  {
   "type": "Feature",
   "geometry": {
    "type": "Point",
    "coordinates": [
     -88.83922,
     43.84738
    ]
   },
   "properties": {
    "id": "szrntn",
    "name": "Ripon Public Library Clavinova",
    "city": "Ripon",
    "region": "Wisconsin",
    "access": "public",
    "status": "active",
    "notes": "1 sighting(s) on pianos.pub\nPublic piano at Ripon Public Library, 120 Jefferson Street, United States. It is currently reported available. See its exact map, photos, 1 sighting, and…",
    "sources": [
     {
      "source": "pianos.pub",
      "ref": "pqqveqhzdtb3"
     }
    ],
    "url": "https://openpianos.net/piano/szrntn",
    "created_at": "2026-08-27T15:23:22.975Z",
    "updated_at": "2026-08-27T15:23:22.975Z",
    "last_verified_at": null
   }
  },
  {
   "type": "Feature",
   "geometry": {
    "type": "Point",
    "coordinates": [
     138.74729,
     -34.1603
    ]
   },
   "properties": {
    "id": "sbhm8c",
    "name": "Riverton Town Hall Pop-Up Piano",
    "city": "Riverton",
    "region": "South Australia",
    "access": "public",
    "status": "active",
    "notes": "1 sighting(s) on pianos.pub\nPublic piano at Torrens Road, Riverton, Australia. It is currently reported available. See its exact map, photos, 1 sighting, and community reports.",
    "sources": [
     {
      "source": "pianos.pub",
      "ref": "njg4mbx2kxey"
     }
    ],
    "url": "https://openpianos.net/piano/sbhm8c",
    "created_at": "2026-08-27T15:23:38.111Z",
    "updated_at": "2026-08-27T15:23:38.111Z",
    "last_verified_at": null
   }
  },
  {
   "type": "Feature",
   "geometry": {
    "type": "Point",
    "coordinates": [
     4.46998,
     51.92449
    ]
   },
   "properties": {
    "id": "sqtpax",
    "name": "NS station piano — Rotterdam Centraal",
    "city": "Rotterdam",
    "region": "Zuid-Holland",
    "access": "public",
    "status": "active",
    "notes": "1 sighting(s) on pianos.pub\nPublic piano at Stationsplein 1, 3013 AJ Rotterdam. It is currently reported available. See its exact map, photos, 1 sighting, and community reports.",
    "sources": [
     {
      "source": "pianos.pub",
      "ref": "ku4hf3tyvnem"
     }
    ],
    "url": "https://openpianos.net/piano/sqtpax",
    "created_at": "2026-08-27T15:23:29.406Z",
    "updated_at": "2026-08-27T15:23:29.406Z",
    "last_verified_at": null
   }
  },
  {
   "type": "Feature",
   "geometry": {
    "type": "Point",
    "coordinates": [
     1.09395,
     49.4486
    ]
   },
   "properties": {
    "id": "2vgft5",
    "name": "SNCF station piano — Rouen Rive Droite",
    "city": "Rouen",
    "region": "Normandie",
    "access": "public",
    "status": "active",
    "notes": "1 sighting(s) on pianos.pub\nPublic piano at Place Bernard Tissot, 76000 Rouen. It is currently reported available. See its exact map, photos, 1 sighting, and community reports.",
    "sources": [
     {
      "source": "pianos.pub",
      "ref": "79u882rm69b5"
     }
    ],
    "url": "https://openpianos.net/piano/2vgft5",
    "created_at": "2026-08-27T15:23:27.028Z",
    "updated_at": "2026-08-27T15:23:27.028Z",
    "last_verified_at": null
   }
  },
  {
   "type": "Feature",
   "geometry": {
    "type": "Point",
    "coordinates": [
     1.10278,
     49.44623
    ]
   },
   "properties": {
    "id": "g6s1hh",
    "name": "Station Piano — Rouen Rive Droite",
    "city": "Rouen",
    "region": "Normandie",
    "access": "public",
    "status": "active",
    "notes": "1 sighting(s) on pianos.pub\nPublic piano at 76000, Quartier Saint-Marc / Croix de Pierre / Saint-Nicaise, France. It is currently reported unavailable. See its exact map, photos, 1…",
    "sources": [
     {
      "source": "pianos.pub",
      "ref": "k5n2yyma9urg"
     }
    ],
    "url": "https://openpianos.net/piano/g6s1hh",
    "created_at": "2026-08-27T15:23:38.111Z",
    "updated_at": "2026-08-27T15:23:38.111Z",
    "last_verified_at": null
   }
  },
  {
   "type": "Feature",
   "geometry": {
    "type": "Point",
    "coordinates": [
     -73.33551,
     45.52299
    ]
   },
   "properties": {
    "id": "6chx90",
    "name": "Piano public du Vieux Presbytère",
    "city": "Saint-Bruno-de-Montarville",
    "region": "Québec",
    "access": "public",
    "status": "active",
    "notes": "1 sighting(s) on pianos.pub\nPublic piano at 15 rue des Peupliers, Saint-Bruno-de-Montarville, QC J3V 2L9. It is currently reported available. See its exact map, photos, 1 sighting, and…",
    "sources": [
     {
      "source": "pianos.pub",
      "ref": "vg9c9bfcqw99"
     }
    ],
    "url": "https://openpianos.net/piano/6chx90",
    "created_at": "2026-08-27T15:23:22.975Z",
    "updated_at": "2026-08-27T15:23:22.975Z",
    "last_verified_at": null
   }
  },
  {
   "type": "Feature",
   "geometry": {
    "type": "Point",
    "coordinates": [
     4.39972,
     45.44337
    ]
   },
   "properties": {
    "id": "rrj3fb",
    "name": "SNCF station piano — Saint-Étienne Châteaucreux",
    "city": "Saint-Étienne",
    "region": "Auvergne-Rhône-Alpes",
    "access": "public",
    "status": "active",
    "notes": "1 sighting(s) on pianos.pub\nPublic piano at 2 Rue Esplanade de France, 42000 Saint-Étienne. It is currently reported available. See its exact map, photos, 1 sighting, and community…",
    "sources": [
     {
      "source": "pianos.pub",
      "ref": "6dhvmv6z5cyp"
     }
    ],
    "url": "https://openpianos.net/piano/rrj3fb",
    "created_at": "2026-08-27T15:23:27.028Z",
    "updated_at": "2026-08-27T15:23:27.028Z",
    "last_verified_at": null
   }
  },
  {
   "type": "Feature",
   "geometry": {
    "type": "Point",
    "coordinates": [
     -123.03293,
     44.94094
    ]
   },
   "properties": {
    "id": "p31q5p",
    "name": "IKE Box public piano",
    "city": "Salem",
    "region": "Oregon",
    "access": "public",
    "status": "active",
    "notes": "1 sighting(s) on pianos.pub\nPublic piano at 299 Cottage St NE, Salem, OR 97301. It is currently reported available. See its exact map, photos, 1 sighting, and community reports.",
    "sources": [
     {
      "source": "pianos.pub",
      "ref": "n3ez63kctnff"
     }
    ],
    "url": "https://openpianos.net/piano/p31q5p",
    "created_at": "2026-08-27T15:23:22.975Z",
    "updated_at": "2026-08-27T15:23:22.975Z",
    "last_verified_at": null
   }
  },
  {
   "type": "Feature",
   "geometry": {
    "type": "Point",
    "coordinates": [
     -123.04086,
     44.93985
    ]
   },
   "properties": {
    "id": "cwm4v8",
    "name": "The Dehn Bar piano",
    "city": "Salem",
    "region": "Oregon",
    "access": "public",
    "status": "active",
    "notes": "1 sighting(s) on pianos.pub\nPublic piano at 157 Commercial St SE, Salem, OR 97301. It is currently reported available. See its exact map, photos, 1 sighting, and community reports.",
    "sources": [
     {
      "source": "pianos.pub",
      "ref": "482xs9q5ykcc"
     }
    ],
    "url": "https://openpianos.net/piano/cwm4v8",
    "created_at": "2026-08-27T15:23:18.266Z",
    "updated_at": "2026-08-27T15:23:18.266Z",
    "last_verified_at": null
   }
  },
  {
   "type": "Feature",
   "geometry": {
    "type": "Point",
    "coordinates": [
     -0.07699,
     47.26077
    ]
   },
   "properties": {
    "id": "k80pg5",
    "name": "La Boîte à Piano — Place de la Bilange",
    "city": "Saumur",
    "region": "Pays de la Loire",
    "access": "public",
    "status": "active",
    "notes": "1 sighting(s) on pianos.pub\nPublic piano at Place de la Bilange, 49400 Saumur, France. It is currently reported available. See its exact map, photos, 1 sighting, and community reports.",
    "sources": [
     {
      "source": "pianos.pub",
      "ref": "rrwm9fuvsqa5"
     }
    ],
    "url": "https://openpianos.net/piano/k80pg5",
    "created_at": "2026-08-27T15:23:22.975Z",
    "updated_at": "2026-08-27T15:23:22.975Z",
    "last_verified_at": null
   }
  },
  {
   "type": "Feature",
   "geometry": {
    "type": "Point",
    "coordinates": [
     -122.29593,
     47.43802
    ]
   },
   "properties": {
    "id": "nz9zdx",
    "name": "SEA Airport post-security public pianos",
    "city": "SeaTac",
    "region": "Washington",
    "access": "public",
    "status": "active",
    "notes": "1 sighting(s) on pianos.pub\nPublic piano at 17801 International Blvd, SeaTac, WA 98158. It is currently reported available. See its exact map, photos, 1 sighting, and community reports.",
    "sources": [
     {
      "source": "pianos.pub",
      "ref": "w8s6kh8433z8"
     }
    ],
    "url": "https://openpianos.net/piano/nz9zdx",
    "created_at": "2026-08-27T15:23:25.058Z",
    "updated_at": "2026-08-27T15:23:25.058Z",
    "last_verified_at": null
   }
  },
  {
   "type": "Feature",
   "geometry": {
    "type": "Point",
    "coordinates": [
     -122.33273,
     47.60642
    ]
   },
   "properties": {
    "id": "6pq10c",
    "name": "Central Library Large Music Practice Room digital piano",
    "city": "Seattle",
    "region": "Washington",
    "access": "public",
    "status": "active",
    "notes": "1 sighting(s) on pianos.pub\nPublic piano at 1000 Fourth Avenue, Seattle WA 98104-1109. It is currently reported available. See its exact map, photos, 1 sighting, and community reports.",
    "sources": [
     {
      "source": "pianos.pub",
      "ref": "73sktuszsq23"
     }
    ],
    "url": "https://openpianos.net/piano/6pq10c",
    "created_at": "2026-08-27T15:23:18.266Z",
    "updated_at": "2026-08-27T15:23:18.266Z",
    "last_verified_at": null
   }
  },
  {
   "type": "Feature",
   "geometry": {
    "type": "Point",
    "coordinates": [
     -122.32357,
     47.60416
    ]
   },
   "properties": {
    "id": "waqavg",
    "name": "Harborview Medical Center atrium piano",
    "city": "Seattle",
    "region": "Washington",
    "access": "public",
    "status": "active",
    "notes": "1 sighting(s) on pianos.pub\nPublic piano at 325 9th Ave, Seattle, WA 98104. It is currently reported available. See its exact map, photos, 1 sighting, and community reports.",
    "sources": [
     {
      "source": "pianos.pub",
      "ref": "7rcx4qjgyh8s"
     }
    ],
    "url": "https://openpianos.net/piano/waqavg",
    "created_at": "2026-08-27T15:23:18.266Z",
    "updated_at": "2026-08-27T15:23:18.266Z",
    "last_verified_at": null
   }
  },
  {
   "type": "Feature",
   "geometry": {
    "type": "Point",
    "coordinates": [
     2.78325,
     48.87053
    ]
   },
   "properties": {
    "id": "9xfn6j",
    "name": "SNCF station piano — Marne-la-Vallée Chessy",
    "city": "Seine-et-Marne",
    "region": "Île-de-France",
    "access": "public",
    "status": "active",
    "notes": "1 sighting(s) on pianos.pub\nPublic piano at Place des Passagers du Vent, 77700 Chessy. It is currently reported available. See its exact map, photos, 1 sighting, and community reports.",
    "sources": [
     {
      "source": "pianos.pub",
      "ref": "g4ezt28mjdyp"
     }
    ],
    "url": "https://openpianos.net/piano/9xfn6j",
    "created_at": "2026-08-27T15:23:29.406Z",
    "updated_at": "2026-08-27T15:23:29.406Z",
    "last_verified_at": null
   }
  },
  {
   "type": "Feature",
   "geometry": {
    "type": "Point",
    "coordinates": [
     2.77395,
     48.85669
    ]
   },
   "properties": {
    "id": "7bnsdt",
    "name": "Station Piano — Marne-la-Vallée Chessy",
    "city": "Seine-et-Marne",
    "region": "Île-de-France",
    "access": "public",
    "status": "active",
    "notes": "1 sighting(s) on pianos.pub\nPublic piano at Pôle Emploi, Rue du Bois de Paris, France. It is currently reported available. See its exact map, photos, 1 sighting, and community reports.",
    "sources": [
     {
      "source": "pianos.pub",
      "ref": "s6ttz33vd7x5"
     }
    ],
    "url": "https://openpianos.net/piano/7bnsdt",
    "created_at": "2026-08-27T15:23:38.111Z",
    "updated_at": "2026-08-27T15:23:38.111Z",
    "last_verified_at": null
   }
  },
  {
   "type": "Feature",
   "geometry": {
    "type": "Point",
    "coordinates": [
     103.83214,
     1.29334
    ]
   },
   "properties": {
    "id": "s4ch7f",
    "name": "Great World Shopping Mall",
    "city": "Singapore",
    "access": "public",
    "status": "active",
    "notes": "1 sighting(s) on pianos.pub\nPublic piano at Henri Carpentier, 1, Singapore. It is currently reported available. See its exact map, photos, 1 sighting, and community reports.",
    "sources": [
     {
      "source": "pianos.pub",
      "ref": "4kdzzbmn5p6z"
     }
    ],
    "url": "https://openpianos.net/piano/s4ch7f",
    "created_at": "2026-08-27T15:23:18.266Z",
    "updated_at": "2026-08-27T15:23:18.266Z",
    "last_verified_at": null
   }
  },
  {
   "type": "Feature",
   "geometry": {
    "type": "Point",
    "coordinates": [
     103.85429,
     1.29767
    ]
   },
   "properties": {
    "id": "7jtjns",
    "name": "National Library Building Heritage Piano",
    "city": "Singapore",
    "access": "public",
    "status": "active",
    "notes": "1 sighting(s) on pianos.pub\nPublic piano at 100 Victoria Street, Singapore 188064. It is currently reported available. See its exact map, photos, 1 sighting, and community reports.",
    "sources": [
     {
      "source": "pianos.pub",
      "ref": "t2p7uesdsgc7"
     }
    ],
    "url": "https://openpianos.net/piano/7jtjns",
    "created_at": "2026-08-27T15:23:22.975Z",
    "updated_at": "2026-08-27T15:23:22.975Z",
    "last_verified_at": null
   }
  },
  {
   "type": "Feature",
   "geometry": {
    "type": "Point",
    "coordinates": [
     -121.55412,
     44.29135
    ]
   },
   "properties": {
    "id": "rh3nkq",
    "name": "Suttle Lodge public art piano",
    "city": "Sisters",
    "region": "Oregon",
    "access": "public",
    "status": "active",
    "notes": "1 sighting(s) on pianos.pub\nPublic piano at 13300 US-20, Sisters, OR 97759. It is currently reported available. See its exact map, photos, 1 sighting, and community reports.",
    "sources": [
     {
      "source": "pianos.pub",
      "ref": "qrb399akaey7"
     }
    ],
    "url": "https://openpianos.net/piano/rh3nkq",
    "created_at": "2026-08-27T15:23:22.975Z",
    "updated_at": "2026-08-27T15:23:22.975Z",
    "last_verified_at": null
   }
  },
  {
   "type": "Feature",
   "geometry": {
    "type": "Point",
    "coordinates": [
     -122.45773,
     38.29282
    ]
   },
   "properties": {
    "id": "2wf3z1",
    "name": "Square Keys",
    "city": "Sonoma",
    "region": "California",
    "access": "public",
    "status": "active",
    "notes": "1 sighting(s) on pianos.pub\nPublic piano at Sonoma Plaza duck pond, The Plaza, CA 95476. It is currently reported available. See its exact map, photos, 1 sighting, and community reports.",
    "sources": [
     {
      "source": "pianos.pub",
      "ref": "x64e7r38qeq7"
     }
    ],
    "url": "https://openpianos.net/piano/2wf3z1",
    "created_at": "2026-08-27T15:23:31.811Z",
    "updated_at": "2026-08-27T15:23:31.811Z",
    "last_verified_at": null
   }
  },
  {
   "type": "Feature",
   "geometry": {
    "type": "Point",
    "coordinates": [
     149.14421,
     -35.3127
    ]
   },
   "properties": {
    "id": "nbangh",
    "name": "Old Bus Depot Markets Pop-Up Piano",
    "city": "South Canberra",
    "access": "public",
    "status": "active",
    "notes": "1 sighting(s) on pianos.pub\nPublic piano at Old Bus Depot Markets, 21, Australia. It is currently reported available. See its exact map, photos, 1 sighting, and community reports.",
    "sources": [
     {
      "source": "pianos.pub",
      "ref": "4yb4aewc8xwe"
     }
    ],
    "url": "https://openpianos.net/piano/nbangh",
    "created_at": "2026-08-27T15:23:36.130Z",
    "updated_at": "2026-08-27T15:23:36.130Z",
    "last_verified_at": null
   }
  },
  {
   "type": "Feature",
   "geometry": {
    "type": "Point",
    "coordinates": [
     -117.42515,
     47.65908
    ]
   },
   "properties": {
    "id": "0hm74n",
    "name": "Hallet & Davis Upright",
    "city": "Spokane",
    "region": "Washington",
    "access": "public",
    "status": "active",
    "notes": "1 sighting(s) on pianos.pub\nPublic piano at 906 W Main Avenue, Spokane WA 99201. It is currently reported available. See its exact map, photos, 1 sighting, and community reports.",
    "sources": [
     {
      "source": "pianos.pub",
      "ref": "esyp3u345r2n"
     }
    ],
    "url": "https://openpianos.net/piano/0hm74n",
    "created_at": "2026-08-27T15:23:20.513Z",
    "updated_at": "2026-08-27T15:23:20.513Z",
    "last_verified_at": null
   }
  },
  {
   "type": "Feature",
   "geometry": {
    "type": "Point",
    "coordinates": [
     -123.02843,
     44.08149
    ]
   },
   "properties": {
    "id": "cxbmz0",
    "name": "PeaceHealth RiverBend public piano",
    "city": "Springfield",
    "region": "Oregon",
    "access": "public",
    "status": "active",
    "notes": "1 sighting(s) on pianos.pub\nPublic piano at 3333 RiverBend Dr, Springfield, OR 97477. It is currently reported available. See its exact map, photos, 1 sighting, and community reports.",
    "sources": [
     {
      "source": "pianos.pub",
      "ref": "v5wjzht2tbrm"
     }
    ],
    "url": "https://openpianos.net/piano/cxbmz0",
    "created_at": "2026-08-27T15:23:22.975Z",
    "updated_at": "2026-08-27T15:23:22.975Z",
    "last_verified_at": null
   }
  },
  {
   "type": "Feature",
   "geometry": {
    "type": "Point",
    "coordinates": [
     -52.7423,
     47.61276
    ]
   },
   "properties": {
    "id": "4pzsjs",
    "name": "#ComePlayWithMeNL airport piano",
    "city": "St. John's",
    "region": "Newfoundland and Labrador",
    "access": "public",
    "status": "active",
    "notes": "1 sighting(s) on pianos.pub\nPublic piano at 100 World Parkway, St. John’s NL A1A 5T2. It is currently reported available. See its exact map, photos, 1 sighting, and community reports.",
    "sources": [
     {
      "source": "pianos.pub",
      "ref": "7crkjk5r6y7y"
     }
    ],
    "url": "https://openpianos.net/piano/4pzsjs",
    "created_at": "2026-08-27T15:23:18.266Z",
    "updated_at": "2026-08-27T15:23:18.266Z",
    "last_verified_at": null
   }
  },
  {
   "type": "Feature",
   "geometry": {
    "type": "Point",
    "coordinates": [
     151.93723,
     -28.65594
    ]
   },
   "properties": {
    "id": "hv1k94",
    "name": "Artworks Granite Belt Pop-Up Piano",
    "city": "Stanthorpe",
    "region": "Queensland",
    "access": "public",
    "status": "active",
    "notes": "1 sighting(s) on pianos.pub\nPublic piano at Davadi Street, Stanthorpe, Australia. It is currently reported available. See its exact map, photos, 1 sighting, and community reports.",
    "sources": [
     {
      "source": "pianos.pub",
      "ref": "7ca83xb4x4qc"
     }
    ],
    "url": "https://openpianos.net/piano/hv1k94",
    "created_at": "2026-08-27T15:23:36.130Z",
    "updated_at": "2026-08-27T15:23:36.130Z",
    "last_verified_at": null
   }
  },
  {
   "type": "Feature",
   "geometry": {
    "type": "Point",
    "coordinates": [
     18.06574,
     59.33232
    ]
   },
   "properties": {
    "id": "q6h6tz",
    "name": "Kulturbiblioteket drop-in e-piano 1",
    "city": "Stockholm",
    "access": "public",
    "status": "active",
    "notes": "1 sighting(s) on pianos.pub\nPublic piano at Sergels torg 3, 111 57 Stockholm. It is currently reported available. See its exact map, photos, 1 sighting, and community reports.",
    "sources": [
     {
      "source": "pianos.pub",
      "ref": "6rk9arguw3m6"
     }
    ],
    "url": "https://openpianos.net/piano/q6h6tz",
    "created_at": "2026-08-27T15:23:27.028Z",
    "updated_at": "2026-08-27T15:23:27.028Z",
    "last_verified_at": null
   }
  },
  {
   "type": "Feature",
   "geometry": {
    "type": "Point",
    "coordinates": [
     -93.68107,
     41.88352
    ]
   },
   "properties": {
    "id": "3qb4x7",
    "name": "Slater Public Library piano",
    "city": "Story County",
    "region": "Iowa",
    "access": "public",
    "status": "active",
    "notes": "1 sighting(s) on pianos.pub\nPublic piano at Slater Public Library, 105 North Tama Street, United States. It is currently reported available. See its exact map, photos, 1 sighting, and…",
    "sources": [
     {
      "source": "pianos.pub",
      "ref": "vh3gztuf67fv"
     }
    ],
    "url": "https://openpianos.net/piano/3qb4x7",
    "created_at": "2026-08-27T15:23:25.058Z",
    "updated_at": "2026-08-27T15:23:25.058Z",
    "last_verified_at": null
   }
  },
  {
   "type": "Feature",
   "geometry": {
    "type": "Point",
    "coordinates": [
     7.7343,
     48.58511
    ]
   },
   "properties": {
    "id": "m4gfe8",
    "name": "SNCF station piano — Strasbourg",
    "city": "Strasbourg",
    "region": "Grand Est",
    "access": "public",
    "status": "active",
    "notes": "1 sighting(s) on pianos.pub\nPublic piano at 20 Place de la Gare, 67000 Strasbourg. It is currently reported available. See its exact map, photos, 1 sighting, and community reports.",
    "sources": [
     {
      "source": "pianos.pub",
      "ref": "nfn9xcst44qu"
     }
    ],
    "url": "https://openpianos.net/piano/m4gfe8",
    "created_at": "2026-08-27T15:23:29.406Z",
    "updated_at": "2026-08-27T15:23:29.406Z",
    "last_verified_at": null
   }
  },
  {
   "type": "Feature",
   "geometry": {
    "type": "Point",
    "coordinates": [
     -72.11319,
     42.11584
    ]
   },
   "properties": {
    "id": "1zkcmm",
    "name": "Inside the mill building",
    "city": "Sturbridge",
    "region": "Massachusetts",
    "access": "public",
    "status": "active",
    "notes": "1 sighting(s) on pianos.pub\nPublic piano at Dragonfly River Wellness, 559, United States. It is currently reported available. See its exact map, photos, 1 sighting, and community reports.",
    "sources": [
     {
      "source": "pianos.pub",
      "ref": "by7wf6fjp58q"
     }
    ],
    "url": "https://openpianos.net/piano/1zkcmm",
    "created_at": "2026-08-27T15:23:20.513Z",
    "updated_at": "2026-08-27T15:23:20.513Z",
    "last_verified_at": null
   }
  },
  {
   "type": "Feature",
   "geometry": {
    "type": "Point",
    "coordinates": [
     150.92013,
     -33.77676
    ]
   },
   "properties": {
    "id": "0jp4v3",
    "name": "Blacktown Hospital Pop-Up Piano",
    "city": "Sydney",
    "region": "New South Wales",
    "access": "public",
    "status": "active",
    "notes": "1 sighting(s) on pianos.pub\nPublic piano at Blacktown Road, Blacktown, Australia. It is currently reported available. See its exact map, photos, 1 sighting, and community reports.",
    "sources": [
     {
      "source": "pianos.pub",
      "ref": "efkp2h5tbak6"
     }
    ],
    "url": "https://openpianos.net/piano/0jp4v3",
    "created_at": "2026-08-27T15:23:36.130Z",
    "updated_at": "2026-08-27T15:23:36.130Z",
    "last_verified_at": null
   }
  },
  {
   "type": "Feature",
   "geometry": {
    "type": "Point",
    "coordinates": [
     150.30958,
     -33.71553
    ]
   },
   "properties": {
    "id": "y7pp8g",
    "name": "Blue Mountains Cultural Centre Pop-Up Piano",
    "city": "Sydney",
    "region": "New South Wales",
    "access": "public",
    "status": "active",
    "notes": "1 sighting(s) on pianos.pub\nPublic piano at Parke Street, Sydney, Australia. It is currently reported available. See its exact map, photos, 1 sighting, and community reports.",
    "sources": [
     {
      "source": "pianos.pub",
      "ref": "eqp9tt93prhd"
     }
    ],
    "url": "https://openpianos.net/piano/y7pp8g",
    "created_at": "2026-08-27T15:23:36.130Z",
    "updated_at": "2026-08-27T15:23:36.130Z",
    "last_verified_at": null
   }
  },
  {
   "type": "Feature",
   "geometry": {
    "type": "Point",
    "coordinates": [
     151.20281,
     -33.87759
    ]
   },
   "properties": {
    "id": "ge2vx3",
    "name": "Pier Street Underpass Pop-Up Piano",
    "city": "Sydney",
    "region": "New South Wales",
    "access": "public",
    "status": "active",
    "notes": "1 sighting(s) on pianos.pub\nPublic piano at Pier Street Underpass, Darling Harbour, Australia. It is currently reported available. See its exact map, photos, 1 sighting, and community…",
    "sources": [
     {
      "source": "pianos.pub",
      "ref": "4recbcdvbgqa"
     }
    ],
    "url": "https://openpianos.net/piano/ge2vx3",
    "created_at": "2026-08-27T15:23:27.028Z",
    "updated_at": "2026-08-27T15:23:27.028Z",
    "last_verified_at": null
   }
  },
  {
   "type": "Feature",
   "geometry": {
    "type": "Point",
    "coordinates": [
     1.52431,
     44.07222
    ]
   },
   "properties": {
    "id": "jcqrvz",
    "name": "SNCF station piano — Montauban Ville Bourbon",
    "city": "Tarn-et-Garonne",
    "region": "Occitanie",
    "access": "public",
    "status": "active",
    "notes": "1 sighting(s) on pianos.pub\nPublic piano at Place de la Gare, 82000 Montauban. It is currently reported available. See its exact map, photos, 1 sighting, and community reports.",
    "sources": [
     {
      "source": "pianos.pub",
      "ref": "286ds58pfnkn"
     }
    ],
    "url": "https://openpianos.net/piano/jcqrvz",
    "created_at": "2026-08-27T15:23:27.028Z",
    "updated_at": "2026-08-27T15:23:27.028Z",
    "last_verified_at": null
   }
  },
  {
   "type": "Feature",
   "geometry": {
    "type": "Point",
    "coordinates": [
     6.16854,
     49.35395
    ]
   },
   "properties": {
    "id": "srqegx",
    "name": "SNCF station piano — Thionville",
    "city": "Thionville",
    "region": "Grand Est",
    "access": "public",
    "status": "active",
    "notes": "1 sighting(s) on pianos.pub\nPublic piano at 10 Place de la Gare, 57100 Thionville. It is currently reported available. See its exact map, photos, 1 sighting, and community reports.",
    "sources": [
     {
      "source": "pianos.pub",
      "ref": "8yvazzebgnvc"
     }
    ],
    "url": "https://openpianos.net/piano/srqegx",
    "created_at": "2026-08-27T15:23:27.028Z",
    "updated_at": "2026-08-27T15:23:27.028Z",
    "last_verified_at": null
   }
  },
  {
   "type": "Feature",
   "geometry": {
    "type": "Point",
    "coordinates": [
     5.07989,
     51.56033
    ]
   },
   "properties": {
    "id": "77pkmd",
    "name": "NS Station Piano — Tilburg",
    "city": "Tilburg",
    "region": "Noord-Brabant",
    "access": "public",
    "status": "active",
    "notes": "1 sighting(s) on pianos.pub\nPublic piano at 5038 CB, Tilburg, Nederland. It is currently reported available. See its exact map, photos, 1 sighting, and community reports.",
    "sources": [
     {
      "source": "pianos.pub",
      "ref": "2usjpyyjp3dy"
     }
    ],
    "url": "https://openpianos.net/piano/77pkmd",
    "created_at": "2026-08-27T15:23:34.036Z",
    "updated_at": "2026-08-27T15:23:34.036Z",
    "last_verified_at": null
   }
  },
  {
   "type": "Feature",
   "geometry": {
    "type": "Point",
    "coordinates": [
     5.08973,
     51.56095
    ]
   },
   "properties": {
    "id": "jxssz1",
    "name": "NS station piano — Tilburg",
    "city": "Tilburg",
    "region": "Noord-Brabant",
    "access": "public",
    "status": "active",
    "notes": "1 sighting(s) on pianos.pub\nPublic piano at Burgemeester Brokxlaan 6, 5041 SB Tilburg. It is currently reported available. See its exact map, photos, 1 sighting, and community reports.",
    "sources": [
     {
      "source": "pianos.pub",
      "ref": "8qwbergc9ehz"
     }
    ],
    "url": "https://openpianos.net/piano/jxssz1",
    "created_at": "2026-08-27T15:23:27.028Z",
    "updated_at": "2026-08-27T15:23:27.028Z",
    "last_verified_at": null
   }
  },
  {
   "type": "Feature",
   "geometry": {
    "type": "Point",
    "coordinates": [
     -70.95122,
     42.64169
    ]
   },
   "properties": {
    "id": "2ded84",
    "name": "Topsfield Town Hall public piano",
    "city": "Topsfield",
    "region": "Massachusetts",
    "access": "public",
    "status": "active",
    "notes": "1 sighting(s) on pianos.pub\nPublic piano at Topsfield Town Hall, 8 West Common Street, United States. It is currently reported available. See its exact map, photos, 1 sighting, and…",
    "sources": [
     {
      "source": "pianos.pub",
      "ref": "b6jcbj5pynz2"
     }
    ],
    "url": "https://openpianos.net/piano/2ded84",
    "created_at": "2026-08-27T15:23:20.513Z",
    "updated_at": "2026-08-27T15:23:20.513Z",
    "last_verified_at": null
   }
  },
  {
   "type": "Feature",
   "geometry": {
    "type": "Point",
    "coordinates": [
     5.92935,
     43.12803
    ]
   },
   "properties": {
    "id": "rf8h0p",
    "name": "SNCF station piano — Toulon",
    "city": "Toulon",
    "region": "Provence-Alpes-Côte d'Azur",
    "access": "public",
    "status": "active",
    "notes": "1 sighting(s) on pianos.pub\nPublic piano at Place de l’Europe, 83000 Toulon. It is currently reported available. See its exact map, photos, 1 sighting, and community reports.",
    "sources": [
     {
      "source": "pianos.pub",
      "ref": "3wsu9g67ase3"
     }
    ],
    "url": "https://openpianos.net/piano/rf8h0p",
    "created_at": "2026-08-27T15:23:27.028Z",
    "updated_at": "2026-08-27T15:23:27.028Z",
    "last_verified_at": null
   }
  },
  {
   "type": "Feature",
   "geometry": {
    "type": "Point",
    "coordinates": [
     5.93621,
     43.12328
    ]
   },
   "properties": {
    "id": "tdx3dp",
    "name": "Station Piano — Toulon",
    "city": "Toulon",
    "region": "Provence-Alpes-Côte d'Azur",
    "access": "public",
    "status": "active",
    "notes": "1 sighting(s) on pianos.pub\nPublic piano at 83000, Toulon, France. It is currently reported available. See its exact map, photos, 1 sighting, and community reports.",
    "sources": [
     {
      "source": "pianos.pub",
      "ref": "jwtrynceyxxj"
     }
    ],
    "url": "https://openpianos.net/piano/tdx3dp",
    "created_at": "2026-08-27T15:23:36.130Z",
    "updated_at": "2026-08-27T15:23:36.130Z",
    "last_verified_at": null
   }
  },
  {
   "type": "Feature",
   "geometry": {
    "type": "Point",
    "coordinates": [
     1.45296,
     43.6131
    ]
   },
   "properties": {
    "id": "60zbnb",
    "name": "SNCF station piano — Toulouse Matabiau",
    "city": "Toulouse",
    "region": "Occitanie",
    "access": "public",
    "status": "active",
    "notes": "1 sighting(s) on pianos.pub\nPublic piano at 64 Boulevard Pierre Sémard, 31000 Toulouse. It is currently reported available. See its exact map, photos, 1 sighting, and community reports.",
    "sources": [
     {
      "source": "pianos.pub",
      "ref": "9fpcaw8kdkr2"
     }
    ],
    "url": "https://openpianos.net/piano/60zbnb",
    "created_at": "2026-08-27T15:23:27.028Z",
    "updated_at": "2026-08-27T15:23:27.028Z",
    "last_verified_at": null
   }
  },
  {
   "type": "Feature",
   "geometry": {
    "type": "Point",
    "coordinates": [
     0.69307,
     47.3903
    ]
   },
   "properties": {
    "id": "wndjg7",
    "name": "SNCF station piano — Tours",
    "city": "Tours",
    "region": "Centre-Val de Loire",
    "access": "public",
    "status": "active",
    "notes": "1 sighting(s) on pianos.pub\nPublic piano at Place du Général Leclerc, 37000 Tours. It is currently reported available. See its exact map, photos, 1 sighting, and community reports.",
    "sources": [
     {
      "source": "pianos.pub",
      "ref": "ntxa74ubmedf"
     }
    ],
    "url": "https://openpianos.net/piano/wndjg7",
    "created_at": "2026-08-27T15:23:29.406Z",
    "updated_at": "2026-08-27T15:23:29.406Z",
    "last_verified_at": null
   }
  },
  {
   "type": "Feature",
   "geometry": {
    "type": "Point",
    "coordinates": [
     0.69046,
     47.38466
    ]
   },
   "properties": {
    "id": "f9hede",
    "name": "Station Piano — Tours",
    "city": "Tours",
    "region": "Centre-Val de Loire",
    "access": "public",
    "status": "active",
    "notes": "1 sighting(s) on pianos.pub\nPublic piano at 37000, Tours, France. It is currently reported available. See its exact map, photos, 1 sighting, and community reports.",
    "sources": [
     {
      "source": "pianos.pub",
      "ref": "w2xgs65p5yu4"
     }
    ],
    "url": "https://openpianos.net/piano/f9hede",
    "created_at": "2026-08-27T15:23:38.111Z",
    "updated_at": "2026-08-27T15:23:38.111Z",
    "last_verified_at": null
   }
  },
  {
   "type": "Feature",
   "geometry": {
    "type": "Point",
    "coordinates": [
     146.76109,
     -19.31558
    ]
   },
   "properties": {
    "id": "a0g5h4",
    "name": "Townsville University Hospital Pop-Up Piano",
    "city": "Townsville",
    "region": "Queensland",
    "access": "public",
    "status": "active",
    "notes": "1 sighting(s) on pianos.pub\nPublic piano at Angus Smith Drive, Douglas, Australia. It is currently reported available. See its exact map, photos, 1 sighting, and community reports.",
    "sources": [
     {
      "source": "pianos.pub",
      "ref": "jg2679m8awqt"
     }
    ],
    "url": "https://openpianos.net/piano/a0g5h4",
    "created_at": "2026-08-27T15:23:36.130Z",
    "updated_at": "2026-08-27T15:23:36.130Z",
    "last_verified_at": null
   }
  },
  {
   "type": "Feature",
   "geometry": {
    "type": "Point",
    "coordinates": [
     2.57111,
     49.00402
    ]
   },
   "properties": {
    "id": "znt4ee",
    "name": "SNCF station piano — Aéroport Charles de Gaulle 2 TGV",
    "city": "Tremblay-en-France",
    "region": "Île-de-France",
    "access": "public",
    "status": "active",
    "notes": "1 sighting(s) on pianos.pub\nPublic piano at BP 35042 Tremblay, 93290 Tremblay-en-France. It is currently reported available. See its exact map, photos, 1 sighting, and community reports.",
    "sources": [
     {
      "source": "pianos.pub",
      "ref": "849yrwx985hw"
     }
    ],
    "url": "https://openpianos.net/piano/znt4ee",
    "created_at": "2026-08-27T15:23:27.028Z",
    "updated_at": "2026-08-27T15:23:27.028Z",
    "last_verified_at": null
   }
  },
  {
   "type": "Feature",
   "geometry": {
    "type": "Point",
    "coordinates": [
     2.55516,
     48.9785
    ]
   },
   "properties": {
    "id": "mvy428",
    "name": "Station Piano — Aéroport Charles de Gaulle 2 TGV",
    "city": "Tremblay-en-France",
    "region": "Île-de-France",
    "access": "public",
    "status": "active",
    "notes": "1 sighting(s) on pianos.pub\nPublic piano at 93290, Tremblay-en-France, France. It is currently reported available. See its exact map, photos, 1 sighting, and community reports.",
    "sources": [
     {
      "source": "pianos.pub",
      "ref": "3ram4wxkyfsr"
     }
    ],
    "url": "https://openpianos.net/piano/mvy428",
    "created_at": "2026-08-27T15:23:36.130Z",
    "updated_at": "2026-08-27T15:23:36.130Z",
    "last_verified_at": null
   }
  },
  {
   "type": "Feature",
   "geometry": {
    "type": "Point",
    "coordinates": [
     -72.68895,
     46.28782
    ]
   },
   "properties": {
    "id": "sg99mg",
    "name": "Moulin seigneurial de Pointe-du-Lac — piano public",
    "city": "Trois-Rivières",
    "region": "Québec",
    "access": "public",
    "status": "active",
    "notes": "1 sighting(s) on pianos.pub\nPublic piano at 11930 rue Notre-Dame Ouest, Trois-Rivières, QC. It is currently reported available. See its exact map, photos, 1 sighting, and community…",
    "sources": [
     {
      "source": "pianos.pub",
      "ref": "ax88fse9w5dn"
     }
    ],
    "url": "https://openpianos.net/piano/sg99mg",
    "created_at": "2026-08-27T15:23:20.513Z",
    "updated_at": "2026-08-27T15:23:20.513Z",
    "last_verified_at": null
   }
  },
  {
   "type": "Feature",
   "geometry": {
    "type": "Point",
    "coordinates": [
     -72.57031,
     46.3165
    ]
   },
   "properties": {
    "id": "vp64mg",
    "name": "Étoile polaire — piano public",
    "city": "Trois-Rivières",
    "region": "Québec",
    "access": "public",
    "status": "active",
    "notes": "1 sighting(s) on pianos.pub\nPublic piano at 6115 boulevard Gene-H.-Kruger, Trois-Rivières, QC. It is currently reported available. See its exact map, photos, 1 sighting, and community…",
    "sources": [
     {
      "source": "pianos.pub",
      "ref": "n3cbx2sy5vn2"
     }
    ],
    "url": "https://openpianos.net/piano/vp64mg",
    "created_at": "2026-08-27T15:23:22.975Z",
    "updated_at": "2026-08-27T15:23:22.975Z",
    "last_verified_at": null
   }
  },
  {
   "type": "Feature",
   "geometry": {
    "type": "Point",
    "coordinates": [
     -84.20429,
     40.03985
    ]
   },
   "properties": {
    "id": "a86gc0",
    "name": "Ohio Moves — Transportation",
    "city": "Troy",
    "region": "Ohio",
    "access": "public",
    "status": "active",
    "notes": "1 sighting(s) on pianos.pub\nPublic piano at 10 W Main St, Troy, OH 45373. It is currently reported available. See its exact map, photos, 1 sighting, and community reports.",
    "sources": [
     {
      "source": "pianos.pub",
      "ref": "nn492qykm6fm"
     }
    ],
    "url": "https://openpianos.net/piano/a86gc0",
    "created_at": "2026-08-27T15:23:29.406Z",
    "updated_at": "2026-08-27T15:23:29.406Z",
    "last_verified_at": null
   }
  },
  {
   "type": "Feature",
   "geometry": {
    "type": "Point",
    "coordinates": [
     22.26767,
     60.45161
    ]
   },
   "properties": {
    "id": "fh41r0",
    "name": "In front of a container.",
    "city": "Turku",
    "region": "Varsinais-Suomi",
    "access": "public",
    "status": "active",
    "notes": "1 sighting(s) on pianos.pub\nPublic piano at Kauppiaskatu, Aninkaistenmäki, Suomi / Finland. It is currently reported available. See its exact map, photos, 1 sighting, and community…",
    "sources": [
     {
      "source": "pianos.pub",
      "ref": "wmjyk9vst3ky"
     }
    ],
    "url": "https://openpianos.net/piano/fh41r0",
    "created_at": "2026-08-27T15:23:25.058Z",
    "updated_at": "2026-08-27T15:23:25.058Z",
    "last_verified_at": null
   }
  },
  {
   "type": "Feature",
   "geometry": {
    "type": "Point",
    "coordinates": [
     -93.73661,
     41.62652
    ]
   },
   "properties": {
    "id": "5kjw4r",
    "name": "City Sounds — Urbandale Public Library",
    "city": "Urbandale",
    "region": "Iowa",
    "access": "public",
    "status": "active",
    "notes": "1 sighting(s) on pianos.pub\nPublic piano at 3520 86th St, Urbandale, IA 50322. It is currently reported available. See its exact map, photos, 1 sighting, and community reports.",
    "sources": [
     {
      "source": "pianos.pub",
      "ref": "v2d6kspr8y6r"
     }
    ],
    "url": "https://openpianos.net/piano/5kjw4r",
    "created_at": "2026-08-27T15:23:22.975Z",
    "updated_at": "2026-08-27T15:23:22.975Z",
    "last_verified_at": null
   }
  },
  {
   "type": "Feature",
   "geometry": {
    "type": "Point",
    "coordinates": [
     3.51748,
     50.36322
    ]
   },
   "properties": {
    "id": "sdpa3g",
    "name": "SNCF station piano — Valenciennes",
    "city": "Valenciennes",
    "region": "Hauts-de-France",
    "access": "public",
    "status": "active",
    "notes": "1 sighting(s) on pianos.pub\nPublic piano at Place de la Gare, 59300 Valenciennes. It is currently reported available. See its exact map, photos, 1 sighting, and community reports.",
    "sources": [
     {
      "source": "pianos.pub",
      "ref": "abyyv5p28u6d"
     }
    ],
    "url": "https://openpianos.net/piano/sdpa3g",
    "created_at": "2026-08-27T15:23:27.028Z",
    "updated_at": "2026-08-27T15:23:27.028Z",
    "last_verified_at": null
   }
  },
  {
   "type": "Feature",
   "geometry": {
    "type": "Point",
    "coordinates": [
     5.82348,
     46.10943
    ]
   },
   "properties": {
    "id": "9a9hfv",
    "name": "Self-service public piano — Bellegarde",
    "city": "Valserhône",
    "region": "Auvergne-Rhône-Alpes",
    "access": "public",
    "status": "active",
    "notes": "1 sighting(s) on pianos.pub\nPublic piano at Bellegarde railway station, Valserhône, France. It is currently reported available. See its exact map, photos, 1 sighting, and community…",
    "sources": [
     {
      "source": "pianos.pub",
      "ref": "ps2u26m7tuk8"
     }
    ],
    "url": "https://openpianos.net/piano/9a9hfv",
    "created_at": "2026-08-27T15:23:22.975Z",
    "updated_at": "2026-08-27T15:23:22.975Z",
    "last_verified_at": null
   }
  },
  {
   "type": "Feature",
   "geometry": {
    "type": "Point",
    "coordinates": [
     5.82716,
     46.10626
    ]
   },
   "properties": {
    "id": "5r2kt1",
    "name": "Station Piano — Bellegarde",
    "city": "Valserhône",
    "region": "Auvergne-Rhône-Alpes",
    "access": "public",
    "status": "active",
    "notes": "1 sighting(s) on pianos.pub\nPublic piano at Parking Mendès France, Allée Colonel Clerc, France. It is currently reported available. See its exact map, photos, 1 sighting, and community…",
    "sources": [
     {
      "source": "pianos.pub",
      "ref": "hqwt8bezqkc2"
     }
    ],
    "url": "https://openpianos.net/piano/5r2kt1",
    "created_at": "2026-08-27T15:23:36.130Z",
    "updated_at": "2026-08-27T15:23:36.130Z",
    "last_verified_at": null
   }
  },
  {
   "type": "Feature",
   "geometry": {
    "type": "Point",
    "coordinates": [
     -123.05111,
     49.28124
    ]
   },
   "properties": {
    "id": "c9deya",
    "name": "East Village community piano",
    "city": "Vancouver",
    "region": "British Columbia",
    "access": "public",
    "status": "active",
    "notes": "1 sighting(s) on pianos.pub\nPublic piano at Penticton Street at E Hastings Street, Vancouver BC V5K 1Z6. It is currently reported available. See its exact map, photos, 1 sighting, and…",
    "sources": [
     {
      "source": "pianos.pub",
      "ref": "rx8evhuzggfg"
     }
    ],
    "url": "https://openpianos.net/piano/c9deya",
    "created_at": "2026-08-27T15:23:22.975Z",
    "updated_at": "2026-08-27T15:23:22.975Z",
    "last_verified_at": null
   }
  },
  {
   "type": "Feature",
   "geometry": {
    "type": "Point",
    "coordinates": [
     -123.12124,
     49.27371
    ]
   },
   "properties": {
    "id": "9n3dqx",
    "name": "Roundhouse piano-practice room",
    "city": "Vancouver",
    "region": "British Columbia",
    "access": "public",
    "status": "active",
    "notes": "1 sighting(s) on pianos.pub\nPublic piano at 181 Roundhouse Mews, Vancouver BC V6Z 2W3. It is currently reported available. See its exact map, photos, 1 sighting, and community reports.",
    "sources": [
     {
      "source": "pianos.pub",
      "ref": "j6rnm7g2ame3"
     }
    ],
    "url": "https://openpianos.net/piano/9n3dqx",
    "created_at": "2026-08-27T15:23:20.513Z",
    "updated_at": "2026-08-27T15:23:20.513Z",
    "last_verified_at": null
   }
  },
  {
   "type": "Feature",
   "geometry": {
    "type": "Point",
    "coordinates": [
     6.14935,
     48.64698
    ]
   },
   "properties": {
    "id": "kzyprv",
    "name": "Dans le Hall du CHRU",
    "city": "Vandœuvre-lès-Nancy",
    "region": "Grand Est",
    "access": "public",
    "status": "active",
    "notes": "1 sighting(s) on pianos.pub\nPublic piano at A 33, Brabois, France. It is currently reported available. See its exact map, photos, 1 sighting, and community reports.",
    "sources": [
     {
      "source": "pianos.pub",
      "ref": "4u56jd6pfpdq"
     }
    ],
    "url": "https://openpianos.net/piano/kzyprv",
    "created_at": "2026-08-27T15:23:18.266Z",
    "updated_at": "2026-08-27T15:23:18.266Z",
    "last_verified_at": null
   }
  },
  {
   "type": "Feature",
   "geometry": {
    "type": "Point",
    "coordinates": [
     3.4305,
     46.12716
    ]
   },
   "properties": {
    "id": "as8f6p",
    "name": "SNCF station piano — Vichy",
    "city": "Vichy",
    "region": "Auvergne-Rhône-Alpes",
    "access": "public",
    "status": "active",
    "notes": "1 sighting(s) on pianos.pub\nPublic piano at 1 Place de la Gare, 03200 Vichy. It is currently reported available. See its exact map, photos, 1 sighting, and community reports.",
    "sources": [
     {
      "source": "pianos.pub",
      "ref": "bh8j8uf2kf8g"
     }
    ],
    "url": "https://openpianos.net/piano/as8f6p",
    "created_at": "2026-08-27T15:23:27.028Z",
    "updated_at": "2026-08-27T15:23:27.028Z",
    "last_verified_at": null
   }
  },
  {
   "type": "Feature",
   "geometry": {
    "type": "Point",
    "coordinates": [
     -73.74771,
     40.79907
    ]
   },
   "properties": {
    "id": "1aefxy",
    "name": "Great Neck Library Steinway",
    "city": "Village of Great Neck",
    "region": "New York",
    "access": "public",
    "status": "active",
    "notes": "1 sighting(s) on pianos.pub\nPublic piano at Great Neck Library, 159 Bayview Avenue, United States. It is currently reported available. See its exact map, photos, 1 sighting, and…",
    "sources": [
     {
      "source": "pianos.pub",
      "ref": "wr9wtqt9psrw"
     }
    ],
    "url": "https://openpianos.net/piano/1aefxy",
    "created_at": "2026-08-27T15:23:25.058Z",
    "updated_at": "2026-08-27T15:23:25.058Z",
    "last_verified_at": null
   }
  },
  {
   "type": "Feature",
   "geometry": {
    "type": "Point",
    "coordinates": [
     -73.01376,
     40.76564
    ]
   },
   "properties": {
    "id": "zfsk3s",
    "name": "Main Library Meeting Rooms A+B piano",
    "city": "Village of Patchogue",
    "region": "New York",
    "access": "public",
    "status": "active",
    "notes": "1 sighting(s) on pianos.pub\nPublic piano at 54–60 E Main Street, Patchogue NY 11772. It is currently reported available. See its exact map, photos, 1 sighting, and community reports.",
    "sources": [
     {
      "source": "pianos.pub",
      "ref": "pb9ft5sctkyk"
     }
    ],
    "url": "https://openpianos.net/piano/zfsk3s",
    "created_at": "2026-08-27T15:23:22.975Z",
    "updated_at": "2026-08-27T15:23:22.975Z",
    "last_verified_at": null
   }
  },
  {
   "type": "Feature",
   "geometry": {
    "type": "Point",
    "coordinates": [
     4.72144,
     45.98571
    ]
   },
   "properties": {
    "id": "864kn6",
    "name": "SNCF station piano — Villefranche-sur-Saône",
    "city": "Villefranche-sur-Saône",
    "region": "Auvergne-Rhône-Alpes",
    "access": "public",
    "status": "active",
    "notes": "1 sighting(s) on pianos.pub\nPublic piano at 113 Place de la Gare, 69400 Villefranche-sur-Saône. It is currently reported available. See its exact map, photos, 1 sighting, and community…",
    "sources": [
     {
      "source": "pianos.pub",
      "ref": "qpa3gjcw9ppm"
     }
    ],
    "url": "https://openpianos.net/piano/864kn6",
    "created_at": "2026-08-27T15:23:29.406Z",
    "updated_at": "2026-08-27T15:23:29.406Z",
    "last_verified_at": null
   }
  },
  {
   "type": "Feature",
   "geometry": {
    "type": "Point",
    "coordinates": [
     -122.05825,
     37.89559
    ]
   },
   "properties": {
    "id": "bfzyn6",
    "name": "Once Upon a Tune",
    "city": "Walnut Creek",
    "region": "California",
    "access": "public",
    "status": "active",
    "notes": "1 sighting(s) on pianos.pub\nPublic piano at 1275 Broadway Plaza, Walnut Creek CA 94596. It is currently reported available. See its exact map, photos, 1 sighting, and community reports.",
    "sources": [
     {
      "source": "pianos.pub",
      "ref": "csnapbkxxe9h"
     }
    ],
    "url": "https://openpianos.net/piano/bfzyn6",
    "created_at": "2026-08-27T15:23:20.513Z",
    "updated_at": "2026-08-27T15:23:20.513Z",
    "last_verified_at": null
   }
  },
  {
   "type": "Feature",
   "geometry": {
    "type": "Point",
    "coordinates": [
     -122.06017,
     37.89808
    ]
   },
   "properties": {
    "id": "1eqchp",
    "name": "Stellar Keys",
    "city": "Walnut Creek",
    "region": "California",
    "access": "public",
    "status": "active",
    "notes": "1 sighting(s) on pianos.pub\nPublic piano at 1330 N Main Street, Walnut Creek CA 94596. It is currently reported available. See its exact map, photos, 1 sighting, and community reports.",
    "sources": [
     {
      "source": "pianos.pub",
      "ref": "9mtvta4y2ugq"
     }
    ],
    "url": "https://openpianos.net/piano/1eqchp",
    "created_at": "2026-08-27T15:23:20.513Z",
    "updated_at": "2026-08-27T15:23:20.513Z",
    "last_verified_at": null
   }
  },
  {
   "type": "Feature",
   "geometry": {
    "type": "Point",
    "coordinates": [
     -122.0598,
     37.8919
    ]
   },
   "properties": {
    "id": "2d8tfb",
    "name": "Walnut Creek Beautiful",
    "city": "Walnut Creek",
    "region": "California",
    "access": "public",
    "status": "active",
    "notes": "1 sighting(s) on pianos.pub\nPublic piano at 1425 S Main St, Walnut Creek, CA 94596. It is currently reported available. See its exact map, photos, 1 sighting, and community reports.",
    "sources": [
     {
      "source": "pianos.pub",
      "ref": "jm4t556pb3pz"
     }
    ],
    "url": "https://openpianos.net/piano/2d8tfb",
    "created_at": "2026-08-27T15:23:29.406Z",
    "updated_at": "2026-08-27T15:23:29.406Z",
    "last_verified_at": null
   }
  },
  {
   "type": "Feature",
   "geometry": {
    "type": "Point",
    "coordinates": [
     142.48181,
     -38.38549
    ]
   },
   "properties": {
    "id": "mkf2dr",
    "name": "Lighthouse Theatre Pop-Up Piano",
    "city": "Warrnambool",
    "region": "Victoria",
    "access": "public",
    "status": "active",
    "notes": "1 sighting(s) on pianos.pub\nPublic piano at Lighthouse Theatre, 185, Australia. It is currently reported available. See its exact map, photos, 1 sighting, and community reports.",
    "sources": [
     {
      "source": "pianos.pub",
      "ref": "g8mpqx6hwsz4"
     }
    ],
    "url": "https://openpianos.net/piano/mkf2dr",
    "created_at": "2026-08-27T15:23:36.130Z",
    "updated_at": "2026-08-27T15:23:36.130Z",
    "last_verified_at": null
   }
  },
  {
   "type": "Feature",
   "geometry": {
    "type": "Point",
    "coordinates": [
     -76.98896,
     38.86631
    ]
   },
   "properties": {
    "id": "0e3b2c",
    "name": "Sharps & Flats DC Public Piano",
    "city": "Washington",
    "region": "District of Columbia",
    "access": "public",
    "status": "active",
    "notes": "1 sighting(s) on pianos.pub\nPublic piano at 2004 Martin Luther King Jr Ave SE, Washington, DC 20020. It is currently reported available. See its exact map, photos, 1 sighting, and…",
    "sources": [
     {
      "source": "pianos.pub",
      "ref": "mgx9z9tf8vbe"
     }
    ],
    "url": "https://openpianos.net/piano/0e3b2c",
    "created_at": "2026-08-27T15:23:29.406Z",
    "updated_at": "2026-08-27T15:23:29.406Z",
    "last_verified_at": null
   }
  },
  {
   "type": "Feature",
   "geometry": {
    "type": "Point",
    "coordinates": [
     -71.55483,
     42.1069
    ]
   },
   "properties": {
    "id": "k2tyt2",
    "name": "Inside the blessing barn store",
    "city": "Worcester County",
    "region": "Massachusetts",
    "access": "public",
    "status": "active",
    "notes": "1 sighting(s) on pianos.pub\nPublic piano at 8, Hastings Street, United States. It is currently reported available. See its exact map, photos, 1 sighting, and community reports.",
    "sources": [
     {
      "source": "pianos.pub",
      "ref": "8tq5g3fhb3h9"
     }
    ],
    "url": "https://openpianos.net/piano/k2tyt2",
    "created_at": "2026-08-27T15:23:18.266Z",
    "updated_at": "2026-08-27T15:23:18.266Z",
    "last_verified_at": null
   }
  },
  {
   "type": "Feature",
   "geometry": {
    "type": "Point",
    "coordinates": [
     16.8792,
     51.10881
    ]
   },
   "properties": {
    "id": "v7qnq1",
    "name": "Wroclaw airport",
    "city": "Wrocław",
    "region": "województwo dolnośląskie",
    "access": "public",
    "status": "active",
    "notes": "1 sighting(s) on pianos.pub\nPublic piano at 9, rondo 4 Czerwca 1989 roku, Polska. It is currently reported available. See its exact map, photos, 1 sighting, and community reports.",
    "sources": [
     {
      "source": "pianos.pub",
      "ref": "mjz56xyhbgva"
     }
    ],
    "url": "https://openpianos.net/piano/v7qnq1",
    "created_at": "2026-08-27T15:23:20.513Z",
    "updated_at": "2026-08-27T15:23:20.513Z",
    "last_verified_at": null
   }
  },
  {
   "type": "Feature",
   "geometry": {
    "type": "Point",
    "coordinates": [
     4.48326,
     50.89834
    ]
   },
   "properties": {
    "id": "d2nqbt",
    "name": "Brussels Airport Gate A piano",
    "city": "Zaventem",
    "region": "Vlaams-Brabant",
    "access": "public",
    "status": "active",
    "notes": "1 sighting(s) on pianos.pub\nPublic piano at Leopoldlaan, 1930 Zaventem. It is currently reported available. See its exact map, photos, 1 sighting, and community reports.",
    "sources": [
     {
      "source": "pianos.pub",
      "ref": "2e6enpkqbc9v"
     }
    ],
    "url": "https://openpianos.net/piano/d2nqbt",
    "created_at": "2026-08-27T15:23:27.028Z",
    "updated_at": "2026-08-27T15:23:27.028Z",
    "last_verified_at": null
   }
  },
  {
   "type": "Feature",
   "geometry": {
    "type": "Point",
    "coordinates": [
     6.09217,
     52.51179
    ]
   },
   "properties": {
    "id": "4zmvtx",
    "name": "In the hall",
    "city": "Zwolle",
    "region": "Overijssel",
    "access": "public",
    "status": "active",
    "notes": "1 sighting(s) on pianos.pub\nPublic piano at Boekenmarkt Academiehuis, 18, Nederland. It is currently reported available. See its exact map, photos, 1 sighting, and community reports.",
    "sources": [
     {
      "source": "pianos.pub",
      "ref": "sh9rmnykve75"
     }
    ],
    "url": "https://openpianos.net/piano/4zmvtx",
    "created_at": "2026-08-27T15:23:22.975Z",
    "updated_at": "2026-08-27T15:23:22.975Z",
    "last_verified_at": null
   }
  },
  {
   "type": "Feature",
   "geometry": {
    "type": "Point",
    "coordinates": [
     2.07558,
     41.28862
    ]
   },
   "properties": {
    "id": "0tamp2",
    "name": "Barcelona Airport public grand — Terminal 1",
    "city": "el Prat de Llobregat",
    "region": "Catalunya",
    "access": "public",
    "status": "active",
    "notes": "1 sighting(s) on pianos.pub\nPublic piano at Josep Tarradellas Barcelona–El Prat Airport, 08820 El Prat de Llobregat. It is currently reported available. See its exact map, photos, 1…",
    "sources": [
     {
      "source": "pianos.pub",
      "ref": "ceymw3bdywyg"
     }
    ],
    "url": "https://openpianos.net/piano/0tamp2",
    "created_at": "2026-08-27T15:23:27.028Z",
    "updated_at": "2026-08-27T15:23:27.028Z",
    "last_verified_at": null
   }
  },
  {
   "type": "Feature",
   "geometry": {
    "type": "Point",
    "coordinates": [
     2.07735,
     41.30281
    ]
   },
   "properties": {
    "id": "1zpr4h",
    "name": "Barcelona Airport public grand — Terminal 2",
    "city": "el Prat de Llobregat",
    "region": "Catalunya",
    "access": "public",
    "status": "active",
    "notes": "1 sighting(s) on pianos.pub\nPublic piano at Josep Tarradellas Barcelona–El Prat Airport, 08820 El Prat de Llobregat. It is currently reported available. See its exact map, photos, 1…",
    "sources": [
     {
      "source": "pianos.pub",
      "ref": "fcnknfev4teq"
     }
    ],
    "url": "https://openpianos.net/piano/1zpr4h",
    "created_at": "2026-08-27T15:23:29.406Z",
    "updated_at": "2026-08-27T15:23:29.406Z",
    "last_verified_at": null
   }
  },
  {
   "type": "Feature",
   "geometry": {
    "type": "Point",
    "coordinates": [
     20.64093,
     49.70716
    ]
   },
   "properties": {
    "id": "t8pshv",
    "name": "Hotel Litwiński",
    "city": "powiat nowosądecki",
    "region": "województwo małopolskie",
    "access": "public",
    "status": "active",
    "notes": "1 sighting(s) on pianos.pub\nPublic piano at Księdza Władysława Sitki, Stawy, Polska. It is currently reported available. See its exact map, photos, 1 sighting, and community reports.",
    "sources": [
     {
      "source": "pianos.pub",
      "ref": "ymb9kydab5gn"
     }
    ],
    "url": "https://openpianos.net/piano/t8pshv",
    "created_at": "2026-08-27T15:23:25.058Z",
    "updated_at": "2026-08-27T15:23:25.058Z",
    "last_verified_at": null
   }
  },
  {
   "type": "Feature",
   "geometry": {
    "type": "Point",
    "coordinates": [
     23.83337,
     38.02424
    ]
   },
   "properties": {
    "id": "bdfth6",
    "name": "Doukissis plakentias metro station.",
    "city": "Περιφερειακή Ενότητα Βορείου Τομέα Αθηνών",
    "region": "Περιφέρεια Αττικής",
    "access": "public",
    "status": "active",
    "notes": "1 sighting(s) on pianos.pub\nPublic piano at Δουκίσσης Πλακεντίας, Δήμος Χαλανδρίου, Ελλάς. It is currently reported available. See its exact map, photos, 1 sighting, and community reports.",
    "sources": [
     {
      "source": "pianos.pub",
      "ref": "as97d66eqdez"
     }
    ],
    "url": "https://openpianos.net/piano/bdfth6",
    "created_at": "2026-08-27T15:23:20.513Z",
    "updated_at": "2026-08-27T15:23:20.513Z",
    "last_verified_at": null
   }
  },
  {
   "type": "Feature",
   "geometry": {
    "type": "Point",
    "coordinates": [
     130.89192,
     34.31588
    ]
   },
   "properties": {
    "id": "wg6rpq",
    "name": "豊北生涯学習センター ストリートピアノ",
    "city": "下関市",
    "access": "public",
    "status": "active",
    "notes": "1 sighting(s) on pianos.pub\nPublic piano at 山口県下関市豊北町大字神田1199-1. It is currently reported available. See its exact map, photos, 1 sighting, and community reports.",
    "sources": [
     {
      "source": "pianos.pub",
      "ref": "jxzuy2vvefjz"
     }
    ],
    "url": "https://openpianos.net/piano/wg6rpq",
    "created_at": "2026-08-27T15:23:29.406Z",
    "updated_at": "2026-08-27T15:23:29.406Z",
    "last_verified_at": null
   }
  },
  {
   "type": "Feature",
   "geometry": {
    "type": "Point",
    "coordinates": [
     136.86715,
     35.177
    ]
   },
   "properties": {
    "id": "pb5fzm",
    "name": "Honjin Station Piano",
    "city": "名古屋市",
    "access": "public",
    "status": "active",
    "notes": "1 sighting(s) on pianos.pub\nPublic piano at Honjin Gallery, Honjin Station, Japan. It is currently reported available. See its exact map, photos, 1 sighting, and community reports.",
    "sources": [
     {
      "source": "pianos.pub",
      "ref": "3pq36uyawted"
     }
    ],
    "url": "https://openpianos.net/piano/pb5fzm",
    "created_at": "2026-08-27T15:23:27.028Z",
    "updated_at": "2026-08-27T15:23:27.028Z",
    "last_verified_at": null
   }
  },
  {
   "type": "Feature",
   "geometry": {
    "type": "Point",
    "coordinates": [
     136.88305,
     35.16986
    ]
   },
   "properties": {
    "id": "tkxp2r",
    "name": "JR Central Towers Nagoya Street Piano",
    "city": "名古屋市",
    "access": "public",
    "status": "active",
    "notes": "1 sighting(s) on pianos.pub\nPublic piano at 名駅一丁目, 椿町, 日本. It is currently reported available. See its exact map, photos, 1 sighting, and community reports.",
    "sources": [
     {
      "source": "pianos.pub",
      "ref": "6r84ubyzww6e"
     }
    ],
    "url": "https://openpianos.net/piano/tkxp2r",
    "created_at": "2026-08-27T15:23:36.130Z",
    "updated_at": "2026-08-27T15:23:36.130Z",
    "last_verified_at": null
   }
  },
  {
   "type": "Feature",
   "geometry": {
    "type": "Point",
    "coordinates": [
     136.90535,
     35.16545
    ]
   },
   "properties": {
    "id": "m4x366",
    "name": "Nadia Park Street Piano",
    "city": "名古屋市",
    "access": "public",
    "status": "active",
    "notes": "1 sighting(s) on pianos.pub\nPublic piano at 2F Atrium, Nadia Park, Japan. It is currently reported available. See its exact map, photos, 1 sighting, and community reports.",
    "sources": [
     {
      "source": "pianos.pub",
      "ref": "srs77tjyxkwj"
     }
    ],
    "url": "https://openpianos.net/piano/m4x366",
    "created_at": "2026-08-27T15:23:31.811Z",
    "updated_at": "2026-08-27T15:23:31.811Z",
    "last_verified_at": null
   }
  },
  {
   "type": "Feature",
   "geometry": {
    "type": "Point",
    "coordinates": [
     137.19319,
     36.64536
    ]
   },
   "properties": {
    "id": "x7tqx8",
    "name": "Toyama Kitokito Airport Street Piano",
    "city": "富山市",
    "access": "public",
    "status": "active",
    "notes": "1 sighting(s) on pianos.pub\nPublic piano at 秋ヶ島, 富山市, 日本. It is currently reported available. See its exact map, photos, 1 sighting, and community reports.",
    "sources": [
     {
      "source": "pianos.pub",
      "ref": "ak33x2sm37cs"
     }
    ],
    "url": "https://openpianos.net/piano/x7tqx8",
    "created_at": "2026-08-27T15:23:36.130Z",
    "updated_at": "2026-08-27T15:23:36.130Z",
    "last_verified_at": null
   }
  },
  {
   "type": "Feature",
   "geometry": {
    "type": "Point",
    "coordinates": [
     137.21159,
     36.68979
    ]
   },
   "properties": {
    "id": "2v6pa2",
    "name": "West Plaza Street Piano",
    "city": "富山市",
    "access": "public",
    "status": "active",
    "notes": "1 sighting(s) on pianos.pub\nPublic piano at West Plaza at Youtown Sogawa, 3-9-1-2 Sogawa, Japan. It is currently reported available. See its exact map, photos, 1 sighting, and community…",
    "sources": [
     {
      "source": "pianos.pub",
      "ref": "96q7p2x2kt92"
     }
    ],
    "url": "https://openpianos.net/piano/2v6pa2",
    "created_at": "2026-08-27T15:23:27.028Z",
    "updated_at": "2026-08-27T15:23:27.028Z",
    "last_verified_at": null
   }
  },
  {
   "type": "Feature",
   "geometry": {
    "type": "Point",
    "coordinates": [
     137.21327,
     36.70415
    ]
   },
   "properties": {
    "id": "3zq0ya",
    "name": "オーバード・ホール中ホール ストリートピアノ",
    "city": "富山市",
    "access": "public",
    "status": "active",
    "notes": "1 sighting(s) on pianos.pub\nPublic piano at 〒930-0858 富山県富山市牛島町9-17. It is currently reported available. See its exact map, photos, 1 sighting, and community reports.",
    "sources": [
     {
      "source": "pianos.pub",
      "ref": "4byc8j3yh97k"
     }
    ],
    "url": "https://openpianos.net/piano/3zq0ya",
    "created_at": "2026-08-27T15:23:27.028Z",
    "updated_at": "2026-08-27T15:23:27.028Z",
    "last_verified_at": null
   }
  },
  {
   "type": "Feature",
   "geometry": {
    "type": "Point",
    "coordinates": [
     137.18721,
     36.64904
    ]
   },
   "properties": {
    "id": "916ae8",
    "name": "富山きときと空港ストリートピアノ",
    "city": "富山市",
    "access": "public",
    "status": "active",
    "notes": "1 sighting(s) on pianos.pub\nPublic piano at 〒939-8252 富山県富山市秋ケ島30. It is currently reported available. See its exact map, photos, 1 sighting, and community reports.",
    "sources": [
     {
      "source": "pianos.pub",
      "ref": "ce44pk2udw97"
     }
    ],
    "url": "https://openpianos.net/piano/916ae8",
    "created_at": "2026-08-27T15:23:27.028Z",
    "updated_at": "2026-08-27T15:23:27.028Z",
    "last_verified_at": null
   }
  },
  {
   "type": "Feature",
   "geometry": {
    "type": "Point",
    "coordinates": [
     139.90764,
     35.72897
    ]
   },
   "properties": {
    "id": "xg2163",
    "name": "Machikado Piano at Musububa",
    "city": "市川市",
    "access": "public",
    "status": "active",
    "notes": "1 sighting(s) on pianos.pub\nPublic piano at 〒272-0034 千葉県市川市市川一丁目1番1号. It is currently reported available. See its exact map, photos, 1 sighting, and community reports.",
    "sources": [
     {
      "source": "pianos.pub",
      "ref": "87wtd3bdckrg"
     }
    ],
    "url": "https://openpianos.net/piano/xg2163",
    "created_at": "2026-08-27T15:23:18.266Z",
    "updated_at": "2026-08-27T15:23:18.266Z",
    "last_verified_at": null
   }
  },
  {
   "type": "Feature",
   "geometry": {
    "type": "Point",
    "coordinates": [
     144.66413,
     43.91179
    ]
   },
   "properties": {
    "id": "d231s9",
    "name": "Michi-no-Eki Shari street piano",
    "city": "斜里町",
    "access": "public",
    "status": "active",
    "notes": "1 sighting(s) on pianos.pub\nPublic piano at 〒099-4113 北海道斜里郡斜里町本町37番地. It is currently reported available. See its exact map, photos, 1 sighting, and community reports.",
    "sources": [
     {
      "source": "pianos.pub",
      "ref": "f44aquapkqsk"
     }
    ],
    "url": "https://openpianos.net/piano/d231s9",
    "created_at": "2026-08-27T15:23:20.513Z",
    "updated_at": "2026-08-27T15:23:20.513Z",
    "last_verified_at": null
   }
  },
  {
   "type": "Feature",
   "geometry": {
    "type": "Point",
    "coordinates": [
     139.69415,
     35.69072
    ]
   },
   "properties": {
    "id": "46yt3b",
    "name": "Tokyo Metropolitan Government Omoide Piano",
    "city": "新宿区",
    "access": "public",
    "status": "active",
    "notes": "1 sighting(s) on pianos.pub\nPublic piano at 西新宿, 新宿区, 日本. It is currently reported available. See its exact map, photos, 1 sighting, and community reports.",
    "sources": [
     {
      "source": "pianos.pub",
      "ref": "t2s6jcnbe6fr"
     }
    ],
    "url": "https://openpianos.net/piano/46yt3b",
    "created_at": "2026-08-27T15:23:38.111Z",
    "updated_at": "2026-08-27T15:23:38.111Z",
    "last_verified_at": null
   }
  },
  {
   "type": "Feature",
   "geometry": {
    "type": "Point",
    "coordinates": [
     130.85544,
     32.83623
    ]
   },
   "properties": {
    "id": "gen8tp",
    "name": "Aso Kumamoto Airport Street Piano",
    "city": "益城町",
    "access": "public",
    "status": "active",
    "notes": "1 sighting(s) on pianos.pub\nPublic piano at 熊本空港, 1802-2, 日本. It is currently reported available. See its exact map, photos, 1 sighting, and community reports.",
    "sources": [
     {
      "source": "pianos.pub",
      "ref": "yw2xzryhjbg8"
     }
    ],
    "url": "https://openpianos.net/piano/gen8tp",
    "created_at": "2026-08-27T15:23:38.111Z",
    "updated_at": "2026-08-27T15:23:38.111Z",
    "last_verified_at": null
   }
  },
  {
   "type": "Feature",
   "geometry": {
    "type": "Point",
    "coordinates": [
     114.0624,
     22.56812
    ]
   },
   "properties": {
    "id": "34e38t",
    "name": "Qin Xiaozhan Public Piano Room — Caitian Park",
    "city": "福田区",
    "region": "广东省",
    "access": "public",
    "status": "active",
    "notes": "1 sighting(s) on pianos.pub\nPublic piano at 彩田路, 莲花一村社区, 中国. It is currently reported available. See its exact map, photos, 1 sighting, and community reports.",
    "sources": [
     {
      "source": "pianos.pub",
      "ref": "sac22svy4cnu"
     }
    ],
    "url": "https://openpianos.net/piano/34e38t",
    "created_at": "2026-08-27T15:23:38.111Z",
    "updated_at": "2026-08-27T15:23:38.111Z",
    "last_verified_at": null
   }
  },
  {
   "type": "Feature",
   "geometry": {
    "type": "Point",
    "coordinates": [
     114.05541,
     22.52583
    ]
   },
   "properties": {
    "id": "81wtnf",
    "name": "Qin Xiaozhan Public Piano Room — Huanggang Park",
    "city": "福田区",
    "region": "广东省",
    "access": "public",
    "status": "active",
    "notes": "1 sighting(s) on pianos.pub\nPublic piano at 福民路, 吉龙二村, 中国. It is currently reported available. See its exact map, photos, 1 sighting, and community reports.",
    "sources": [
     {
      "source": "pianos.pub",
      "ref": "h5v4dme4j836"
     }
    ],
    "url": "https://openpianos.net/piano/81wtnf",
    "created_at": "2026-08-27T15:23:36.130Z",
    "updated_at": "2026-08-27T15:23:36.130Z",
    "last_verified_at": null
   }
  },
  {
   "type": "Feature",
   "geometry": {
    "type": "Point",
    "coordinates": [
     114.03484,
     22.57189
    ]
   },
   "properties": {
    "id": "nz7dym",
    "name": "Qin Xiaozhan Public Piano Room — Meilin Park",
    "city": "福田区",
    "region": "广东省",
    "access": "public",
    "status": "active",
    "notes": "1 sighting(s) on pianos.pub\nPublic piano at 梅亭路, 梅林一村, 中国. It is currently reported available. See its exact map, photos, 1 sighting, and community reports.",
    "sources": [
     {
      "source": "pianos.pub",
      "ref": "9kbdr4p32z76"
     }
    ],
    "url": "https://openpianos.net/piano/nz7dym",
    "created_at": "2026-08-27T15:23:36.130Z",
    "updated_at": "2026-08-27T15:23:36.130Z",
    "last_verified_at": null
   }
  },
  {
   "type": "Feature",
   "geometry": {
    "type": "Point",
    "coordinates": [
     114.07194,
     22.54944
    ]
   },
   "properties": {
    "id": "7bfzjt",
    "name": "Qin Xiaozhan Public Piano Room — Shenzhen Central Park",
    "city": "福田区",
    "region": "广东省",
    "access": "public",
    "status": "active",
    "notes": "1 sighting(s) on pianos.pub\nPublic piano at Shenzhen Central Park, Huaqiang North / Zhenhua West Road, China. It is currently reported available. See its exact map, photos, 1 sighting,…",
    "sources": [
     {
      "source": "pianos.pub",
      "ref": "tpnjxeg4rznk"
     }
    ],
    "url": "https://openpianos.net/piano/7bfzjt",
    "created_at": "2026-08-27T15:23:31.811Z",
    "updated_at": "2026-08-27T15:23:31.811Z",
    "last_verified_at": null
   }
  },
  {
   "type": "Feature",
   "geometry": {
    "type": "Point",
    "coordinates": [
     114.01559,
     22.54927
    ]
   },
   "properties": {
    "id": "v9hq62",
    "name": "Qin Xiaozhan Public Piano Room — Xiangmi Park",
    "city": "福田区",
    "region": "广东省",
    "access": "public",
    "status": "active",
    "notes": "1 sighting(s) on pianos.pub\nPublic piano at 福田区儿童图书馆香蜜分馆, 30, 中国. It is currently reported available. See its exact map, photos, 1 sighting, and community reports.",
    "sources": [
     {
      "source": "pianos.pub",
      "ref": "d3uhemkpqx6v"
     }
    ],
    "url": "https://openpianos.net/piano/v9hq62",
    "created_at": "2026-08-27T15:23:36.130Z",
    "updated_at": "2026-08-27T15:23:36.130Z",
    "last_verified_at": null
   }
  },
  {
   "type": "Feature",
   "geometry": {
    "type": "Point",
    "coordinates": [
     118.1117,
     39.62424
    ]
   },
   "properties": {
    "id": "h7rnyg",
    "name": "Tangshan Railway station",
    "city": "路北区",
    "region": "河北省",
    "access": "public",
    "status": "active",
    "notes": "1 sighting(s) on pianos.pub\nPublic piano at 唐山, 160, 中国. It is currently reported available. See its exact map, photos, 1 sighting, and community reports.",
    "sources": [
     {
      "source": "pianos.pub",
      "ref": "b5dage5jmvgj"
     }
    ],
    "url": "https://openpianos.net/piano/h7rnyg",
    "created_at": "2026-08-27T15:23:20.513Z",
    "updated_at": "2026-08-27T15:23:20.513Z",
    "last_verified_at": null
   }
  },
  {
   "type": "Feature",
   "geometry": {
    "type": "Point",
    "coordinates": [
     136.96363,
     35.66544
    ]
   },
   "properties": {
    "id": "0vqff1",
    "name": "Japan Man Mannaka Center Street Piano",
    "city": "郡上市",
    "access": "public",
    "status": "active",
    "notes": "1 sighting(s) on pianos.pub\nPublic piano at 373 Hall, Japan Man Mannaka Center, Japan. It is currently reported available. See its exact map, photos, 1 sighting, and community reports.",
    "sources": [
     {
      "source": "pianos.pub",
      "ref": "djhhxnq3a6wh"
     }
    ],
    "url": "https://openpianos.net/piano/0vqff1",
    "created_at": "2026-08-27T15:23:27.028Z",
    "updated_at": "2026-08-27T15:23:27.028Z",
    "last_verified_at": null
   }
  },
  {
   "type": "Feature",
   "geometry": {
    "type": "Point",
    "coordinates": [
     130.71719,
     31.80325
    ]
   },
   "properties": {
    "id": "fw8e99",
    "name": "Kagoshima Airport Piano",
    "city": "霧島市",
    "access": "public",
    "status": "active",
    "notes": "1 sighting(s) on pianos.pub\nPublic piano at 鹿児島空港, 溝辺町麓, 日本. It is currently reported available. See its exact map, photos, 1 sighting, and community reports.",
    "sources": [
     {
      "source": "pianos.pub",
      "ref": "ewub9y752ff6"
     }
    ],
    "url": "https://openpianos.net/piano/fw8e99",
    "created_at": "2026-08-27T15:23:36.130Z",
    "updated_at": "2026-08-27T15:23:36.130Z",
    "last_verified_at": null
   }
  },
  {
   "type": "Feature",
   "geometry": {
    "type": "Point",
    "coordinates": [
     138.41263,
     34.98394
    ]
   },
   "properties": {
    "id": "xybdsd",
    "name": "JR Higashi-Shizuoka Station Street Piano",
    "city": "静岡市",
    "access": "public",
    "status": "active",
    "notes": "1 sighting(s) on pianos.pub\nPublic piano at North–south free passage, JR Higashi-Shizuoka Station, Japan. It is currently reported available. See its exact map, photos, 1 sighting, and…",
    "sources": [
     {
      "source": "pianos.pub",
      "ref": "44ct7hnncdbu"
     }
    ],
    "url": "https://openpianos.net/piano/xybdsd",
    "created_at": "2026-08-27T15:23:27.028Z",
    "updated_at": "2026-08-27T15:23:27.028Z",
    "last_verified_at": null
   }
  },
  {
   "type": "Feature",
   "geometry": {
    "type": "Point",
    "coordinates": [
     138.48899,
     35.02272
    ]
   },
   "properties": {
    "id": "v1ccdb",
    "name": "JR Shimizu Station Street Piano",
    "city": "静岡市",
    "access": "public",
    "status": "active",
    "notes": "1 sighting(s) on pianos.pub\nPublic piano at East–west free passage near Minato Exit elevator, JR Shimizu Station, Japan. It is currently reported available. See its exact map, photos, 1…",
    "sources": [
     {
      "source": "pianos.pub",
      "ref": "3gqeu8hp97me"
     }
    ],
    "url": "https://openpianos.net/piano/v1ccdb",
    "created_at": "2026-08-27T15:23:27.028Z",
    "updated_at": "2026-08-27T15:23:27.028Z",
    "last_verified_at": null
   }
  },
  {
   "type": "Feature",
   "geometry": {
    "type": "Point",
    "coordinates": [
     138.40837,
     34.98405
    ]
   },
   "properties": {
    "id": "qjdp1n",
    "name": "MARK IS Shizuoka Street Piano",
    "city": "静岡市",
    "access": "public",
    "status": "active",
    "notes": "1 sighting(s) on pianos.pub\nPublic piano at MARK IS Shizuoka, 1-5-1 Yunoki, Japan. It is currently reported available. See its exact map, photos, 1 sighting, and community reports.",
    "sources": [
     {
      "source": "pianos.pub",
      "ref": "9eg2qrw2q7mf"
     }
    ],
    "url": "https://openpianos.net/piano/qjdp1n",
    "created_at": "2026-08-27T15:23:27.028Z",
    "updated_at": "2026-08-27T15:23:27.028Z",
    "last_verified_at": null
   }
  },
  {
   "type": "Feature",
   "geometry": {
    "type": "Point",
    "coordinates": [
     114.15473,
     22.28461
    ]
   },
   "properties": {
    "id": "qw9jn7",
    "name": "H6 CONET Shared Piano",
    "city": "香港 Hong Kong",
    "access": "public",
    "status": "active",
    "notes": "1 sighting(s) on pianos.pub\nPublic piano at 中環中心 The Center, 99, 中国. It is currently reported available. See its exact map, photos, 1 sighting, and community reports.",
    "sources": [
     {
      "source": "pianos.pub",
      "ref": "anyq9z4wbk3r"
     }
    ],
    "url": "https://openpianos.net/piano/qw9jn7",
    "created_at": "2026-08-27T15:23:36.130Z",
    "updated_at": "2026-08-27T15:23:36.130Z",
    "last_verified_at": null
   }
  },
  {
   "type": "Feature",
   "geometry": {
    "type": "Point",
    "coordinates": [
     114.13327,
     22.28376
    ]
   },
   "properties": {
    "id": "0mz5qx",
    "name": "HKU Public Piano",
    "city": "香港 Hong Kong",
    "access": "public",
    "status": "active",
    "notes": "1 sighting(s) on pianos.pub\nPublic piano at 薄扶林道 Pok Fu Lam Road, 石塘咀 Shek Tong Tsui, 中国. It is currently reported available. See its exact map, photos, 1 sighting, and community reports.",
    "sources": [
     {
      "source": "pianos.pub",
      "ref": "sr5634ytv9u5"
     }
    ],
    "url": "https://openpianos.net/piano/0mz5qx",
    "created_at": "2026-08-27T15:23:38.111Z",
    "updated_at": "2026-08-27T15:23:38.111Z",
    "last_verified_at": null
   }
  },
  {
   "type": "Feature",
   "geometry": {
    "type": "Point",
    "coordinates": [
     134.80474,
     34.75498
    ]
   },
   "properties": {
    "id": "qkdej3",
    "name": "高砂市文化会館 ストリートピアノ",
    "city": "高砂市",
    "access": "public",
    "status": "active",
    "notes": "1 sighting(s) on pianos.pub\nPublic piano at 〒676-0021 兵庫県高砂市高砂町朝日町1丁目2番1号. It is currently reported available. See its exact map, photos, 1 sighting, and community reports.",
    "sources": [
     {
      "source": "pianos.pub",
      "ref": "dmm2da4yhr3s"
     }
    ],
    "url": "https://openpianos.net/piano/qkdej3",
    "created_at": "2026-08-27T15:23:29.406Z",
    "updated_at": "2026-08-27T15:23:29.406Z",
    "last_verified_at": null
   }
  },
  {
   "type": "Feature",
   "geometry": {
    "type": "Point",
    "coordinates": [
     126.91794,
     37.49044
    ]
   },
   "properties": {
    "id": "9tt6m8",
    "name": "Piano Seoul — Boramae Park",
    "city": "서울특별시",
    "access": "public",
    "status": "active",
    "notes": "1 sighting(s) on pianos.pub\nPublic piano at 서울시립발달장애인복지관, 33, 대한민국. It is currently reported available. See its exact map, photos, 1 sighting, and community reports.",
    "sources": [
     {
      "source": "pianos.pub",
      "ref": "b9jftrcubwzs"
     }
    ],
    "url": "https://openpianos.net/piano/9tt6m8",
    "created_at": "2026-08-27T15:23:36.130Z",
    "updated_at": "2026-08-27T15:23:36.130Z",
    "last_verified_at": null
   }
  },
  {
   "type": "Feature",
   "geometry": {
    "type": "Point",
    "coordinates": [
     127.0613,
     37.50996
    ]
   },
   "properties": {
    "id": "aa6gm5",
    "name": "Piano Seoul — COEX Artium",
    "city": "서울특별시",
    "access": "public",
    "status": "active",
    "notes": "1 sighting(s) on pianos.pub\nPublic piano at COEX Artium, 513 Yeongdong-daero, South Korea. It is currently reported available. See its exact map, photos, 1 sighting, and community reports.",
    "sources": [
     {
      "source": "pianos.pub",
      "ref": "vr2fe98e6qg5"
     }
    ],
    "url": "https://openpianos.net/piano/aa6gm5",
    "created_at": "2026-08-27T15:23:25.058Z",
    "updated_at": "2026-08-27T15:23:25.058Z",
    "last_verified_at": null
   }
  },
  {
   "type": "Feature",
   "geometry": {
    "type": "Point",
    "coordinates": [
     127.05885,
     37.51253
    ]
   },
   "properties": {
    "id": "m91a31",
    "name": "Piano Seoul — COEX Artium",
    "city": "서울특별시",
    "access": "public",
    "status": "active",
    "notes": "1 sighting(s) on pianos.pub\nPublic piano at 르사이공 코엑스몰점, 513, 대한민국. It is currently reported available. See its exact map, photos, 1 sighting, and community reports.",
    "sources": [
     {
      "source": "pianos.pub",
      "ref": "44q9n7gu26yf"
     }
    ],
    "url": "https://openpianos.net/piano/m91a31",
    "created_at": "2026-08-27T15:23:36.130Z",
    "updated_at": "2026-08-27T15:23:36.130Z",
    "last_verified_at": null
   }
  },
  {
   "type": "Feature",
   "geometry": {
    "type": "Point",
    "coordinates": [
     127.01529,
     37.56437
    ]
   },
   "properties": {
    "id": "vjtgce",
    "name": "Piano Seoul — Chungmu Art Center",
    "city": "서울특별시",
    "access": "public",
    "status": "active",
    "notes": "1 sighting(s) on pianos.pub\nPublic piano at The 92 산들바다, 387, 대한민국. It is currently reported available. See its exact map, photos, 1 sighting, and community reports.",
    "sources": [
     {
      "source": "pianos.pub",
      "ref": "bmnpqhhkn5um"
     }
    ],
    "url": "https://openpianos.net/piano/vjtgce",
    "created_at": "2026-08-27T15:23:36.130Z",
    "updated_at": "2026-08-27T15:23:36.130Z",
    "last_verified_at": null
   }
  },
  {
   "type": "Feature",
   "geometry": {
    "type": "Point",
    "coordinates": [
     126.99446,
     37.51894
    ]
   },
   "properties": {
    "id": "neq8ef",
    "name": "Piano Seoul — Noksapyeong Station",
    "city": "서울특별시",
    "access": "public",
    "status": "active",
    "notes": "1 sighting(s) on pianos.pub\nPublic piano at 녹사평대로, 동빙고동, 대한민국. It is currently reported available. See its exact map, photos, 1 sighting, and community reports.",
    "sources": [
     {
      "source": "pianos.pub",
      "ref": "fchrm23bp22r"
     }
    ],
    "url": "https://openpianos.net/piano/neq8ef",
    "created_at": "2026-08-27T15:23:36.130Z",
    "updated_at": "2026-08-27T15:23:36.130Z",
    "last_verified_at": null
   }
  },
  {
   "type": "Feature",
   "geometry": {
    "type": "Point",
    "coordinates": [
     126.9667,
     37.5268
    ]
   },
   "properties": {
    "id": "g6fkrx",
    "name": "Piano Seoul — Seoul Arts Education Center Yongsan",
    "city": "서울특별시",
    "access": "public",
    "status": "active",
    "notes": "1 sighting(s) on pianos.pub\nPublic piano at 1F lounge, Seoul Arts Education Center Yongsan, South Korea. It is currently reported available. See its exact map, photos, 1 sighting, and…",
    "sources": [
     {
      "source": "pianos.pub",
      "ref": "bwyhrw2xjm8v"
     }
    ],
    "url": "https://openpianos.net/piano/g6fkrx",
    "created_at": "2026-08-27T15:23:27.028Z",
    "updated_at": "2026-08-27T15:23:27.028Z",
    "last_verified_at": null
   }
  },
  {
   "type": "Feature",
   "geometry": {
    "type": "Point",
    "coordinates": [
     127.08369,
     37.54919
    ]
   },
   "properties": {
    "id": "hbfh5x",
    "name": "Piano Seoul — Seoul Children's Grand Park",
    "city": "서울특별시",
    "access": "public",
    "status": "active",
    "notes": "1 sighting(s) on pianos.pub\nPublic piano at 식물원복합식당, 216, 대한민국. It is currently reported available. See its exact map, photos, 1 sighting, and community reports.",
    "sources": [
     {
      "source": "pianos.pub",
      "ref": "3nkc8vacb7vs"
     }
    ],
    "url": "https://openpianos.net/piano/hbfh5x",
    "created_at": "2026-08-27T15:23:36.130Z",
    "updated_at": "2026-08-27T15:23:36.130Z",
    "last_verified_at": null
   }
  },
  {
   "type": "Feature",
   "geometry": {
    "type": "Point",
    "coordinates": [
     127.00581,
     37.58909
    ]
   },
   "properties": {
    "id": "g83ya6",
    "name": "Piano Seoul — Seoul Theater Creation Center",
    "city": "서울특별시",
    "access": "public",
    "status": "active",
    "notes": "1 sighting(s) on pianos.pub\nPublic piano at 2F outdoor yard, Seoul Theater Creation Center, South Korea. It is currently reported available. See its exact map, photos, 1 sighting, and…",
    "sources": [
     {
      "source": "pianos.pub",
      "ref": "mwtf2g9ejvqg"
     }
    ],
    "url": "https://openpianos.net/piano/g83ya6",
    "created_at": "2026-08-27T15:23:29.406Z",
    "updated_at": "2026-08-27T15:23:29.406Z",
    "last_verified_at": null
   }
  },
  {
   "type": "Feature",
   "geometry": {
    "type": "Point",
    "coordinates": [
     -79.14045,
     37.41598
    ]
   },
   "properties": {
    "id": "1kbqt4",
    "name": "Hill City Keys",
    "access": "public",
    "status": "active",
    "notes": "type: upright",
    "sources": [
     {
      "source": "osm",
      "ref": "node/5080791075"
     }
    ],
    "url": "https://openpianos.net/piano/1kbqt4",
    "created_at": "2026-08-26T20:10:05.388Z",
    "updated_at": "2026-08-26T20:10:05.388Z",
    "last_verified_at": null
   }
  },
  {
   "type": "Feature",
   "geometry": {
    "type": "Point",
    "coordinates": [
     9.49013,
     51.31792
    ]
   },
   "properties": {
    "id": "yz5c3j",
    "name": "Klavier in Bahnhof",
    "access": "public",
    "status": "active",
    "notes": "access: yes · indoor: yes · level: 0 · type: upright",
    "sources": [
     {
      "source": "osm",
      "ref": "node/9973423572"
     }
    ],
    "url": "https://openpianos.net/piano/yz5c3j",
    "created_at": "2026-08-26T20:10:09.123Z",
    "updated_at": "2026-08-26T20:10:09.123Z",
    "last_verified_at": null
   }
  },
  {
   "type": "Feature",
   "geometry": {
    "type": "Point",
    "coordinates": [
     101.69546,
     3.14674
    ]
   },
   "properties": {
    "id": "4f9060",
    "name": "Masjid Jamek LRT People's Piano",
    "region": "Kuala Lumpur",
    "access": "public",
    "status": "active",
    "notes": "1 sighting(s) on pianos.pub\nPublic piano at 50050, Kuala Lumpur, Malaysia. It is currently reported available. See its exact map, photos, 1 sighting, and community reports.",
    "sources": [
     {
      "source": "pianos.pub",
      "ref": "9wwesgrua4mf"
     }
    ],
    "url": "https://openpianos.net/piano/4f9060",
    "created_at": "2026-08-27T15:23:36.130Z",
    "updated_at": "2026-08-27T15:23:36.130Z",
    "last_verified_at": null
   }
  },
  {
   "type": "Feature",
   "geometry": {
    "type": "Point",
    "coordinates": [
     8.44438,
     51.81958
    ]
   },
   "properties": {
    "id": "t2t17m",
    "name": "Musikzimmer",
    "access": "public",
    "status": "active",
    "notes": "access: customers",
    "sources": [
     {
      "source": "osm",
      "ref": "node/4212224494"
     }
    ],
    "url": "https://openpianos.net/piano/t2t17m",
    "created_at": "2026-08-26T20:10:03.367Z",
    "updated_at": "2026-08-26T20:10:03.367Z",
    "last_verified_at": null
   }
  },
  {
   "type": "Feature",
   "geometry": {
    "type": "Point",
    "coordinates": [
     173.28376,
     -41.27452
    ]
   },
   "properties": {
    "id": "yn4r4f",
    "name": "Nelson's Street Piano",
    "access": "public",
    "status": "active",
    "notes": "access: yes",
    "sources": [
     {
      "source": "osm",
      "ref": "node/4231716476"
     }
    ],
    "url": "https://openpianos.net/piano/yn4r4f",
    "created_at": "2026-08-26T20:10:03.367Z",
    "updated_at": "2026-08-26T20:10:03.367Z",
    "last_verified_at": null
   }
  },
  {
   "type": "Feature",
   "geometry": {
    "type": "Point",
    "coordinates": [
     -73.34256,
     45.52749
    ]
   },
   "properties": {
    "id": "myzjhp",
    "name": "Piano public",
    "access": "public",
    "status": "active",
    "sources": [
     {
      "source": "osm",
      "ref": "node/9395723402"
     }
    ],
    "url": "https://openpianos.net/piano/myzjhp",
    "created_at": "2026-08-26T20:10:07.291Z",
    "updated_at": "2026-08-26T20:10:07.291Z",
    "last_verified_at": null
   }
  },
  {
   "type": "Feature",
   "geometry": {
    "type": "Point",
    "coordinates": [
     4.76102,
     52.3111
    ]
   },
   "properties": {
    "id": "zccgns",
    "name": "Schiphol Café Flor piano",
    "region": "Noord-Holland",
    "access": "public",
    "status": "active",
    "notes": "1 sighting(s) on pianos.pub\nPublic piano at Evert van de Beekstraat 202, 1118 CP Schiphol. It is currently reported available. See its exact map, photos, 1 sighting, and community reports.",
    "sources": [
     {
      "source": "pianos.pub",
      "ref": "dryu9y7rv99t"
     }
    ],
    "url": "https://openpianos.net/piano/zccgns",
    "created_at": "2026-08-27T15:23:29.406Z",
    "updated_at": "2026-08-27T15:23:29.406Z",
    "last_verified_at": null
   }
  },
  {
   "type": "Feature",
   "geometry": {
    "type": "Point",
    "coordinates": [
     4.91858,
     52.34669
    ]
   },
   "properties": {
    "id": "qfxxgf",
    "name": "Stationspiano",
    "access": "public",
    "status": "active",
    "notes": "access: yes",
    "sources": [
     {
      "source": "osm",
      "ref": "node/6153062550"
     }
    ],
    "url": "https://openpianos.net/piano/qfxxgf",
    "created_at": "2026-08-26T20:10:05.388Z",
    "updated_at": "2026-08-26T20:10:05.388Z",
    "last_verified_at": null
   }
  },
  {
   "type": "Feature",
   "geometry": {
    "type": "Point",
    "coordinates": [
     6.09139,
     52.50492
    ]
   },
   "properties": {
    "id": "8arb13",
    "name": "Stationspiano",
    "access": "public",
    "status": "active",
    "notes": "level: -1",
    "sources": [
     {
      "source": "osm",
      "ref": "node/7059911607"
     }
    ],
    "url": "https://openpianos.net/piano/8arb13",
    "created_at": "2026-08-26T20:10:07.291Z",
    "updated_at": "2026-08-26T20:10:07.291Z",
    "last_verified_at": null
   }
  },
  {
   "type": "Feature",
   "geometry": {
    "type": "Point",
    "coordinates": [
     4.89987,
     52.37841
    ]
   },
   "properties": {
    "id": "7dnsvq",
    "name": "Stationspiano",
    "access": "public",
    "status": "active",
    "notes": "access: yes",
    "sources": [
     {
      "source": "osm",
      "ref": "node/6153062551"
     }
    ],
    "url": "https://openpianos.net/piano/7dnsvq",
    "created_at": "2026-08-26T20:10:05.388Z",
    "updated_at": "2026-08-26T20:10:05.388Z",
    "last_verified_at": null
   }
  },
  {
   "type": "Feature",
   "geometry": {
    "type": "Point",
    "coordinates": [
     5.11057,
     52.08929
    ]
   },
   "properties": {
    "id": "tvns1n",
    "name": "Stationspiano",
    "access": "public",
    "status": "active",
    "sources": [
     {
      "source": "osm",
      "ref": "node/4802490562"
     }
    ],
    "url": "https://openpianos.net/piano/tvns1n",
    "created_at": "2026-08-26T20:10:05.388Z",
    "updated_at": "2026-08-26T20:10:05.388Z",
    "last_verified_at": null
   }
  },
  {
   "type": "Feature",
   "geometry": {
    "type": "Point",
    "coordinates": [
     18.22516,
     46.06665
    ]
   },
   "properties": {
    "id": "e7n6f3",
    "name": "Zongora",
    "access": "public",
    "status": "active",
    "notes": "access: yes · level: 0",
    "sources": [
     {
      "source": "osm",
      "ref": "node/11114867973"
     }
    ],
    "url": "https://openpianos.net/piano/e7n6f3",
    "created_at": "2026-08-26T20:10:09.123Z",
    "updated_at": "2026-08-26T20:10:09.123Z",
    "last_verified_at": null
   }
  },
  {
   "type": "Feature",
   "geometry": {
    "type": "Point",
    "coordinates": [
     7.77714,
     52.21955
    ]
   },
   "properties": {
    "id": "k3z3bv",
    "name": "Zur kleinen Waldmusik",
    "access": "public",
    "status": "active",
    "notes": "access: yes",
    "sources": [
     {
      "source": "osm",
      "ref": "node/9198577335"
     }
    ],
    "url": "https://openpianos.net/piano/k3z3bv",
    "created_at": "2026-08-26T20:10:07.291Z",
    "updated_at": "2026-08-26T20:10:07.291Z",
    "last_verified_at": null
   }
  },
  {
   "type": "Feature",
   "geometry": {
    "type": "Point",
    "coordinates": [
     19.13133,
     47.78174
    ]
   },
   "properties": {
    "id": "wak26h",
    "name": "public piano",
    "access": "public",
    "status": "active",
    "notes": "access: yes",
    "sources": [
     {
      "source": "osm",
      "ref": "node/11688406880"
     }
    ],
    "url": "https://openpianos.net/piano/wak26h",
    "created_at": "2026-08-26T20:10:09.123Z",
    "updated_at": "2026-08-26T20:10:09.123Z",
    "last_verified_at": null
   }
  },
  {
   "type": "Feature",
   "geometry": {
    "type": "Point",
    "coordinates": [
     84.95388,
     56.47293
    ]
   },
   "properties": {
    "id": "spfymv",
    "name": "Уличное пианино в Городском саду",
    "access": "public",
    "status": "active",
    "notes": "hours: 24/7",
    "sources": [
     {
      "source": "osm",
      "ref": "node/8945439492"
     }
    ],
    "url": "https://openpianos.net/piano/spfymv",
    "created_at": "2026-08-26T20:10:07.291Z",
    "updated_at": "2026-08-26T20:10:07.291Z",
    "last_verified_at": null
   }
  },
  {
   "type": "Feature",
   "geometry": {
    "type": "Point",
    "coordinates": [
     39.15437,
     47.28856
    ]
   },
   "properties": {
    "id": "kknbe0",
    "name": "пианино",
    "access": "public",
    "status": "active",
    "sources": [
     {
      "source": "osm",
      "ref": "node/9792541417"
     }
    ],
    "url": "https://openpianos.net/piano/kknbe0",
    "created_at": "2026-08-26T20:10:07.291Z",
    "updated_at": "2026-08-26T20:10:07.291Z",
    "last_verified_at": null
   }
  },
  {
   "type": "Feature",
   "geometry": {
    "type": "Point",
    "coordinates": [
     135.35821,
     34.74727
    ]
   },
   "properties": {
    "id": "dhjxhk",
    "name": "アクタ西宮ストリートピアノ",
    "access": "public",
    "status": "active",
    "notes": "access: yes · level: 1",
    "sources": [
     {
      "source": "osm",
      "ref": "node/7644942014"
     }
    ],
    "url": "https://openpianos.net/piano/dhjxhk",
    "created_at": "2026-08-26T20:10:07.291Z",
    "updated_at": "2026-08-26T20:10:07.291Z",
    "last_verified_at": null
   }
  },
  {
   "type": "Feature",
   "geometry": {
    "type": "Point",
    "coordinates": [
     135.22922,
     34.63668
    ]
   },
   "properties": {
    "id": "c0p3e5",
    "name": "ストリートピアノ",
    "access": "public",
    "status": "active",
    "notes": "access: yes",
    "sources": [
     {
      "source": "osm",
      "ref": "node/7644950494"
     }
    ],
    "url": "https://openpianos.net/piano/c0p3e5",
    "created_at": "2026-08-26T20:10:07.291Z",
    "updated_at": "2026-08-26T20:10:07.291Z",
    "last_verified_at": null
   }
  },
  {
   "type": "Feature",
   "geometry": {
    "type": "Point",
    "coordinates": [
     135.19603,
     34.7065
    ]
   },
   "properties": {
    "id": "mne0cw",
    "name": "ストリートピアノ",
    "access": "public",
    "status": "active",
    "notes": "access: yes · indoor: yes · level: 0",
    "sources": [
     {
      "source": "osm",
      "ref": "node/6536320390"
     }
    ],
    "url": "https://openpianos.net/piano/mne0cw",
    "created_at": "2026-08-26T20:10:07.291Z",
    "updated_at": "2026-08-26T20:10:07.291Z",
    "last_verified_at": null
   }
  },
  {
   "type": "Feature",
   "geometry": {
    "type": "Point",
    "coordinates": [
     135.1657,
     34.65482
    ]
   },
   "properties": {
    "id": "re5kz0",
    "name": "ストリートピアノ",
    "access": "public",
    "status": "active",
    "notes": "access: yes",
    "sources": [
     {
      "source": "osm",
      "ref": "node/7644957024"
     }
    ],
    "url": "https://openpianos.net/piano/re5kz0",
    "created_at": "2026-08-26T20:10:07.291Z",
    "updated_at": "2026-08-26T20:10:07.291Z",
    "last_verified_at": null
   }
  },
  {
   "type": "Feature",
   "geometry": {
    "type": "Point",
    "coordinates": [
     135.19211,
     34.68837
    ]
   },
   "properties": {
    "id": "zchp7b",
    "name": "ストリートピアノ",
    "access": "public",
    "status": "active",
    "notes": "access: yes",
    "sources": [
     {
      "source": "osm",
      "ref": "node/7644951157"
     }
    ],
    "url": "https://openpianos.net/piano/zchp7b",
    "created_at": "2026-08-26T20:10:07.291Z",
    "updated_at": "2026-08-26T20:10:07.291Z",
    "last_verified_at": null
   }
  },
  {
   "type": "Feature",
   "geometry": {
    "type": "Point",
    "coordinates": [
     135.18492,
     34.68247
    ]
   },
   "properties": {
    "id": "ks2wt0",
    "name": "ストリートピアノ",
    "access": "public",
    "status": "active",
    "notes": "access: yes",
    "sources": [
     {
      "source": "osm",
      "ref": "node/7644944754"
     }
    ],
    "url": "https://openpianos.net/piano/ks2wt0",
    "created_at": "2026-08-26T20:10:07.291Z",
    "updated_at": "2026-08-26T20:10:07.291Z",
    "last_verified_at": null
   }
  },
  {
   "type": "Feature",
   "geometry": {
    "type": "Point",
    "coordinates": [
     135.17894,
     34.67947
    ]
   },
   "properties": {
    "id": "xfr2xj",
    "name": "ストリートピアノ",
    "access": "public",
    "status": "active",
    "notes": "access: yes",
    "sources": [
     {
      "source": "osm",
      "ref": "node/7644953189"
     }
    ],
    "url": "https://openpianos.net/piano/xfr2xj",
    "created_at": "2026-08-26T20:10:07.291Z",
    "updated_at": "2026-08-26T20:10:07.291Z",
    "last_verified_at": null
   }
  }
 ]
}